36,5,24,42,19,6,5,12,103,34,6,17,39,18,6,2,13,91,32,6,17,41,17,7,4,14,89,34,6,16,41,22,7,5,13,92,12,180,
36,5,24,42,19,6,5,11,102,33,5,18,39,17,6,2,13,91,35,6,18,38,19,6,2,12,95,40,9,18,42,24,7,6,13,108,6,196,
35,6,24,42,19,6,5,11,102,33,6,18,39,18,6,2,13,91,37,10,22,41,22,8,7,15,108,40,6,18,44,22,7,4,14,106,8,204,
35,6,24,42,18,6,5,11,102,33,6,18,39,17,5,2,12,92,38,7,14,41,20,9,4,16,98,38,6,22,45,23,9,6,15,105,7,221,
35,6,25,42,19,6,5,11,103,34,6,18,39,17,6,2,12,93,33,5,18,40,17,6,4,12,90,35,5,18,42,21,5,6,15,94,12,190,
35,6,25,43,18,6,5,12,102,33,6,18,38,17,6,2,12,92,35,6,18,39,21,6,4,13,96,36,5,16,39,18,6,4,12,94,-4,182,
35,6,25,43,18,6,5,12,102,34,6,18,39,17,6,2,12,92,37,4,17,40,20,7,4,15,97,40,5,19,41,23,8,5,14,105,17,223,
35,6,25,43,19,6,5,12,103,34,6,18,38,17,6,2,12,93,33,5,16,37,18,7,4,12,89,36,5,17,41,21,7,5,13,97,1,175,
35,6,24,43,18,5,5,12,102,34,6,18,38,18,6,2,12,93,34,5,18,40,20,6,3,13,93,39,9,18,43,24,8,6,13,107,27,207,
35,6,24,43,18,5,5,12,103,34,6,18,39,17,6,2,12,92,37,6,17,41,20,6,3,16,98,38,9,20,38,22,7,6,12,105,18,176,
35,6,24,43,18,6,5,12,102,33,6,18,39,17,6,2,12,92,35,7,17,42,20,6,5,15,96,37,6,20,42,23,7,5,13,101,5,229,
36,6,24,43,19,6,5,12,103,34,6,18,39,17,6,2,12,93,38,4,18,42,20,7,4,15,98,40,6,19,41,23,7,5,14,106,20,214,
36,6,23,43,19,6,5,12,103,34,6,18,39,17,6,2,12,93,36,5,17,38,18,7,5,15,95,39,6,21,44,23,7,4,14,108,8,234,
36,6,24,42,18,6,5,11,104,34,6,18,39,17,6,2,12,94,37,9,19,40,21,7,6,14,105,39,6,20,45,21,7,5,14,105,-5,177,
36,6,23,42,18,6,5,12,103,34,6,18,39,17,6,2,12,93,35,9,17,40,19,5,4,12,98,36,6,18,40,21,6,4,12,97,-3,195,
36,6,23,41,18,6,5,12,103,34,6,18,39,18,6,2,12,94,36,5,17,44,20,6,4,13,96,35,5,18,37,20,6,5,12,93,-1,173,
36,6,23,41,18,6,5,12,102,34,6,18,39,17,6,2,12,93,35,6,17,38,21,8,4,12,94,35,6,18,39,20,6,4,15,97,-9,201,
36,6,23,41,18,6,5,12,102,34,6,18,39,18,6,2,12,94,37,6,18,43,21,6,4,12,100,37,7,14,39,22,6,4,11,96,6,182,
36,6,23,41,18,6,5,12,102,34,6,18,39,18,6,2,12,94,37,3,17,41,20,9,5,14,97,36,7,19,42,21,7,7,16,98,33,203,
36,6,23,41,18,6,5,12,102,34,6,18,38,18,6,2,12,93,38,7,18,41,21,6,3,13,101,38,5,16,39,20,6,4,12,98,30,190,
36,6,23,41,19,6,5,12,103,34,6,17,38,18,6,2,12,93,37,5,22,42,19,7,5,13,102,39,5,17,42,21,6,4,13,101,-11,181,
36,6,23,41,18,6,5,12,102,34,6,17,39,18,6,2,12,93,36,8,22,39,20,7,3,14,104,39,7,18,40,23,7,6,13,105,5,201,
36,6,23,41,18,6,5,12,102,34,6,17,38,17,6,2,12,93,37,4,17,42,21,7,3,12,98,37,6,19,42,21,7,4,12,99,12,210,
36,6,23,41,18,6,5,12,102,34,6,17,38,18,6,2,12,93,38,8,20,40,23,7,4,13,105,41,5,18,41,22,7,5,13,106,6,244,
36,6,23,41,18,6,5,12,103,34,6,17,38,18,6,2,12,94,34,5,16,39,18,7,4,12,90,35,4,19,42,20,5,5,14,94,-5,175,
36,6,23,41,18,6,5,12,102,34,6,17,38,18,6,2,12,94,33,4,18,40,19,6,4,14,89,36,7,18,38,22,7,5,12,97,9,215,
36,6,23,41,18,6,5,12,103,34,6,17,38,18,6,2,12,94,35,4,17,39,22,8,3,13,93,33,5,18,40,18,6,4,14,90,23,177,
37,5,17,38,23,8,5,11,97,33,6,17,40,19,6,3,14,91,35,5,26,42,17,8,5,13,101,39,6,17,41,21,6,4,13,102,-5,189,
36,5,18,39,23,8,5,12,97,33,6,16,38,18,6,4,14,90,34,5,18,40,18,4,4,11,92,36,5,19,42,22,6,4,11,98,14,196,
37,5,17,40,23,7,5,12,97,33,6,16,37,19,6,4,14,90,36,6,16,40,21,6,4,13,94,35,5,17,40,18,6,4,12,94,7,179,
37,5,17,40,23,7,5,12,97,33,6,16,37,18,5,4,14,89,37,7,21,43,21,7,4,12,102,37,6,15,41,21,6,5,11,97,-15,191,
37,5,17,39,22,7,4,12,96,34,6,16,37,19,5,3,14,90,36,4,18,41,20,6,4,14,95,37,6,21,43,21,8,4,12,101,7,161,
36,5,17,39,22,7,5,12,96,33,6,16,38,18,5,3,14,89,38,8,14,40,20,9,3,16,98,38,7,23,45,23,9,6,15,106,-7,213,
36,5,17,40,22,7,5,12,96,34,6,16,38,19,5,3,13,90,34,8,17,39,18,5,4,13,95,35,7,17,38,20,7,4,12,95,3,181,
36,5,17,40,22,7,4,12,96,34,6,16,38,19,5,3,13,90,38,5,18,39,21,7,4,15,100,40,6,19,39,23,8,5,14,106,4,166,
36,5,17,41,22,7,4,12,95,34,6,15,38,19,5,3,13,90,37,4,17,41,20,9,4,15,97,36,7,20,43,21,8,6,17,100,1,205,
36,5,17,41,22,7,5,12,96,34,6,15,38,19,5,3,13,90,37,8,19,42,21,7,4,13,103,38,6,16,40,21,6,5,13,99,24,168,
36,5,16,41,22,7,5,12,96,34,6,15,38,19,5,3,13,90,35,4,24,42,17,7,5,13,100,39,5,17,41,22,6,4,13,102,2,180,
36,5,16,41,22,7,5,12,95,34,6,15,38,19,5,3,13,90,36,5,17,37,19,7,5,15,95,40,6,21,44,23,7,5,14,108,8,186,
36,5,17,41,22,7,5,12,95,33,6,16,38,19,5,3,13,90,38,6,19,44,21,6,4,12,102,38,7,14,39,22,6,4,11,98,-6,196,
36,5,16,41,22,7,5,12,95,34,6,16,38,19,5,3,13,90,37,6,18,43,18,7,4,17,99,40,8,22,42,25,9,5,14,110,-12,196,
36,5,16,41,22,7,5,12,95,34,6,16,38,19,5,3,13,90,37,5,16,43,20,6,4,13,96,35,5,18,38,21,6,5,12,95,-9,185,
36,5,16,41,22,7,5,11,95,34,6,16,39,19,5,3,13,91,36,6,18,40,19,7,3,15,97,37,8,21,39,22,7,5,12,105,11,185,
36,5,16,41,22,7,4,12,95,34,6,16,39,19,5,3,13,91,38,8,20,40,23,7,4,13,105,41,6,19,42,22,7,5,13,107,-2,180,
36,5,16,40,22,7,5,11,95,33,6,16,39,19,5,3,13,91,37,8,16,39,23,6,4,12,99,37,6,15,40,21,6,4,11,96,1,185,
36,5,16,41,21,7,5,11,95,33,6,16,38,19,5,3,13,91,38,4,17,41,20,7,4,15,99,41,6,19,41,22,8,5,13,107,12,218,
36,5,17,39,22,7,5,11,95,34,6,17,38,19,5,3,13,91,36,7,22,39,20,7,3,14,104,39,7,19,40,23,7,6,13,106,-11,217,
36,5,17,39,22,7,5,11,96,34,6,17,39,19,5,3,13,92,39,8,17,38,23,6,3,13,104,40,6,19,43,24,7,4,13,106,5,195,
36,5,17,39,22,7,5,11,96,34,6,16,38,19,5,3,14,92,36,5,16,39,23,8,4,13,94,33,5,18,39,18,7,4,14,90,-4,174,
36,5,16,39,22,7,5,11,95,34,6,16,38,19,5,3,13,92,35,6,17,37,21,7,4,12,94,35,6,18,39,20,6,4,14,96,4,186,
36,5,17,39,21,7,5,11,95,34,6,16,38,19,5,3,13,92,37,3,18,41,20,9,4,14,97,36,7,19,41,22,7,6,15,99,-12,174,
36,5,17,39,21,7,5,11,95,34,6,16,38,19,5,3,13,92,35,7,18,42,19,7,5,15,97,37,6,20,42,22,7,5,13,102,12,204,
36,5,17,40,21,7,4,11,95,34,6,16,38,19,5,3,13,92,38,8,20,40,23,7,4,13,106,41,5,18,41,22,7,5,13,106,8,194,
36,5,17,40,21,7,4,11,95,34,6,16,38,20,5,3,13,92,39,8,17,39,24,6,4,13,105,40,7,18,43,25,7,4,13,106,12,206,
36,5,17,40,22,7,4,11,96,34,6,16,38,20,5,3,13,92,36,5,19,38,23,7,5,14,98,36,7,22,40,22,7,5,14,102,-12,168,
35,6,18,42,21,7,4,13,95,33,5,18,43,18,8,3,14,90,38,6,15,40,20,10,4,15,98,37,6,25,45,23,8,6,16,107,5,205,
35,6,18,43,21,7,5,14,96,33,6,17,43,19,8,3,14,91,34,5,18,41,18,5,4,11,92,36,5,21,42,21,5,4,11,99,13,191,
35,6,18,41,22,7,5,14,97,34,6,17,41,19,8,3,14,92,34,5,17,38,19,7,5,13,91,35,5,20,39,20,6,4,14,96,5,201,
36,6,18,41,22,7,5,14,97,34,6,17,41,19,8,3,13,92,38,9,20,35,23,6,3,15,107,42,8,18,42,27,8,4,13,112,15,197,
36,6,19,42,22,7,5,13,97,34,5,17,41,20,7,3,13,92,37,5,19,40,19,7,3,16,100,40,5,20,39,23,8,5,14,107,-8,160,
35,6,18,41,22,7,5,14,96,34,5,17,41,20,7,3,13,92,38,8,19,43,22,8,4,13,104,38,6,16,40,21,5,5,14,100,-6,192,
35,6,18,41,22,7,5,13,96,34,6,17,42,19,7,3,13,92,34,5,16,39,20,7,5,13,92,35,6,19,39,20,6,5,14,97,3,165,
35,6,17,41,22,7,4,13,95,34,5,16,42,19,7,3,13,91,35,4,24,42,16,8,5,13,99,39,5,17,41,22,7,5,13,101,-4,194,
35,6,17,41,22,7,4,13,95,34,5,16,42,19,7,3,13,92,34,8,16,39,17,5,4,13,94,35,6,17,39,20,7,4,12,94,-10,224,
36,6,17,41,22,7,4,13,96,35,6,17,42,20,7,3,13,93,37,6,20,44,20,7,4,12,102,37,7,14,40,22,6,5,11,97,9,209,
36,7,17,41,22,7,4,13,96,35,6,16,42,20,7,3,13,93,37,6,17,41,20,6,3,15,98,38,9,21,38,22,8,6,12,106,7,217,
36,7,17,40,22,7,4,13,97,35,6,16,41,20,7,3,13,94,37,8,21,39,23,7,4,14,105,41,6,19,42,23,8,5,13,108,5,217,
36,7,17,41,22,7,4,13,98,35,6,16,41,20,7,3,13,94,35,7,17,39,20,6,4,13,96,35,5,17,39,18,6,4,12,94,11,193,
36,7,17,41,23,7,4,13,98,35,6,16,41,20,7,3,13,94,36,5,17,36,19,7,5,15,95,40,6,21,44,23,7,5,14,109,10,194,
36,7,18,41,23,6,4,13,98,35,6,16,41,19,7,3,13,94,34,5,18,39,19,6,3,13,93,40,9,18,43,24,8,6,13,108,3,195,
36,7,18,41,23,6,4,13,98,35,6,16,41,19,7,3,13,94,38,4,17,42,20,7,4,14,98,40,5,20,41,22,7,6,13,106,16,216,
36,7,17,41,23,6,4,13,99,35,6,16,41,20,7,3,13,94,36,5,19,38,24,7,5,14,97,35,7,22,40,21,7,5,14,100,19,217,
37,7,17,41,23,6,4,13,99,35,6,17,41,19,8,3,13,94,35,7,18,42,20,6,5,15,98,37,6,20,42,23,7,5,12,102,8,224,
37,7,18,40,23,7,4,13,100,35,6,17,41,19,8,3,14,95,37,3,17,41,20,9,5,14,97,36,7,19,42,21,7,7,16,98,-1,207,
37,7,18,40,23,7,4,14,100,36,6,17,41,20,8,3,13,95,37,9,19,40,21,7,6,14,104,38,6,21,45,20,7,5,14,104,18,236,
37,7,18,40,23,7,4,13,101,35,6,18,40,20,8,3,13,95,37,6,18,43,21,6,4,12,99,37,7,14,39,21,6,4,12,95,-5,187,
37,7,18,41,23,7,4,13,100,35,5,17,40,20,8,3,13,95,37,7,17,41,21,6,3,12,101,38,5,16,39,20,6,4,12,98,-6,188,
37,7,17,40,23,6,4,14,100,35,6,17,40,19,8,3,13,95,38,7,15,40,20,9,4,15,100,38,6,23,45,23,8,5,15,107,28,174,
37,7,18,42,23,7,4,14,100,35,5,17,40,19,8,3,13,95,37,6,18,44,19,7,4,17,99,39,7,21,42,25,9,6,13,109,8,200,
37,7,17,42,23,7,4,14,100,35,6,17,40,19,8,3,13,95,36,8,21,40,20,7,3,14,103,39,7,19,40,22,7,6,13,104,-8,200,
37,7,17,42,23,7,4,14,100,35,6,17,40,19,8,3,13,95,36,6,18,41,20,7,3,15,97,38,7,20,39,21,8,5,12,104,11,203,
37,7,17,41,23,7,4,14,100,36,6,17,40,19,8,3,13,95,39,8,17,39,24,6,4,13,104,40,7,18,43,25,7,4,13,106,25,205,
37,7,17,41,23,7,4,14,101,35,5,17,40,19,8,3,13,95,35,5,18,40,19,7,4,12,94,35,6,17,39,21,6,5,13,95,32,210,
36,4,27,39,20,9,6,13,105,39,6,19,40,22,7,3,14,104,36,6,18,37,20,6,2,12,97,40,9,18,42,24,7,6,13,108,29,183,
36,4,26,40,20,9,6,13,105,38,6,19,40,21,7,3,14,102,37,7,22,40,22,7,4,14,105,41,6,18,43,22,7,6,13,108,12,222,
37,4,26,40,21,9,6,13,105,37,6,19,39,20,7,3,14,101,38,8,20,36,23,5,3,14,106,42,8,18,42,27,8,4,13,112,-3,223,
37,4,27,39,21,9,5,13,106,38,6,19,39,21,7,3,14,102,35,8,22,39,19,8,3,15,102,39,7,17,40,22,6,6,14,104,8,220,
37,5,27,39,21,9,6,13,106,38,6,20,39,20,7,3,14,102,38,7,18,41,25,6,3,12,101,36,7,15,38,21,6,3,12,94,-10,196,
37,5,26,39,21,9,6,13,105,38,6,19,39,21,7,3,14,102,34,5,17,40,18,4,4,11,92,37,5,19,42,22,6,4,11,99,21,207,
37,5,26,38,21,9,5,13,106,37,6,19,39,20,7,3,15,101,35,6,16,40,21,5,4,13,94,35,4,17,41,18,6,4,12,93,9,197,
37,5,25,39,21,9,5,13,106,37,6,19,39,20,7,3,14,101,37,4,17,41,20,9,4,15,97,36,7,19,43,21,8,6,17,99,9,209,
37,5,26,39,21,8,5,13,106,37,5,19,39,20,7,3,14,101,34,9,16,39,18,5,4,13,95,35,6,17,39,20,7,4,12,95,1,249,
37,5,26,39,21,8,5,13,107,37,6,20,38,20,7,3,14,102,37,9,20,40,21,7,6,14,106,39,6,20,44,22,7,4,14,106,3,199,
37,5,26,40,21,8,5,13,106,37,6,20,38,20,7,3,14,102,36,5,17,36,19,7,5,16,94,40,7,21,44,22,7,5,15,108,7,241,
37,5,26,41,21,8,5,13,107,38,6,20,38,20,7,3,13,102,36,7,18,41,20,6,5,13,100,35,6,17,40,23,7,3,13,94,-5,211,
37,5,26,40,21,8,5,13,107,38,6,20,38,20,7,3,14,103,34,5,19,42,19,7,3,13,93,34,6,17,39,21,6,5,13,93,11,197,
37,5,26,41,21,8,5,13,107,38,6,19,38,20,7,3,13,102,37,3,17,41,20,9,5,14,97,36,7,18,42,21,7,7,16,98,-4,206,
37,5,26,41,21,8,5,13,107,38,6,20,38,20,7,3,13,102,38,4,17,42,20,7,4,14,98,39,5,19,41,22,7,5,14,105,30,222,
37,5,26,41,21,8,6,13,107,38,6,20,38,20,7,3,13,102,36,6,18,41,19,7,3,15,97,37,8,21,39,22,7,5,12,105,23,199,
37,5,26,41,21,8,5,13,107,37,5,20,38,20,7,3,13,102,37,6,19,43,21,6,4,12,100,37,7,14,39,22,6,4,11,97,-3,177,
37,5,25,41,21,8,6,13,107,37,5,20,38,20,7,3,13,101,36,7,18,42,20,6,5,15,98,37,6,20,42,23,7,5,12,102,24,202,
37,6,26,41,21,8,6,13,107,37,5,20,38,20,7,3,13,101,38,8,18,38,23,6,3,13,104,40,6,19,42,24,7,4,13,106,4,240,
37,6,26,42,21,8,6,13,107,37,6,19,38,20,7,3,13,101,34,5,16,38,18,7,3,12,91,37,5,17,41,21,6,5,13,98,10,198,
37,6,26,41,21,8,6,13,107,37,6,19,38,20,7,3,13,101,33,4,18,40,19,6,4,14,90,36,7,18,39,22,7,6,12,97,17,181,
37,6,25,41,21,8,6,13,107,37,6,19,38,20,7,3,13,100,37,4,18,40,21,7,4,14,97,40,6,20,42,24,7,6,14,107,-2,188,
37,6,26,41,21,8,6,13,106,37,6,19,38,20,7,3,13,100,36,5,19,39,23,7,5,14,98,36,7,22,40,22,7,5,14,103,12,200,
37,6,26,41,21,8,6,13,106,37,6,19,38,20,7,3,13,100,37,6,18,43,19,7,4,17,99,39,7,21,42,25,9,6,13,109,8,214,
37,6,25,41,21,8,6,13,107,37,6,19,38,20,7,3,14,100,35,6,16,38,21,8,4,12,94,35,6,18,38,20,6,4,14,96,9,189,
37,6,25,41,21,8,6,13,106,37,5,19,38,20,7,3,13,100,38,7,15,41,20,9,4,15,100,38,7,23,45,24,8,5,15,107,1,229,
37,6,26,41,21,8,6,13,107,37,6,19,38,20,7,3,13,100,36,6,18,40,19,7,3,15,97,38,7,20,39,21,8,5,12,104,4,220,
37,6,25,41,21,8,6,13,107,37,6,19,38,20,7,3,13,100,36,8,21,40,20,7,3,14,103,39,7,18,41,22,7,6,13,104,15,193,
37,6,25,41,21,8,6,13,107,37,6,19,38,20,7,3,14,100,34,5,16,39,18,7,4,12,90,35,4,19,42,20,5,5,14,94,-4,216,
38,7,21,42,24,6,4,13,105,37,5,20,40,17,7,4,13,100,38,4,16,40,20,9,4,16,96,36,7,20,44,21,8,6,17,100,16,190,
38,8,20,43,24,6,5,14,105,36,5,21,39,17,8,5,13,99,36,5,17,37,18,7,5,16,95,41,7,21,45,23,7,5,14,110,7,193,
38,7,20,43,24,6,5,14,105,36,5,21,39,16,8,5,13,99,36,7,18,41,20,7,5,13,98,33,5,16,39,21,6,2,13,89,-6,244,
38,7,21,42,24,6,5,13,106,36,5,22,40,17,7,5,13,100,37,5,19,41,19,7,3,16,99,40,5,19,38,23,8,5,14,105,9,219,
38,7,21,43,24,6,5,13,106,37,5,21,40,17,7,5,13,101,34,5,16,39,20,7,5,13,91,35,6,19,39,20,6,4,14,96,-3,203,
38,7,21,43,24,6,5,13,106,37,5,21,40,17,8,5,13,101,35,5,20,38,24,7,5,13,98,34,7,21,41,20,7,5,14,97,-4,202,
38,7,21,43,23,6,5,13,105,37,5,21,40,18,7,5,13,101,35,4,24,42,17,8,5,13,99,39,5,16,42,21,7,4,13,101,-6,230,
38,7,21,42,23,6,5,12,106,37,5,21,41,18,7,5,13,102,33,5,19,41,18,7,3,13,91,35,6,16,40,21,7,6,13,93,-5,215,
38,7,21,42,23,7,5,12,106,37,5,21,41,18,7,5,13,102,33,5,18,39,17,7,4,11,91,35,5,19,41,21,5,6,15,94,9,177,
38,7,21,42,23,7,5,12,105,37,5,20,41,18,7,5,13,101,38,10,21,40,22,7,6,14,107,39,6,20,44,21,7,4,14,106,15,193,
38,7,21,43,23,6,5,12,105,37,5,20,42,18,7,5,13,101,35,9,17,39,18,5,4,13,97,36,6,17,39,20,7,4,12,97,-14,222,
38,7,21,43,22,6,5,12,105,38,5,20,42,18,7,5,12,101,37,6,17,41,20,6,3,16,99,38,9,21,38,22,7,6,12,106,13,179,
38,7,20,43,22,6,5,12,104,37,5,19,42,18,7,5,13,101,38,3,17,41,20,9,5,14,97,36,7,18,42,21,7,7,16,98,2,188,
38,7,21,43,22,6,5,12,104,37,5,19,42,18,7,5,12,100,36,6,19,43,18,7,4,17,99,39,8,22,42,25,9,6,14,110,-4,220,
38,7,20,43,22,6,5,11,104,38,5,19,42,18,6,5,13,101,36,8,16,40,22,6,4,12,97,36,6,15,40,21,6,4,12,96,-4,208,
38,7,20,42,22,6,4,11,104,38,5,19,42,18,6,5,13,101,36,8,22,37,20,7,3,14,104,40,7,19,40,23,7,6,13,107,19,223,
38,7,20,42,22,6,5,11,105,37,5,19,42,18,6,5,13,101,37,4,18,41,21,6,3,12,97,37,6,19,41,21,7,5,12,100,-9,219,
38,7,20,42,23,6,4,11,105,38,5,19,42,18,6,5,12,101,34,4,17,39,19,4,4,12,91,36,5,20,40,22,6,5,11,100,15,231,
38,7,20,42,23,6,4,11,105,38,5,20,42,18,6,5,12,102,36,7,18,42,20,6,5,15,98,37,6,20,42,23,7,5,13,103,17,207,
39,7,20,42,23,7,5,11,106,38,5,19,43,18,6,5,13,101,38,7,17,42,21,6,4,13,101,38,5,16,40,20,6,4,11,98,-8,222,
39,7,20,43,23,7,5,11,106,38,5,20,42,18,7,5,13,102,39,8,18,38,23,6,3,13,105,40,6,19,43,24,7,4,13,106,2,188,
38,7,20,42,23,7,5,11,105,38,5,19,42,18,7,5,13,101,33,4,18,40,19,6,4,14,90,36,7,18,39,22,7,6,12,97,16,172,
38,7,20,43,23,7,5,11,105,38,5,19,42,18,6,5,13,101,36,5,16,39,23,8,4,13,94,33,5,18,39,18,7,4,14,90,16,170,
38,7,20,43,23,7,5,11,104,37,5,19,42,18,7,5,13,100,36,5,19,39,24,7,5,14,98,36,7,22,40,22,8,5,14,102,2,218,
38,7,20,43,23,7,5,11,105,38,5,19,42,18,6,5,13,100,38,7,15,41,20,9,4,15,99,38,7,23,45,23,8,5,15,107,19,243,
38,7,20,43,23,7,4,11,105,38,5,19,42,18,6,5,13,101,37,7,17,40,21,7,4,12,101,38,5,16,39,20,6,4,12,99,5,233,
38,7,20,43,23,7,4,11,106,38,5,19,42,18,6,5,13,101,35,6,17,39,20,6,4,12,95,35,5,16,39,19,6,4,11,94,5,223,
38,7,21,43,23,6,4,11,106,38,5,19,42,18,6,5,13,101,38,5,17,42,21,7,4,15,100,40,6,19,40,22,8,6,13,107,-3,205,
38,7,20,43,23,6,4,11,106,38,5,19,42,18,6,5,13,101,36,6,18,40,20,7,3,15,97,38,7,20,40,21,8,5,12,104,21,177,
38,7,20,43,23,6,5,12,106,38,5,18,42,18,6,5,13,101,36,8,17,39,23,6,4,12,99,37,6,16,40,21,6,4,11,96,-7,189,
38,7,27,42,23,6,4,13,111,39,6,21,43,22,6,5,12,105,34,7,16,40,16,4,4,13,93,35,6,17,38,20,7,4,11,94,17,205,
38,7,26,41,23,5,4,12,111,38,7,20,42,22,6,6,12,105,37,6,18,43,17,7,4,18,99,40,8,23,43,25,10,6,14,112,2,228,
38,7,26,40,23,5,4,12,111,38,6,21,42,22,6,6,12,105,35,4,18,40,20,6,4,14,93,36,5,22,43,21,9,4,12,101,-6,184,
38,7,25,41,22,5,4,12,110,38,6,21,42,22,6,6,12,105,35,5,17,39,20,7,5,13,93,35,6,19,39,20,6,5,14,97,18,172,
37,7,25,41,22,5,4,12,109,38,6,20,42,22,7,6,12,103,35,4,18,41,19,5,3,14,93,38,5,21,41,22,6,5,13,104,18,190,
37,7,25,42,22,5,4,13,108,38,6,19,42,22,7,6,12,102,37,8,21,41,23,7,5,14,104,40,6,18,43,22,8,6,13,106,7,219,
37,7,25,43,22,5,4,13,109,38,6,19,42,22,7,6,12,102,33,5,19,41,18,8,3,13,91,35,6,16,40,22,7,6,13,93,-9,183,
37,7,25,42,22,5,4,12,107,38,6,19,42,22,7,6,12,102,39,8,19,35,23,6,3,14,105,41,7,20,43,26,7,4,13,111,34,230,
37,7,26,42,22,5,4,13,109,37,6,19,42,21,6,6,12,102,37,6,19,42,20,7,5,13,100,34,5,17,39,22,7,3,13,92,28,232,
38,7,25,42,22,5,4,12,110,38,6,19,42,21,6,6,12,102,34,5,18,38,20,6,3,13,93,39,9,18,42,24,7,6,13,107,28,226,
38,7,25,42,23,6,4,13,110,37,6,19,42,21,6,6,12,101,35,4,24,42,17,7,5,13,100,39,5,16,41,22,6,4,13,101,5,219,
39,7,25,42,23,6,4,12,110,38,6,19,42,21,6,6,12,102,37,6,20,44,20,7,4,12,102,38,7,14,39,22,6,5,11,98,-10,204,
38,7,24,42,23,6,4,12,110,38,6,18,43,21,6,6,12,102,35,7,16,41,20,6,5,15,94,36,6,20,43,22,7,5,13,100,14,228,
39,7,24,42,23,6,4,12,110,38,6,19,43,22,6,5,12,102,35,5,16,39,20,7,4,12,93,35,6,19,39,21,6,4,14,97,19,199,
39,7,24,42,23,6,4,12,110,38,6,19,41,22,6,5,12,102,35,5,19,38,24,7,5,14,96,35,7,22,40,22,8,5,14,99,-7,219,
39,7,24,42,22,6,4,12,110,38,6,18,41,22,6,6,12,102,37,8,20,40,23,7,4,14,104,41,6,19,42,22,8,5,13,108,-5,211,
38,7,24,42,22,6,4,12,110,38,6,19,41,22,6,5,12,102,36,7,16,39,22,6,4,12,97,36,6,15,40,21,6,4,12,94,1,241,
39,7,24,42,22,6,4,12,110,38,7,19,41,22,6,5,12,103,37,3,17,41,20,9,5,14,97,36,7,18,42,21,7,7,16,98,13,227,
39,7,24,41,22,6,4,12,110,38,6,19,41,22,6,5,12,103,37,5,16,39,23,8,4,13,96,33,4,18,38,18,7,4,15,90,14,164,
39,7,24,42,22,6,4,12,110,38,6,19,41,22,7,5,12,102,35,6,17,40,20,6,3,13,95,35,5,16,39,19,6,4,12,94,10,190,
39,7,24,42,22,6,4,12,109,38,6,19,41,22,6,5,12,102,33,4,19,41,19,6,4,14,92,36,7,18,38,22,7,6,13,97,40,200,
39,7,24,42,23,6,4,12,110,37,6,19,41,22,6,5,12,101,34,5,15,38,18,7,3,12,91,37,5,18,41,21,7,5,13,98,30,232,
39,8,23,42,23,6,4,12,110,38,6,18,41,22,6,5,12,101,37,4,18,40,21,7,3,14,97,39,6,20,42,23,7,5,13,106,33,213,
39,7,24,42,23,6,4,12,111,38,6,18,40,22,6,5,12,101,37,7,17,41,21,7,3,12,101,38,5,16,39,20,6,4,12,98,3,227,
39,8,24,42,23,6,4,12,111,38,6,18,41,22,6,5,12,101,36,5,17,38,18,7,5,15,95,40,7,22,44,23,7,5,14,109,20,208,
39,8,24,42,23,6,5,12,111,37,6,18,41,21,6,5,12,101,38,5,18,43,21,7,4,15,100,40,6,19,40,22,8,6,13,107,14,194,
39,8,23,42,23,7,5,12,111,37,6,18,41,21,6,5,12,100,36,5,22,42,19,7,5,13,101,38,5,17,41,21,6,4,12,101,-7,195,
39,8,23,42,23,6,5,12,110,37,6,18,41,21,6,5,12,100,37,6,18,43,19,7,4,17,99,40,7,21,41,25,10,5,13,109,24,236,
39,8,23,42,23,7,5,12,111,37,6,18,40,21,6,5,12,100,38,7,15,41,20,8,4,15,100,38,7,23,45,24,8,5,14,107,23,245,
40,7,19,42,21,8,4,13,108,41,6,16,44,20,7,4,16,106,36,6,18,44,17,7,4,18,97,39,8,24,43,25,10,6,14,111,6,250,
40,8,20,42,22,7,4,13,110,42,6,16,44,21,7,4,16,107,36,7,18,41,21,7,5,13,99,34,5,17,39,21,6,3,13,91,-12,178,
39,8,19,42,22,7,4,13,108,41,6,16,44,20,7,4,16,106,35,4,18,41,20,6,4,14,93,36,6,21,44,21,8,4,12,101,-13,233,
40,8,19,41,23,7,4,13,108,42,6,17,44,20,7,4,16,107,34,5,16,37,17,7,4,12,90,37,5,17,42,21,8,5,13,98,17,167,
39,8,18,41,23,7,3,13,107,41,6,16,44,20,7,4,16,105,37,7,20,43,21,7,4,12,102,37,6,15,41,21,6,5,11,97,-4,194,
39,9,18,40,23,7,3,13,106,41,6,16,44,20,7,4,15,105,37,9,22,40,21,7,6,14,107,40,6,19,45,22,7,4,14,106,-25,217,
39,8,18,39,22,7,3,13,105,41,6,16,45,20,7,4,15,106,34,6,18,37,19,6,2,12,94,39,9,19,42,23,7,6,12,107,8,208,
39,9,18,40,22,7,4,13,105,41,6,16,45,20,7,4,15,105,34,5,17,40,18,5,4,13,91,36,5,20,41,22,6,5,11,99,9,227,
39,8,19,40,23,7,4,13,106,41,6,16,45,21,7,4,15,105,35,5,16,39,20,7,4,12,92,35,6,19,39,20,6,4,14,96,4,226,
39,9,19,40,22,7,4,13,107,41,6,17,44,21,7,4,15,106,33,4,18,40,18,6,4,15,90,35,6,18,38,21,7,6,13,97,-7,221,
39,9,18,40,22,7,4,13,107,41,7,17,44,21,7,4,14,106,36,5,17,38,22,8,4,13,96,33,4,18,39,18,6,4,15,89,17,159,
39,9,18,41,22,7,4,13,106,40,6,17,44,21,7,4,15,104,34,5,19,41,19,7,3,13,93,34,6,16,39,20,6,5,13,92,2,206,
39,9,18,41,23,6,4,13,106,40,6,17,44,21,7,4,14,104,34,5,18,39,18,6,4,12,92,35,4,20,42,21,5,5,14,95,15,169,
38,8,18,41,22,6,4,13,105,39,6,17,44,21,7,3,14,103,36,4,24,42,18,7,5,13,100,39,5,17,41,22,7,4,13,102,-4,218,
38,9,18,41,22,6,4,13,105,39,6,17,44,21,7,4,14,103,37,8,15,40,20,9,3,15,99,37,7,23,45,24,8,6,15,106,24,200,
39,9,18,41,22,6,4,13,105,39,6,17,44,21,7,4,14,103,38,4,17,42,20,7,4,14,98,39,5,19,41,22,7,5,14,105,-5,221,
39,9,18,41,22,6,4,13,105,39,6,17,44,21,7,4,14,103,36,5,19,38,24,7,5,14,97,35,7,22,41,21,7,5,14,100,1,203,
39,9,18,40,23,6,4,13,105,39,6,17,44,21,7,4,14,103,36,8,16,40,22,6,4,12,98,36,6,15,39,21,6,4,11,96,-6,218,
39,9,18,40,23,6,4,13,105,39,6,17,44,21,7,4,14,103,35,6,17,39,20,6,3,12,95,35,5,17,39,19,6,4,12,94,8,202,
39,9,18,40,23,6,4,13,105,39,6,17,42,21,7,4,14,103,38,8,20,40,23,7,4,13,105,41,5,18,41,22,7,5,13,106,3,223,
39,9,18,40,23,6,4,13,105,39,6,17,42,21,8,3,14,103,36,7,22,39,19,7,3,14,104,39,7,19,40,23,7,6,13,106,-19,213,
39,8,18,40,23,6,4,14,105,40,6,17,42,21,8,3,14,104,35,9,17,40,19,6,4,13,99,36,6,18,40,21,7,4,12,98,-23,199,
39,8,18,40,23,6,4,14,105,40,6,17,44,21,8,4,14,104,38,8,15,40,20,9,4,15,100,38,6,23,45,23,8,5,15,107,11,205,
39,8,18,40,23,6,4,13,105,39,6,17,44,21,8,4,14,104,37,4,18,40,21,7,4,14,97,40,6,20,43,24,7,5,13,107,8,220,
39,8,18,40,23,6,4,13,105,40,6,17,44,21,8,3,14,104,35,5,18,39,19,7,4,12,94,35,6,17,39,21,6,5,13,94,-6,206,
38,8,18,40,23,6,4,13,105,40,6,17,44,21,8,3,14,104,37,8,17,39,23,6,4,12,99,37,6,15,39,21,7,4,11,96,-8,174,
38,8,18,40,23,6,4,13,104,39,6,17,44,21,8,3,14,103,36,5,22,42,19,7,5,13,101,39,5,17,42,21,6,4,12,101,-18,214,
38,8,18,40,23,6,4,13,104,40,6,17,43,21,8,4,14,104,36,6,18,40,20,7,3,15,97,38,7,20,39,22,7,5,12,104,13,209,
38,8,18,40,23,6,4,13,104,39,6,17,43,20,8,4,14,104,37,6,18,43,19,6,4,17,99,40,7,20,42,25,9,5,13,109,8,262,
39,8,18,40,23,6,4,13,105,40,6,17,43,20,8,4,14,104,37,7,17,40,20,7,3,12,101,38,5,17,39,20,6,4,12,99,3,209,
36,9,18,43,20,7,4,15,100,33,5,17,36,18,7,3,14,89,36,5,17,40,22,6,4,15,95,36,6,23,43,21,9,4,12,102,-8,186,
37,9,17,42,20,6,4,15,101,34,5,17,37,19,7,3,13,92,39,5,17,40,24,8,4,13,101,33,4,18,37,18,6,3,15,91,8,164,
36,9,17,42,20,6,4,15,100,33,5,17,37,18,7,3,13,91,37,10,22,40,22,7,6,14,107,40,6,19,44,22,7,4,14,106,9,215,
37,9,17,44,20,6,4,15,101,34,5,17,37,19,7,3,13,91,38,8,14,40,20,9,3,16,99,38,7,23,45,23,9,6,15,106,20,200,
37,9,17,44,20,7,4,15,101,34,5,17,37,19,7,3,13,91,32,5,18,40,17,7,4,12,90,35,5,19,42,21,5,6,15,94,10,184,
37,9,17,43,21,6,4,15,101,34,5,17,37,18,7,3,13,91,37,8,21,41,23,7,5,14,104,40,6,19,43,22,8,6,13,107,15,205,
37,9,17,43,21,6,4,15,101,34,5,17,37,18,7,3,13,91,36,4,18,41,20,6,3,13,95,36,6,20,43,22,8,5,12,101,1,197,
37,9,17,43,21,6,4,15,101,34,5,17,38,18,7,3,13,91,37,4,18,39,21,7,4,15,99,39,5,19,40,23,8,5,14,105,40,184,
37,9,17,44,21,6,4,15,102,34,5,17,38,18,7,3,13,91,33,5,16,37,18,7,4,12,88,37,5,17,41,22,7,5,13,97,-7,199,
37,9,18,44,21,6,4,15,101,34,5,17,38,18,7,3,13,91,34,5,18,40,20,6,3,13,93,39,9,18,43,24,8,6,12,108,16,190,
37,9,18,45,21,6,4,15,101,34,5,17,38,18,7,3,13,91,37,7,19,41,20,6,5,13,100,35,6,18,41,22,7,3,12,94,-4,204,
37,9,17,44,21,6,4,15,101,34,5,17,38,18,7,3,13,91,36,6,17,41,19,6,3,16,97,37,9,20,38,22,7,6,12,105,16,186,
37,9,18,44,21,6,4,15,101,34,5,17,38,18,7,3,13,91,34,5,19,41,19,7,3,13,94,35,6,17,39,21,6,5,13,94,-6,192,
37,9,18,44,21,6,4,15,101,34,5,17,38,18,7,3,13,91,37,6,19,44,21,7,4,12,102,37,7,14,40,22,6,4,11,97,14,164,
37,9,17,45,21,6,4,15,101,34,5,17,38,18,7,3,12,91,36,5,17,37,19,7,5,15,95,39,6,21,44,23,7,4,14,108,25,177,
37,9,17,45,21,6,4,15,101,34,5,17,38,18,7,3,12,90,38,4,17,42,20,7,4,15,98,41,6,19,41,23,7,5,14,107,-6,216,
37,8,17,44,21,6,4,15,101,34,5,17,38,18,7,3,13,91,36,5,23,42,18,7,5,13,101,39,6,17,41,22,6,4,12,102,23,199,
37,9,17,45,21,6,4,14,101,34,5,17,39,18,7,3,13,91,33,4,19,40,19,6,4,14,92,36,7,17,39,22,7,6,13,97,14,186,
37,9,17,45,21,6,4,14,101,34,5,17,39,18,7,3,13,91,37,9,19,40,21,7,6,14,104,39,6,20,45,21,7,5,14,105,6,226,
37,9,18,45,21,6,4,14,101,34,5,18,39,18,7,3,12,91,36,5,17,44,20,6,4,13,96,35,4,18,38,21,6,5,12,94,-8,170,
37,8,18,44,20,6,4,14,101,34,5,17,39,18,7,3,13,91,35,6,17,38,21,8,4,12,95,35,6,19,39,20,6,4,14,97,-4,174,
37,8,17,43,20,6,4,14,100,34,5,17,39,18,7,3,12,91,37,8,22,39,20,7,3,14,104,39,7,18,40,23,7,6,13,105,3,167,
36,8,17,44,20,6,4,15,100,33,5,17,39,18,7,3,12,91,34,4,17,40,20,5,4,12,91,37,5,20,41,22,6,5,11,101,10,180,
36,9,17,43,20,6,4,14,100,33,5,17,39,18,7,3,13,91,33,4,18,40,19,6,4,14,90,36,7,18,38,22,7,6,12,97,12,166,
36,9,17,43,20,6,4,14,99,33,5,17,39,18,7,3,13,90,34,5,16,39,18,7,4,12,91,35,5,18,42,21,5,5,14,95,6,150,
36,8,17,43,20,6,4,15,99,33,5,17,39,18,7,3,13,90,36,5,17,44,21,6,4,13,96,35,4,17,37,20,6,5,12,92,-3,201,
36,8,17,44,20,6,4,14,99,33,5,17,38,18,7,3,13,90,35,7,18,41,19,7,5,15,97,37,6,20,42,22,7,5,13,102,18,166,
39,7,21,41,19,7,6,14,108,39,6,21,40,20,7,3,13,107,38,5,17,40,24,8,4,13,100,33,4,18,37,18,6,3,15,89,-2,234,
40,7,21,40,19,7,6,14,108,40,6,21,40,20,7,2,13,108,36,7,18,41,21,7,4,13,98,33,5,17,38,21,6,2,13,90,-22,204,
39,7,20,40,20,7,6,14,107,40,6,20,40,20,7,3,14,108,35,5,26,42,17,8,5,13,101,38,5,17,40,21,6,4,14,100,14,210,
39,7,20,40,20,7,6,14,107,40,6,20,41,20,7,3,14,107,37,4,18,44,20,7,4,14,97,35,5,19,39,22,7,5,13,96,8,198,
39,8,19,40,21,7,6,14,107,40,6,19,42,19,8,3,14,106,34,7,16,40,20,6,6,15,92,35,5,21,44,22,8,6,13,98,6,190,
39,8,20,40,20,7,6,14,106,40,6,19,42,19,8,3,14,105,37,8,19,44,21,7,4,13,104,38,6,16,39,21,6,5,13,99,13,243,
40,8,20,40,21,7,6,14,108,40,6,19,42,19,7,3,14,106,37,4,18,40,20,6,4,14,97,40,5,21,43,23,7,5,14,108,-10,176,
39,8,19,41,20,7,6,14,106,40,6,18,42,19,8,4,15,105,38,8,19,35,22,5,3,14,105,41,7,21,42,26,7,4,13,112,-8,250,
39,8,19,41,20,7,6,13,107,40,6,19,43,19,7,4,14,106,35,5,16,36,19,7,5,16,94,40,6,21,44,22,7,5,15,108,9,221,
39,8,19,41,21,7,6,13,107,40,6,19,43,19,8,4,15,106,37,7,18,41,20,6,5,13,100,35,6,17,40,22,7,3,13,94,5,181,
39,8,20,41,21,7,6,13,107,39,6,19,43,19,7,4,15,105,33,5,16,37,18,7,4,12,89,36,5,17,41,21,6,5,13,97,18,230,
39,8,20,40,21,7,6,13,107,39,6,19,42,19,7,3,15,105,35,7,16,39,22,6,3,12,95,36,6,15,40,21,6,3,12,94,-16,210,
39,8,20,40,21,7,6,13,107,40,6,19,43,19,7,3,15,106,36,4,18,41,21,6,3,13,96,36,6,20,42,21,7,5,12,100,14,220,
39,8,20,40,21,7,6,13,107,40,6,19,42,19,7,3,14,106,36,6,17,41,19,7,3,16,96,37,9,20,40,22,7,6,12,105,-8,224,
39,8,20,40,21,7,6,13,107,40,6,19,42,20,7,3,14,106,37,6,19,44,21,6,4,12,101,37,7,14,39,22,6,4,11,97,-17,209,
39,8,20,40,21,7,5,13,107,40,6,19,42,20,7,3,14,106,35,6,17,40,20,6,3,13,96,35,5,16,39,19,6,4,12,94,12,192,
39,8,20,40,21,7,6,13,107,40,6,18,42,20,7,3,14,106,34,5,17,39,18,7,4,12,91,35,5,19,42,21,5,6,14,95,6,222,
39,8,20,40,21,7,5,13,107,40,7,18,42,20,7,3,14,106,34,5,18,40,19,7,3,12,93,35,6,17,39,21,6,5,13,94,19,195,
39,8,20,40,21,7,5,13,107,39,6,18,42,20,7,3,14,105,34,5,18,40,19,6,3,13,93,39,9,19,43,24,7,6,13,107,-4,234,
39,8,20,40,21,7,5,13,107,40,7,18,42,20,7,3,14,106,36,5,19,38,24,7,5,14,98,35,7,22,40,21,7,5,14,101,22,240,
39,8,20,40,21,7,5,13,108,40,7,19,41,20,7,3,14,106,35,7,19,42,19,7,5,15,97,38,6,20,43,23,7,5,13,103,-13,199,
39,8,20,40,21,7,5,13,107,40,6,19,41,20,7,3,14,106,37,3,17,41,20,9,5,14,97,36,7,19,42,21,7,7,16,99,21,219,
39,8,20,40,21,7,5,13,108,39,6,19,41,20,7,3,14,105,36,5,16,39,23,8,4,13,94,33,5,18,39,18,7,4,14,90,-10,182,
39,8,20,40,21,7,5,13,107,39,6,19,41,20,7,3,14,105,35,9,17,40,19,6,4,13,99,36,6,18,39,21,7,4,12,97,-12,210,
39,8,20,40,21,7,5,13,107,39,6,19,42,20,7,3,14,105,34,5,16,39,18,7,4,12,90,35,5,19,43,21,5,6,15,95,-6,198,
39,8,20,40,21,7,5,13,107,39,6,19,42,20,7,3,14,105,35,9,17,42,19,6,4,13,99,36,6,18,39,21,7,4,12,97,7,219,
38,8,20,40,21,7,5,13,107,39,7,19,42,20,7,3,14,105,34,4,16,40,20,5,4,12,91,37,5,20,41,22,6,5,11,100,4,236,
39,8,20,40,21,7,5,13,107,39,7,19,42,20,7,3,14,105,34,5,18,38,19,6,3,13,94,40,8,18,43,23,7,6,13,107,16,230,
39,8,21,40,21,7,5,13,107,39,7,19,42,20,7,3,14,105,37,4,17,40,21,7,4,14,97,40,6,20,43,24,7,6,13,107,13,249,
39,8,21,39,21,7,5,13,108,39,6,19,42,19,7,3,14,106,36,5,17,43,21,6,4,13,97,35,4,17,37,20,6,5,12,92,-13,193,
38,6,17,38,21,6,4,12,102,39,6,19,42,24,7,5,13,104,37,6,16,41,22,5,5,12,97,35,4,18,41,17,6,5,12,93,23,183,
38,6,18,38,22,6,4,12,102,38,6,18,40,23,7,4,13,102,35,5,19,41,19,7,3,15,96,37,9,23,40,23,8,7,12,107,-21,197,
38,6,18,38,22,6,4,12,101,38,7,17,41,24,7,4,14,102,32,5,18,41,17,7,3,13,89,34,6,17,41,21,7,5,13,92,3,219,
38,6,17,38,22,6,4,13,101,38,6,18,41,23,7,4,14,102,37,4,17,44,20,8,4,15,96,36,5,18,39,22,7,6,14,96,-3,187,
38,6,17,38,22,6,4,12,101,38,6,18,42,23,7,4,14,102,38,5,17,40,23,8,4,13,99,33,5,18,38,18,6,4,15,90,12,196,
38,6,17,37,22,6,4,12,101,38,6,18,41,22,7,4,14,101,35,4,18,41,20,6,3,13,94,36,6,20,43,21,8,5,12,100,3,221,
38,6,17,38,22,6,4,12,101,38,6,18,41,23,7,3,14,102,37,4,17,41,20,9,4,15,96,36,7,20,43,21,8,7,17,100,-8,206,
38,6,17,38,22,6,4,12,101,38,6,18,41,23,7,4,14,102,37,4,17,41,20,7,5,14,96,39,6,20,43,22,7,5,14,106,4,216,
38,6,17,37,22,6,4,12,102,38,6,18,41,23,7,3,14,102,36,7,16,40,23,6,3,12,97,36,6,15,40,21,6,3,12,95,14,192,
38,6,17,37,22,6,4,12,102,38,6,18,40,23,7,3,14,101,39,8,20,37,23,5,3,14,106,41,7,20,42,26,7,4,13,110,1,149,
38,6,17,37,22,6,4,12,100,38,6,17,40,23,7,3,14,100,35,8,23,38,19,8,3,15,103,39,7,19,40,22,7,6,14,107,-9,209,
38,6,17,37,21,6,4,12,100,38,6,17,41,23,6,3,14,101,33,5,19,41,19,6,4,15,91,36,7,18,39,22,7,6,13,98,-10,184,
38,6,17,37,22,6,4,12,100,38,6,17,41,23,6,3,14,100,34,4,17,39,19,4,4,12,91,37,6,20,40,22,6,5,11,101,10,174,
38,6,17,37,21,6,4,11,99,38,6,17,41,23,6,3,14,100,37,7,18,42,21,7,3,12,101,38,5,16,40,21,6,5,12,99,-11,189,
38,6,17,37,21,6,4,11,99,37,6,17,41,23,6,3,14,100,37,7,19,41,20,7,5,13,100,35,6,18,41,22,7,3,12,95,-14,198,
37,6,17,37,21,6,4,11,99,37,6,17,41,23,6,3,14,100,35,6,16,38,21,7,5,12,94,35,6,19,40,20,6,4,14,98,-5,205,
37,6,17,37,21,7,4,11,99,37,6,18,40,23,6,3,14,100,35,6,18,40,20,6,4,12,96,36,5,16,39,19,6,4,12,94,-15,173,
37,6,17,36,21,7,4,11,98,37,6,18,40,23,6,3,14,100,35,7,18,42,20,6,5,15,97,37,6,20,41,23,7,5,12,102,6,224,
37,6,17,36,21,7,4,11,99,38,6,17,40,23,6,3,14,100,37,8,20,40,23,7,4,13,105,41,5,19,42,22,7,5,13,107,-8,208,
38,6,17,37,21,7,4,11,99,38,6,18,41,23,6,3,14,100,36,5,19,39,24,7,5,14,97,35,7,22,40,21,7,5,14,100,4,236,
38,6,17,37,21,7,4,11,99,38,6,18,41,24,6,3,14,101,37,6,19,44,18,7,4,17,99,39,8,22,42,24,9,5,14,109,-11,221,
38,6,17,37,21,7,4,11,99,38,6,18,40,24,6,3,14,101,36,5,17,38,18,7,5,15,95,39,6,22,44,22,7,4,14,108,11,215,
38,6,17,37,22,7,4,11,100,38,6,18,40,24,6,3,14,101,37,4,18,40,21,7,4,14,97,40,6,20,42,23,7,6,14,107,14,200,
38,6,17,37,22,7,4,11,100,38,6,18,40,23,6,3,14,101,37,9,20,40,21,7,6,13,105,39,6,21,45,21,7,5,14,105,4,194,
38,6,17,37,22,7,4,11,100,38,6,18,40,23,6,3,14,101,37,6,19,42,20,6,5,13,100,35,6,18,40,22,7,3,12,95,-6,194,
38,6,17,37,22,7,4,11,100,37,6,18,39,23,6,3,14,101,35,6,19,41,19,7,5,15,97,37,6,20,42,22,7,5,12,102,12,188,
38,6,17,38,22,7,4,11,100,37,6,18,39,23,6,3,14,100,36,5,17,44,20,6,4,13,96,34,4,18,37,20,6,5,12,92,-5,197,
38,6,17,38,22,7,4,11,100,37,6,18,39,23,6,3,14,100,35,4,17,40,20,5,4,12,92,37,5,20,41,22,6,5,11,101,7,225,
38,5,17,38,22,7,4,11,100,37,6,18,39,24,6,4,14,101,34,5,16,39,18,7,4,12,90,35,5,19,42,20,5,5,14,94,10,210,
38,5,17,38,22,7,4,11,100,38,6,18,39,23,6,3,14,101,35,5,18,38,19,6,3,13,94,40,8,18,42,23,7,6,12,107,-9,211,
39,6,18,43,23,8,7,15,103,35,7,18,40,18,8,6,17,96,34,8,17,39,21,6,6,15,95,34,5,23,44,21,7,6,13,98,19,165,
38,6,17,43,24,8,7,15,102,35,6,18,40,17,8,6,16,94,36,6,18,42,20,7,3,15,97,37,8,22,39,23,8,7,12,106,-1,199,
38,6,17,42,23,8,7,15,102,35,7,18,40,17,8,6,16,95,36,4,18,40,21,6,4,14,95,36,5,23,43,20,9,4,13,101,45,197,
39,6,17,42,24,8,7,15,103,34,6,18,39,17,8,5,16,93,33,5,18,39,17,7,4,12,91,35,5,18,43,21,5,5,15,94,13,167,
39,6,17,42,24,8,7,15,102,34,6,18,40,17,8,6,16,92,34,5,18,40,18,5,4,12,92,37,5,19,41,22,6,4,11,100,9,171,
38,6,17,42,23,8,7,14,101,33,6,18,40,17,7,5,16,92,35,6,18,37,19,6,2,12,94,39,9,18,42,23,7,6,12,106,9,191,
38,6,18,42,23,8,7,14,101,33,6,18,40,17,7,5,16,92,37,5,19,41,19,7,3,16,99,40,5,19,39,23,8,5,14,106,20,202,
38,6,18,42,23,8,7,14,102,33,6,18,40,17,7,5,16,91,38,5,17,38,23,8,4,13,98,33,5,18,38,18,6,3,15,90,11,169,
38,6,18,42,23,8,7,15,101,33,6,18,39,17,7,5,15,91,34,5,16,37,18,7,4,12,89,37,6,18,40,21,7,5,13,98,13,177,
38,6,18,42,23,8,7,14,101,33,6,17,39,17,7,5,15,90,37,7,18,42,20,7,5,13,100,35,6,17,40,22,7,3,13,94,3,195,
38,6,18,42,23,7,7,14,101,33,6,17,38,17,7,5,15,91,33,5,18,40,19,6,4,16,90,36,7,18,38,22,7,6,13,98,-1,165,
37,6,18,42,22,7,7,14,100,33,6,17,39,17,7,5,15,90,36,7,16,39,23,6,3,12,97,36,6,15,40,21,6,3,12,95,5,159,
37,6,18,43,22,7,7,14,99,33,6,17,39,17,7,6,15,90,34,5,18,38,20,6,3,13,93,40,9,18,43,24,8,6,13,108,13,171,
37,6,18,42,22,7,7,14,99,32,6,17,39,17,7,6,15,89,34,5,18,39,18,7,5,11,91,34,5,19,41,21,5,5,14,94,9,175,
37,6,18,43,22,7,7,14,98,33,6,17,39,17,7,5,15,89,35,9,17,40,19,5,4,12,99,36,6,18,40,20,6,4,12,97,9,189,
37,6,18,44,22,7,7,14,98,33,6,17,39,17,7,5,15,89,35,7,17,41,20,6,5,15,95,37,6,20,43,23,7,5,13,101,21,199,
37,6,18,44,22,7,7,13,99,33,6,17,39,17,7,6,14,89,33,5,19,41,19,6,4,14,92,36,7,17,39,22,7,6,13,97,12,200,
37,6,18,43,22,7,7,13,99,33,5,17,39,17,7,6,14,89,37,7,18,42,21,7,3,12,101,37,5,16,39,20,6,4,12,97,10,208,
37,6,18,43,22,7,7,13,99,33,5,17,38,17,7,5,14,89,37,6,19,42,20,6,5,13,100,35,6,18,41,22,7,3,12,94,4,182,
37,6,18,44,22,7,6,13,99,33,5,17,38,17,7,5,14,89,34,5,18,39,19,7,3,12,93,35,6,16,39,21,6,5,13,94,8,162,
37,6,18,44,22,7,6,13,99,33,5,17,38,16,7,6,14,89,35,6,17,40,20,6,4,13,95,35,5,16,39,19,6,4,12,94,18,170,
37,6,18,44,22,7,6,13,99,32,5,17,38,17,7,6,14,89,36,5,19,39,24,7,5,14,98,36,7,22,40,22,8,5,14,102,18,218,
37,6,18,44,23,7,6,13,99,32,5,17,38,17,7,5,14,89,36,5,17,38,18,7,5,14,95,40,6,21,44,23,7,5,14,108,19,177,
37,6,18,44,23,7,6,13,99,32,5,17,38,16,7,6,14,89,38,4,17,42,21,7,4,15,100,41,5,19,40,22,8,5,14,107,40,224,
37,6,18,43,23,7,6,13,100,32,5,17,38,16,7,6,14,89,37,3,17,41,20,9,4,14,97,36,7,19,41,22,7,6,15,99,3,195,
37,6,18,43,23,7,6,13,100,32,5,17,38,17,7,6,14,89,38,4,17,41,21,7,3,12,98,37,6,19,42,21,7,4,12,100,-12,182,
37,6,18,43,23,7,6,13,100,33,5,17,38,17,7,6,14,89,37,4,17,40,21,7,4,14,97,40,6,20,43,24,7,6,13,107,7,219,
37,6,18,43,23,7,6,13,100,33,5,17,38,17,7,6,14,89,39,8,17,38,24,6,4,13,105,40,7,19,43,25,7,4,13,107,3,191,
37,6,18,43,23,7,6,13,100,33,5,17,38,17,7,6,14,90,36,4,17,39,22,8,3,13,94,33,5,18,40,18,6,4,14,90,16,178,
37,6,18,43,23,7,6,13,100,33,5,17,38,17,7,6,14,89,35,4,17,39,20,5,4,12,92,38,5,20,40,22,6,5,11,101,5,189,
38,8,21,39,24,9,5,13,108,38,6,15,39,20,7,4,15,98,38,7,14,40,21,10,4,15,98,37,6,25,44,23,9,7,16,107,17,205,
39,9,21,39,25,9,5,12,108,38,6,14,40,20,7,3,16,98,37,6,16,41,22,5,5,12,98,34,4,18,42,17,5,5,12,92,16,200,
39,9,20,39,24,9,5,12,108,38,6,14,40,20,7,3,15,98,34,5,18,37,19,7,4,12,94,35,5,20,39,20,6,4,15,97,17,173,
38,9,20,40,24,9,5,13,107,38,6,13,40,20,7,4,15,96,33,5,19,41,18,7,4,12,92,35,5,20,43,21,5,5,15,96,2,182,
38,8,20,39,24,8,5,13,106,37,6,13,41,19,7,4,15,96,37,4,16,40,19,10,5,16,95,36,8,20,44,21,8,6,17,100,6,218,
39,8,20,39,24,8,5,13,107,38,6,13,41,20,7,4,15,96,38,8,20,36,23,5,3,15,106,41,8,20,41,26,8,4,13,111,8,228,
39,8,20,40,24,8,5,13,107,38,6,13,40,20,7,4,15,97,35,8,22,39,19,8,3,15,102,39,7,17,40,21,7,6,14,104,6,212,
39,9,20,40,24,8,5,13,107,38,6,14,40,20,7,4,15,97,36,5,18,35,18,7,5,16,96,41,7,22,45,23,7,5,15,112,14,174,
39,9,19,40,25,8,5,13,107,38,6,14,41,20,7,4,15,96,37,7,21,43,21,7,4,12,103,37,6,15,41,21,6,5,11,97,15,179,
39,9,19,40,24,8,5,12,106,37,6,14,41,20,6,4,15,96,35,4,25,42,17,8,5,13,101,38,6,17,41,21,6,5,13,100,27,175,
39,8,18,41,24,8,5,12,106,37,6,14,41,19,6,4,15,95,36,6,18,43,18,7,4,17,99,39,8,22,42,25,9,6,14,111,3,185,
38,8,19,41,24,8,5,13,105,37,6,14,42,19,7,4,15,94,37,8,16,40,24,6,4,12,100,36,7,15,39,21,6,3,12,95,12,190,
38,8,19,41,24,8,5,13,105,37,6,13,41,19,6,4,14,94,35,8,23,38,18,7,3,15,103,40,7,18,40,22,7,6,14,106,13,207,
38,8,19,41,24,8,5,13,105,37,6,14,41,19,7,4,14,94,38,5,18,39,21,7,4,15,99,40,5,19,40,23,8,5,14,105,9,199,
38,8,19,42,24,8,5,13,105,37,6,14,41,19,7,4,14,94,37,10,20,40,21,7,6,14,106,39,6,20,44,21,7,4,14,106,9,193,
38,8,19,43,24,8,5,13,105,37,6,14,41,19,7,4,14,94,37,8,21,39,23,7,4,14,105,41,6,19,42,23,7,5,13,108,13,203,
38,8,19,42,24,8,5,13,105,37,6,14,41,19,7,4,14,94,36,5,23,42,18,7,5,13,101,39,5,16,41,22,6,4,13,102,4,214,
38,8,19,41,24,8,5,13,105,37,6,14,42,19,7,4,14,95,34,4,17,39,19,4,4,12,90,36,5,20,40,22,6,5,11,100,10,202,
38,8,20,41,24,8,5,13,105,37,6,14,41,19,7,4,14,95,38,3,17,41,20,9,5,14,97,36,7,19,42,21,7,6,16,98,7,183,
38,8,20,41,24,8,5,13,105,37,6,14,42,19,7,4,14,94,37,6,19,42,20,6,5,13,100,34,6,18,41,22,7,3,12,94,30,220,
38,8,20,41,24,8,5,13,105,37,6,14,41,19,7,4,14,94,37,6,19,43,20,6,4,12,100,37,7,14,39,22,6,4,12,96,-16,182,
38,8,19,41,24,8,5,13,105,37,6,14,41,19,7,4,14,94,34,5,16,38,18,7,3,12,90,36,5,17,41,21,6,5,13,97,7,215,
38,8,19,41,23,8,5,13,105,37,6,14,42,19,7,4,14,95,38,4,17,41,20,7,4,15,99,41,5,19,41,22,8,5,13,107,5,211,
38,8,19,41,23,8,5,13,105,37,6,14,42,20,7,4,14,95,33,4,18,40,19,6,4,14,90,36,7,18,39,22,7,6,12,97,11,207,
38,8,19,41,23,8,5,13,105,37,6,14,42,20,7,4,14,95,38,7,15,40,20,9,4,15,100,38,7,23,45,23,8,5,15,107,15,207,
38,8,19,41,24,7,5,13,105,37,6,14,42,20,7,4,14,95,35,6,16,38,21,7,4,12,94,35,6,18,39,20,6,4,14,96,-8,192,
38,8,19,41,23,8,5,12,105,37,6,14,41,19,7,4,14,95,36,4,17,39,22,8,3,13,94,33,5,18,39,18,7,5,14,90,-10,204,
38,8,19,41,23,7,5,12,105,37,6,14,41,20,7,4,14,95,39,8,17,38,24,6,3,13,105,40,7,19,43,25,7,4,13,107,17,211,
38,9,18,41,23,7,5,13,105,37,6,14,41,20,7,4,14,96,38,4,17,42,21,7,4,15,100,40,6,19,40,22,8,6,13,107,32,216,
38,9,18,41,23,7,5,13,105,37,6,14,41,20,7,4,13,95,36,5,19,39,23,7,5,14,97,36,7,22,40,22,7,5,14,102,9,213,
32,5,21,44,17,6,5,13,91,32,7,17,38,17,6,4,15,89,37,8,23,41,23,7,4,14,106,42,6,18,43,22,7,6,13,109,6,188,
32,5,20,44,17,6,5,13,91,32,7,17,38,17,6,4,15,89,36,5,20,38,24,7,4,13,97,34,6,21,43,20,7,4,15,97,-9,181,
32,5,20,43,17,6,5,13,91,32,7,17,38,18,6,4,14,90,35,6,16,40,21,5,4,13,94,36,5,17,41,18,6,4,12,94,-15,175,
32,5,20,43,17,6,5,13,90,33,6,17,40,18,6,4,14,90,38,7,17,41,25,6,3,12,101,36,7,15,38,21,6,3,12,94,12,186,
32,5,20,42,18,6,5,13,91,32,7,17,38,18,7,4,14,90,36,7,19,42,20,7,5,13,100,33,5,17,39,22,7,2,13,91,-6,196,
33,5,20,44,18,6,5,14,91,33,6,18,40,18,7,4,14,90,37,8,19,43,21,7,4,13,104,39,6,16,40,22,6,5,13,100,-7,175,
32,5,19,44,17,6,5,13,90,33,6,17,40,18,7,4,13,90,35,5,17,37,18,7,5,16,94,40,7,20,45,23,7,5,15,108,13,187,
33,5,20,43,17,6,5,13,91,33,6,17,39,18,7,4,13,90,37,4,17,41,20,9,4,15,97,36,7,20,43,21,8,6,16,100,-13,175,
33,5,19,43,17,6,5,13,90,33,6,17,40,18,7,4,14,90,36,7,17,40,20,6,4,13,96,35,5,17,39,18,6,4,12,94,8,188,
33,5,19,42,18,6,5,13,91,33,6,17,40,18,7,4,14,90,34,4,17,39,19,5,4,13,92,37,6,20,40,22,6,5,11,101,10,172,
33,5,19,42,17,6,5,13,91,33,6,17,40,18,6,4,13,90,33,5,16,37,18,7,3,12,90,36,5,18,41,21,6,5,12,98,-11,167,
33,5,19,42,17,6,5,13,90,33,6,17,39,18,6,4,14,90,37,4,17,39,20,7,4,14,97,39,6,19,42,23,7,5,14,105,18,166,
33,5,18,42,17,6,5,13,90,33,5,17,40,18,6,4,13,89,35,7,17,42,20,6,5,14,97,37,6,20,41,23,7,5,12,102,-6,200,
33,5,18,42,17,6,5,12,90,33,5,17,40,18,6,4,14,90,36,6,18,41,19,7,3,15,98,38,8,21,39,22,7,6,12,105,24,180,
33,5,18,42,18,6,5,12,91,33,5,17,40,18,6,4,14,89,36,8,23,38,19,7,3,14,104,40,7,19,41,23,7,6,13,107,-7,181,
33,5,18,42,18,6,5,12,91,33,5,17,39,18,6,4,14,89,37,6,19,44,18,7,4,17,100,39,8,22,42,25,9,5,14,110,6,182,
33,5,19,42,18,6,5,12,91,33,5,17,40,18,6,4,14,89,37,5,17,43,20,6,4,13,97,35,5,19,38,21,6,5,12,96,-8,158,
33,5,19,42,17,6,5,12,90,33,5,17,40,18,6,4,14,89,34,5,16,37,18,7,3,12,90,37,5,18,41,21,6,5,13,97,2,182,
33,5,18,42,17,6,5,12,90,33,5,17,40,18,6,4,14,89,38,8,18,38,23,6,3,13,104,40,7,19,42,25,7,4,13,106,-14,190,
33,5,18,42,17,6,5,12,90,33,5,17,40,18,6,4,14,89,36,5,17,39,23,9,4,13,96,33,4,18,39,18,7,4,15,90,-6,172,
33,5,18,42,17,7,5,12,90,33,5,17,40,18,6,3,14,89,35,5,18,39,20,6,3,13,94,39,9,19,43,23,7,6,13,108,20,200,
33,5,18,42,17,7,5,12,91,33,5,17,40,18,6,3,14,89,37,4,18,42,21,7,3,12,98,37,6,19,41,21,7,4,12,99,28,176,
33,5,18,42,18,7,5,12,91,33,5,17,40,19,6,3,14,89,35,9,17,40,19,6,4,13,99,36,6,18,40,21,7,4,12,97,-4,182,
33,5,18,42,18,7,5,12,91,33,5,17,40,19,6,3,14,89,34,4,17,39,20,5,4,12,91,37,5,21,41,22,6,5,11,101,15,205,
34,5,17,42,18,7,5,12,91,33,5,17,40,19,6,3,14,89,37,9,19,40,21,7,6,14,105,39,6,20,45,21,7,5,14,105,5,195,
34,5,18,42,18,7,5,12,92,33,5,17,40,19,6,3,14,89,38,4,17,41,21,7,4,15,99,41,6,19,40,23,8,5,13,108,-7,187,
34,5,17,42,18,7,5,12,92,33,5,17,40,19,6,3,14,90,36,5,17,43,20,6,4,13,96,35,4,18,37,20,6,5,12,93,-8,182,
34,5,17,41,18,7,5,12,91,33,5,17,40,19,6,3,14,90,38,4,17,41,21,7,3,12,98,37,6,19,42,21,7,5,13,99,6,180,
34,5,17,41,18,7,5,12,91,33,5,17,40,19,6,3,14,90,35,5,18,38,19,6,3,13,94,40,8,18,42,23,7,6,13,107,7,209,
34,5,17,41,18,7,5,12,92,33,5,17,40,19,6,3,14,90,37,4,18,40,20,7,4,14,98,40,6,20,42,24,7,6,13,108,7,179,
39,8,19,47,21,6,8,15,107,37,7,23,40,23,8,5,13,105,36,5,19,38,24,7,4,12,97,34,7,21,42,20,7,4,14,96,-5,219,
39,8,19,47,21,6,8,15,107,37,6,24,40,23,8,6,13,106,32,5,19,42,17,7,3,13,90,34,7,16,41,22,7,5,13,93,15,211,
39,8,19,46,22,6,8,15,107,37,6,24,40,23,8,6,13,105,35,8,23,39,19,8,3,15,102,39,7,18,39,22,7,6,13,105,-6,232,
39,8,19,45,22,6,8,15,108,37,6,25,39,23,8,5,12,106,34,4,18,40,18,5,4,12,92,37,5,19,41,22,6,4,11,99,15,191,
39,8,19,45,22,7,7,15,107,37,6,24,39,23,9,5,13,105,32,4,18,38,19,7,4,17,88,36,7,18,36,22,8,6,14,98,-3,213,
39,8,19,45,22,7,7,15,107,37,6,23,40,23,8,5,13,105,35,5,16,39,20,7,5,12,92,35,6,19,39,20,6,5,14,96,-10,206,
39,8,19,45,22,7,7,16,106,37,6,23,40,23,9,5,13,105,38,8,19,43,21,7,4,13,104,39,6,15,39,22,6,5,13,101,-11,203,
39,8,19,45,21,7,7,15,106,37,6,23,40,23,8,5,13,105,35,5,17,37,18,7,5,16,94,40,6,21,44,23,7,5,15,108,12,206,
39,8,19,45,22,7,6,16,106,37,6,23,40,23,8,5,13,105,35,9,17,40,18,5,4,13,96,36,6,17,39,21,6,4,12,96,-9,207,
39,8,19,45,21,7,6,16,106,37,7,23,40,23,9,5,13,105,37,8,21,40,23,7,4,14,104,41,6,18,42,22,8,5,13,107,-4,254,
39,8,19,44,22,7,6,16,107,37,7,23,40,23,8,5,13,106,35,4,23,42,18,7,4,13,100,39,5,17,41,21,7,4,13,101,-1,235,
39,8,19,45,22,7,6,16,107,38,7,23,40,23,9,5,13,107,37,4,18,39,20,7,3,15,98,40,6,19,41,23,7,5,14,106,16,190,
39,8,19,46,22,7,6,16,107,37,7,23,41,23,9,5,13,106,37,3,17,41,20,9,5,14,97,36,7,19,42,21,7,7,16,98,-18,186,
39,8,18,44,22,7,6,16,106,38,7,22,41,23,9,5,14,106,35,8,23,38,19,7,3,14,104,39,7,19,41,23,7,6,13,107,-13,213,
39,8,18,44,22,7,6,16,106,38,7,22,40,23,9,5,14,106,37,4,18,41,21,7,3,13,97,37,6,20,42,21,7,5,12,100,-20,194,
39,8,18,44,22,7,6,15,105,38,7,22,41,23,9,5,13,106,35,6,17,38,21,7,5,12,94,35,6,19,40,20,6,4,14,98,-14,176,
38,8,18,44,21,7,6,16,104,38,7,22,41,23,9,5,13,105,36,6,18,41,19,7,3,15,97,37,8,21,39,22,7,5,12,105,-8,188,
38,8,18,45,21,7,6,16,103,38,7,21,41,23,9,5,13,105,38,3,17,41,20,9,5,14,97,36,7,19,42,21,7,6,16,99,-9,199,
38,8,19,45,21,7,6,15,103,38,7,22,41,23,9,5,13,105,34,5,19,41,19,7,3,13,94,35,6,17,39,21,6,5,13,94,-14,176,
38,8,18,45,21,7,6,16,102,38,7,21,41,23,9,5,13,105,38,8,15,40,20,9,3,15,99,37,7,23,45,23,8,6,15,106,3,249,
38,8,19,45,21,7,6,16,103,38,7,21,40,23,9,5,13,105,37,6,18,43,21,6,4,12,100,37,7,14,39,22,6,4,12,97,-11,169,
37,8,19,45,21,7,6,16,102,38,7,21,41,23,9,5,13,105,37,8,16,39,23,6,4,12,99,37,6,15,40,21,6,4,11,96,-3,213,
37,8,18,45,21,7,6,16,102,38,7,21,41,23,9,5,13,105,36,7,18,42,19,6,5,15,98,38,6,20,42,23,7,5,13,103,26,176,
37,8,19,45,21,7,6,15,102,37,7,21,41,23,9,5,13,104,36,5,19,39,24,7,5,14,98,36,7,22,40,21,8,5,14,101,21,223,
38,8,19,45,21,7,6,15,103,37,7,21,41,23,9,5,13,104,38,4,17,41,20,7,4,15,99,41,5,19,41,22,8,5,13,107,-32,222,
38,8,19,45,21,7,5,16,103,37,7,21,41,23,9,5,13,105,36,4,16,39,22,8,4,13,94,33,5,18,39,18,7,4,14,90,-3,167,
37,8,19,45,21,7,6,16,102,37,7,21,41,23,9,5,13,104,36,5,17,43,20,6,4,13,96,34,4,18,37,20,6,5,12,92,-17,199,
37,7,18,45,21,7,5,15,102,37,7,21,41,23,9,5,13,104,36,6,19,41,20,6,5,13,100,35,6,18,40,22,7,3,12,95,-19,203,
37,7,18,45,20,7,5,15,102,37,7,21,41,23,9,5,13,104,39,8,17,38,24,6,4,13,105,40,7,19,43,25,7,4,13,107,-10,206,
37,7,18,44,20,7,5,15,101,38,7,21,41,23,9,5,13,104,38,8,20,40,23,7,4,13,105,41,5,18,41,22,7,5,13,106,-19,223,
38,5,19,38,23,8,5,11,101,34,6,22,40,17,6,4,14,97,38,7,14,40,21,9,3,16,98,37,7,24,44,23,9,7,15,107,13,203,
38,5,20,38,23,8,6,11,102,34,6,22,40,17,6,4,14,97,35,5,17,39,20,7,4,13,92,35,5,20,39,20,6,5,14,97,-5,187,
38,5,19,38,23,8,5,12,101,34,6,22,40,17,7,4,14,97,37,4,17,41,20,9,4,15,97,36,8,19,44,21,8,6,17,100,6,190,
37,5,20,38,23,8,6,11,101,34,6,22,40,17,7,4,15,96,34,5,16,37,17,7,4,12,89,37,6,17,41,21,7,5,14,98,5,199,
37,5,20,38,23,8,5,11,101,34,6,22,40,18,6,4,14,96,35,6,17,39,20,6,4,13,95,36,5,17,41,18,6,4,12,94,-23,197,
37,5,20,37,22,7,6,11,100,34,6,21,40,18,6,4,14,97,38,9,20,41,22,7,6,14,106,39,6,20,44,21,7,4,14,105,6,256,
37,5,21,37,23,7,6,11,102,34,6,22,40,18,6,4,14,98,34,5,18,38,19,6,2,12,93,39,9,18,43,23,7,6,13,107,22,220,
38,5,20,37,23,8,6,11,102,34,7,21,40,18,6,4,14,98,37,8,19,43,21,7,3,12,102,38,6,15,40,21,6,5,12,99,-7,217,
38,5,20,37,23,8,6,11,103,35,7,21,39,18,6,4,14,99,37,6,18,43,18,7,4,17,99,39,8,22,43,25,9,6,14,111,8,208,
38,5,20,37,23,8,6,11,103,35,7,21,40,19,6,4,15,99,34,5,19,41,19,6,4,15,92,36,7,18,39,22,7,6,13,98,5,161,
38,5,20,38,23,8,6,12,102,34,7,21,40,18,6,4,15,98,38,8,20,40,23,7,4,14,105,41,6,19,42,23,8,5,13,108,-1,193,
38,5,20,38,23,8,6,12,102,34,7,21,40,18,6,4,14,98,36,4,23,42,18,7,5,13,101,39,6,17,41,21,7,4,13,102,-16,226,
38,5,20,38,23,8,6,11,102,35,7,21,40,19,6,4,14,99,37,5,16,43,20,6,4,13,96,35,5,18,38,21,6,5,12,96,-5,177,
38,5,20,38,23,8,6,11,101,35,7,21,40,19,6,4,14,98,38,8,18,38,23,5,3,14,104,40,7,19,43,25,7,4,13,108,-12,178,
38,5,19,38,23,8,6,12,101,35,7,21,40,19,6,4,14,98,37,8,15,40,20,9,3,15,98,38,7,23,45,24,8,6,15,106,-7,207,
37,5,19,38,23,8,6,12,101,35,7,21,40,19,6,4,14,99,36,5,17,39,23,9,4,13,95,33,4,18,39,18,7,5,15,90,-5,209,
37,5,20,38,23,8,6,12,101,35,7,21,39,19,6,4,14,99,36,8,23,38,19,7,3,14,104,40,7,19,40,23,7,6,12,107,-2,204,
38,5,19,38,23,8,6,12,101,35,7,21,39,19,7,4,14,99,38,4,17,41,20,7,4,15,98,41,6,18,41,22,7,5,13,107,7,211,
38,5,20,38,23,8,6,12,101,35,7,21,40,19,7,4,14,99,37,4,17,41,21,7,3,13,97,37,6,19,41,21,7,5,12,100,5,219,
38,5,20,39,23,8,6,12,101,35,7,21,40,19,7,4,14,99,37,6,18,43,19,6,4,17,99,39,7,22,42,24,9,6,13,109,15,223,
38,5,20,39,23,8,6,12,102,35,7,21,40,19,7,4,13,99,34,5,18,39,19,7,4,12,93,35,6,16,39,21,6,5,13,93,-4,238,
38,5,20,39,23,7,6,12,102,35,7,21,40,19,7,4,13,100,37,8,17,39,23,6,4,12,100,37,6,15,39,21,7,4,11,97,-17,171,
38,5,20,39,23,7,6,12,101,35,7,21,40,19,7,4,13,100,36,4,17,38,18,7,5,15,96,40,7,21,44,23,7,5,14,109,-5,195,
38,5,19,39,23,7,6,12,101,35,7,21,40,19,7,4,13,100,37,6,18,43,21,6,4,12,99,37,7,14,39,21,6,4,12,95,-11,181,
38,5,19,39,23,7,6,12,101,35,7,21,40,19,7,4,13,100,35,6,16,37,20,7,4,12,94,35,6,18,39,19,6,4,14,96,-11,185,
38,5,19,39,23,7,6,12,100,35,7,21,40,19,7,4,13,100,36,7,21,39,20,7,3,14,103,38,7,18,41,22,8,6,13,104,4,210,
39,8,15,41,23,8,4,14,103,38,6,22,43,25,8,3,16,105,37,8,22,40,23,7,5,14,104,41,6,19,42,22,7,6,13,108,-9,233,
40,8,15,40,23,8,4,14,104,38,7,23,43,25,7,3,16,107,34,5,17,38,20,7,4,13,92,35,5,20,39,20,6,4,14,97,7,211,
40,8,16,40,24,8,4,14,104,38,7,22,43,25,7,3,16,106,35,4,18,41,20,6,4,14,93,36,6,22,43,20,8,4,12,100,15,205,
39,9,16,40,24,8,4,14,105,38,6,21,44,25,7,3,16,105,34,6,18,37,19,6,2,12,94,39,9,19,42,23,7,6,12,106,18,214,
40,9,16,41,24,8,5,14,105,38,6,22,44,25,8,3,16,105,37,7,20,43,21,7,4,12,102,37,6,15,40,21,6,5,11,97,-5,225,
40,9,15,39,24,8,5,14,106,38,6,22,44,25,7,3,15,105,37,6,17,42,20,7,3,16,98,37,9,21,38,22,7,7,12,105,10,234,
40,9,16,39,25,8,5,14,107,38,6,22,44,25,7,3,15,106,34,5,17,39,19,5,4,12,91,36,5,20,41,22,6,4,11,100,9,209,
40,9,16,39,25,8,5,13,107,38,6,21,44,25,7,3,15,105,35,7,16,41,20,6,5,14,94,36,6,21,43,22,7,5,13,100,2,218,
40,9,16,39,24,8,5,13,107,38,6,22,44,25,7,3,15,106,37,4,17,41,20,6,4,14,97,40,5,20,41,22,7,5,13,106,7,231,
41,9,16,39,24,9,5,13,107,39,6,22,44,25,7,3,16,106,37,8,19,42,21,7,4,13,101,38,6,15,40,21,6,5,13,99,-11,215,
41,9,16,39,24,8,5,13,107,39,6,22,44,25,7,3,15,106,33,5,19,42,18,7,3,13,92,34,6,16,39,20,7,5,13,91,-9,215,
40,8,16,38,24,8,5,13,107,39,6,22,43,25,7,3,16,106,33,4,19,41,19,6,4,15,91,36,7,18,38,21,7,6,13,97,-8,234,
40,8,17,39,24,8,5,14,107,39,6,21,43,25,8,3,16,107,35,5,20,38,24,7,5,14,97,35,7,22,40,22,8,5,14,100,15,177,
40,8,16,39,24,8,5,14,107,39,6,21,43,25,8,3,15,106,34,5,17,39,18,7,4,12,91,35,4,20,42,21,5,5,14,95,6,194,
40,9,16,38,24,8,5,14,106,39,6,21,43,26,8,3,15,105,37,5,17,43,20,7,4,13,96,35,5,18,39,21,6,5,13,95,11,191,
40,8,16,38,24,8,5,14,106,39,6,20,43,26,8,3,15,105,38,8,19,37,23,5,3,14,104,40,7,20,43,25,8,4,13,109,-12,196,
40,8,16,39,24,8,5,13,106,39,6,20,42,26,8,3,15,105,36,8,23,38,19,7,3,14,104,39,7,19,41,23,7,6,13,106,2,230,
40,8,16,39,24,8,5,13,106,39,6,20,42,26,8,3,15,105,36,5,23,42,18,7,5,13,101,39,5,17,41,21,6,4,13,102,6,194,
40,8,16,39,24,8,4,13,106,39,6,20,42,25,8,3,15,105,34,5,19,41,19,7,3,13,94,35,6,17,39,21,6,5,13,93,13,191,
40,8,16,39,24,8,4,13,106,38,6,20,42,25,8,3,15,104,36,5,17,38,23,8,4,13,95,33,4,18,39,18,6,4,15,90,-22,208,
40,8,16,39,24,8,5,13,105,39,6,19,43,25,7,3,15,104,35,6,17,39,20,6,3,12,95,35,6,17,39,19,6,4,12,94,-16,174,
40,8,16,39,24,8,5,13,104,39,6,19,43,25,8,3,15,104,35,9,17,40,19,5,4,12,98,36,6,18,40,20,6,4,12,97,3,243,
40,8,15,39,24,8,5,13,105,39,6,19,43,25,8,3,15,105,37,6,18,44,19,7,4,17,100,39,7,22,42,25,9,5,13,109,23,177,
40,8,15,39,24,8,5,13,105,38,6,19,43,25,8,3,16,104,37,8,16,39,23,6,4,12,99,37,6,15,39,21,6,4,11,96,-6,218,
40,8,15,39,24,9,5,13,105,39,6,19,43,25,7,3,16,104,37,4,17,41,21,7,3,14,97,40,6,20,43,24,7,6,13,107,38,238,
40,8,16,39,24,9,5,13,106,38,6,19,43,25,7,3,16,104,36,4,17,38,18,7,5,15,95,40,7,22,44,23,7,5,14,109,10,218,
40,8,16,39,24,9,5,13,106,38,6,19,43,25,7,3,16,104,37,8,17,39,23,6,4,12,99,37,6,15,40,21,6,4,11,96,7,191,
40,8,16,39,24,8,5,13,106,38,6,19,43,25,7,3,15,104,37,6,18,43,20,6,4,12,99,37,6,14,39,21,6,4,12,95,8,182,
40,8,16,39,24,8,5,13,105,38,6,19,43,25,7,3,15,103,38,4,17,42,21,7,4,15,100,40,6,19,40,22,8,6,13,107,-1,207,
40,8,16,39,24,9,5,13,105,38,6,19,43,25,7,3,16,103,35,6,16,37,21,7,4,12,94,35,6,18,39,19,6,4,14,96,24,196,
35,6,19,43,21,7,4,15,96,35,7,19,38,22,7,4,12,98,38,4,16,41,20,9,4,16,97,36,8,21,44,20,8,6,17,102,-1,167,
35,6,18,43,22,6,5,16,95,35,6,19,38,22,8,4,12,97,34,7,17,39,16,4,4,13,93,35,6,17,38,20,7,5,11,94,-9,179,
35,6,18,43,22,6,4,16,94,35,6,19,39,22,8,4,12,97,37,6,18,44,18,7,4,18,99,39,8,23,42,25,10,6,14,112,23,203,
35,6,18,43,22,6,4,15,95,35,6,19,38,21,8,4,12,96,37,8,22,41,23,7,5,14,105,41,6,19,42,22,7,6,13,108,-5,189,
35,5,18,43,22,7,4,15,95,35,7,19,39,22,8,4,12,96,39,8,20,36,23,5,4,14,107,41,8,20,42,26,8,4,13,112,5,211,
35,6,18,43,22,7,4,15,96,35,7,19,39,22,8,4,12,97,36,5,20,38,24,7,5,13,98,34,7,21,42,20,7,4,14,97,-8,198,
35,6,18,42,22,6,5,15,96,35,7,18,38,22,7,4,12,97,35,6,16,39,21,6,4,13,94,35,5,17,40,18,6,4,12,94,-9,205,
35,6,18,42,22,6,5,15,96,35,7,19,38,22,7,4,12,98,35,8,23,38,19,8,3,15,103,39,7,18,40,22,7,6,14,105,13,199,
35,6,18,43,22,6,5,15,96,35,7,20,38,22,7,4,12,97,38,8,14,40,20,9,3,15,99,38,7,22,45,23,9,6,15,106,14,196,
35,6,19,43,22,6,5,15,97,35,7,20,39,21,7,4,13,97,37,6,19,42,20,7,5,13,100,34,5,17,40,22,7,2,13,91,6,216,
36,6,19,43,23,6,5,15,97,35,7,20,39,21,7,4,12,97,37,7,20,44,21,7,4,12,102,37,7,14,39,21,6,5,11,97,7,191,
36,6,19,44,23,6,5,15,97,35,6,20,39,21,7,4,12,97,35,7,15,41,20,6,5,14,93,35,6,21,44,22,7,6,13,99,7,221,
36,6,19,43,23,6,5,15,98,35,7,20,39,21,7,4,12,97,37,6,18,44,18,7,4,17,98,39,8,22,42,25,9,6,14,110,15,237,
36,6,19,43,23,6,5,15,99,35,6,21,39,21,8,4,13,98,37,8,15,40,20,9,3,15,98,37,7,23,45,23,9,6,15,106,4,222,
36,6,19,43,23,6,5,15,100,35,6,21,39,21,8,4,12,98,34,5,19,41,19,7,4,15,92,36,7,18,39,22,7,6,13,98,15,191,
36,6,19,43,23,6,5,14,100,35,6,21,39,21,7,4,13,98,34,5,17,40,18,6,5,12,92,35,4,20,42,21,5,5,14,95,7,203,
36,6,20,43,23,6,5,14,100,35,6,21,39,21,7,4,13,98,36,5,17,43,20,7,4,14,96,35,5,18,40,21,6,6,13,95,-18,194,
36,6,19,42,23,6,5,14,99,35,6,20,39,21,7,4,13,98,36,5,16,39,23,9,4,13,95,33,4,18,39,18,6,4,15,90,-7,191,
36,6,19,42,23,6,5,14,99,35,6,21,39,21,7,4,13,98,38,8,20,40,23,7,4,13,105,40,6,18,41,22,7,5,13,106,3,209,
36,6,19,42,23,6,5,14,99,35,7,21,39,22,7,4,13,98,36,8,23,38,19,7,3,14,104,40,7,19,40,23,7,6,12,106,6,194,
36,6,19,42,23,6,5,14,99,35,6,20,40,22,7,4,13,98,37,4,17,41,21,7,3,13,97,37,6,19,41,21,7,4,12,100,-10,198,
36,6,19,42,23,6,5,14,99,35,6,20,40,22,7,4,13,98,34,5,18,38,19,6,3,13,93,40,9,18,43,23,7,6,13,107,8,192,
36,6,19,41,23,6,5,14,99,35,6,20,39,22,7,4,13,98,38,8,17,38,23,6,3,13,104,39,6,19,43,24,7,4,13,106,-9,207,
36,6,19,41,23,6,5,14,99,35,6,20,39,22,7,4,12,98,36,5,17,38,18,7,5,15,95,39,7,22,44,23,7,4,14,108,8,246,
37,6,19,41,24,6,5,15,100,36,6,20,39,22,7,4,13,99,37,4,17,40,21,7,3,14,97,40,6,20,43,24,7,6,13,108,4,184,
37,6,19,42,24,6,5,15,100,35,6,20,40,22,7,4,13,99,37,8,17,39,23,6,4,12,99,37,6,15,39,21,6,4,11,96,-6,206,
37,6,19,42,24,6,5,15,100,36,6,20,39,22,7,4,13,99,37,5,22,42,19,7,5,13,101,38,5,17,41,21,6,4,12,101,6,190,
37,6,19,42,23,6,5,15,100,36,6,20,40,22,7,4,13,99,37,3,17,41,20,8,4,14,96,35,7,19,41,22,7,6,15,99,7,213,
35,5,18,43,23,6,7,15,96,34,8,19,39,21,7,7,12,96,37,5,21,41,19,7,3,15,102,41,6,20,40,23,8,4,13,109,6,188,
36,5,18,43,23,6,8,15,96,34,8,18,39,21,7,7,13,96,35,4,25,42,17,8,5,13,101,39,5,17,41,21,7,4,14,101,-18,180,
35,5,18,43,22,6,8,15,95,34,8,19,40,20,7,6,13,96,33,5,16,38,17,7,4,12,90,37,5,18,41,21,8,5,13,98,5,205,
36,5,18,43,23,6,8,15,95,34,8,18,39,20,8,6,13,96,35,6,18,37,19,6,2,12,95,39,9,18,41,23,7,6,12,107,9,193,
35,5,18,42,22,6,8,15,96,34,8,19,39,20,7,6,13,96,38,7,14,41,21,9,3,16,98,38,7,22,45,24,9,6,15,106,-1,191,
35,5,18,42,22,6,7,15,96,34,8,18,39,20,7,6,13,96,36,7,19,42,20,7,5,13,100,34,5,17,39,22,7,2,13,91,-14,178,
35,5,18,42,22,6,7,15,95,34,8,18,39,20,7,6,13,96,35,5,17,37,18,7,5,16,94,40,6,21,44,23,7,5,15,109,15,193,
35,5,18,42,22,6,7,15,95,34,8,18,39,20,7,6,13,95,37,4,17,41,20,9,4,15,97,36,7,20,43,21,8,6,17,100,14,178,
35,5,18,42,22,6,7,15,95,34,7,17,39,19,8,6,13,95,37,4,18,44,19,7,4,14,96,36,5,17,39,22,7,6,13,96,5,187,
35,5,18,42,22,6,7,15,95,34,7,18,39,20,7,6,13,95,33,5,19,41,18,7,3,13,92,35,6,16,39,21,7,6,13,94,-7,169,
35,5,18,42,22,6,7,15,95,34,7,18,38,20,7,6,13,94,36,4,18,42,20,6,3,13,95,36,6,21,43,21,8,5,12,101,3,197,
35,5,18,42,22,6,7,14,95,34,7,18,38,20,7,6,12,94,36,6,17,40,20,6,4,13,96,35,5,17,40,18,6,4,12,94,-16,190,
35,5,18,42,22,6,7,14,94,34,7,18,39,20,7,6,12,95,37,7,19,41,20,6,5,13,100,35,6,18,41,22,7,3,12,94,-12,206,
35,5,18,41,22,6,7,14,95,35,7,17,38,20,7,6,12,95,35,7,16,39,22,6,3,12,96,36,6,15,40,21,6,4,12,94,-9,193,
35,5,18,41,22,6,7,14,94,35,7,17,38,20,7,6,12,95,36,5,16,38,23,8,4,13,95,33,4,18,38,18,6,4,15,89,5,183,
35,5,18,41,21,6,7,14,94,35,7,17,38,20,7,6,12,95,34,4,17,39,19,4,4,12,91,37,5,20,40,22,6,5,11,100,-5,183,
35,5,18,42,21,6,7,14,94,35,7,18,39,20,7,6,12,95,37,6,19,43,20,7,4,12,101,37,7,14,39,22,6,4,11,96,20,198,
35,5,18,41,21,6,6,14,95,35,6,18,39,20,7,6,12,95,37,4,17,40,20,7,4,14,96,39,6,19,42,23,7,5,14,105,13,215,
35,5,19,41,21,6,6,13,95,35,6,18,39,20,7,6,12,95,38,4,18,41,20,7,4,15,99,40,6,18,41,22,7,5,14,107,12,208,
35,5,19,41,21,6,6,13,96,35,6,18,39,20,7,6,12,95,36,6,18,40,20,7,3,15,96,37,8,21,39,22,7,5,12,105,-5,179,
35,5,19,40,21,6,6,13,95,35,6,18,39,20,7,6,12,95,36,5,17,43,20,6,4,14,95,35,4,18,37,20,6,5,12,93,-17,185,
35,5,18,41,22,6,6,13,95,35,6,18,39,20,7,6,12,95,35,6,17,38,21,8,4,12,95,35,6,18,38,20,6,4,14,97,5,189,
35,5,19,40,21,6,6,13,95,35,7,17,39,20,7,6,12,95,35,6,19,42,19,7,5,15,96,37,6,20,42,22,7,5,13,102,-23,199,
35,5,19,40,21,6,6,13,95,35,6,18,39,20,7,6,12,96,37,9,19,40,21,7,6,13,104,39,6,21,45,21,7,5,14,105,8,220,
35,5,19,40,21,6,6,13,95,35,6,18,39,20,7,6,12,96,34,5,16,39,18,7,4,12,91,35,5,19,42,21,5,5,14,95,1,173,
35,5,19,40,21,6,6,13,95,35,6,18,39,20,7,6,12,96,34,5,18,38,19,6,3,13,93,39,9,18,43,23,7,6,13,107,1,195,
35,5,19,40,22,6,6,13,95,35,6,18,39,20,7,6,12,96,36,4,17,38,18,7,5,15,96,40,7,21,44,23,7,5,14,109,-6,188,
35,5,19,40,22,6,6,13,95,35,6,18,40,20,7,6,12,96,35,9,17,40,19,6,4,13,99,36,6,18,39,21,7,4,12,97,-9,213,
35,5,19,40,22,6,6,13,95,35,6,18,39,20,7,6,12,96,35,5,15,37,19,7,3,12,92,37,6,18,41,22,7,5,13,99,-11,213,
35,5,18,39,22,6,6,13,95,35,6,18,39,20,7,6,12,96,35,6,17,39,20,6,4,12,95,36,5,17,40,19,6,4,11,95,11,181,
38,9,16,45,22,7,7,15,104,35,5,19,43,16,7,6,14,96,37,7,20,43,21,7,4,12,102,38,6,15,43,21,6,5,11,98,-15,203,
38,9,16,43,22,6,7,14,103,35,6,19,43,17,6,5,13,97,35,6,18,38,19,6,2,12,95,39,9,19,42,23,7,6,13,107,9,207,
38,9,17,44,22,6,7,14,103,35,6,19,42,17,6,5,13,97,32,5,19,41,17,7,3,14,90,35,6,16,41,22,7,5,13,93,1,187,
38,9,16,43,22,6,7,14,103,35,5,20,43,17,6,5,13,97,37,4,16,40,19,9,4,16,96,36,8,19,44,22,8,6,17,101,-14,194,
37,9,17,44,22,7,7,14,102,35,5,20,44,18,6,5,13,97,38,5,17,40,24,8,4,13,100,33,5,18,38,18,6,4,15,91,-12,178,
37,9,17,44,21,7,7,14,101,35,5,19,43,18,6,5,13,97,35,5,17,37,18,7,5,16,95,40,7,21,45,23,7,5,14,110,9,181,
37,8,17,44,21,7,6,15,100,35,5,19,44,17,7,5,13,96,38,8,19,43,21,7,3,13,105,39,6,15,38,23,6,5,13,102,-3,177,
37,8,16,43,21,7,6,14,99,35,5,19,43,17,7,5,13,96,37,7,17,40,24,7,3,12,100,36,6,15,39,21,6,3,12,95,13,191,
37,8,17,43,21,7,6,14,100,35,6,19,42,17,6,5,13,95,36,4,18,44,20,7,4,14,96,36,5,18,39,22,7,6,13,96,-13,185,
36,8,17,44,20,7,6,14,99,35,6,19,43,18,6,5,13,96,35,9,17,39,19,5,4,12,98,36,6,18,40,20,6,4,12,97,-15,207,
36,8,17,44,20,6,6,13,99,35,6,18,43,18,6,5,13,96,34,4,17,39,19,5,4,12,92,37,5,20,40,22,6,5,11,100,32,216,
37,8,17,43,20,6,6,13,100,35,6,18,43,18,6,5,13,96,37,4,18,40,20,7,3,15,97,39,6,19,41,23,7,5,14,106,11,197,
37,8,17,44,20,7,6,14,100,35,6,18,42,18,6,5,13,96,35,5,16,38,20,7,5,12,93,35,6,19,40,20,6,4,14,97,13,187,
37,8,17,45,20,6,6,14,100,35,6,18,42,18,6,5,13,96,33,5,19,41,19,6,4,15,92,36,7,17,39,22,7,6,13,97,1,207,
37,8,18,45,20,6,6,14,100,35,6,18,42,17,6,5,13,96,37,6,18,43,18,7,4,17,100,39,8,22,42,25,9,5,14,110,11,221,
37,8,18,44,20,7,6,14,101,35,6,18,42,17,6,5,13,96,37,7,19,41,20,7,5,13,100,34,6,18,40,22,7,3,12,94,-7,213,
37,8,18,44,20,7,6,14,101,36,5,18,42,17,6,5,13,97,34,5,16,37,18,7,3,12,90,36,5,18,41,21,6,5,13,97,1,203,
37,8,18,44,20,7,6,14,101,36,6,18,43,17,6,5,13,97,36,5,19,38,24,8,5,14,97,35,7,22,41,22,7,5,14,100,-11,179,
37,7,18,45,19,7,6,14,100,36,5,18,43,18,6,6,13,97,38,8,19,38,23,6,3,13,104,40,7,19,43,25,7,4,13,106,-2,218,
37,7,18,45,19,7,6,14,100,36,5,18,43,18,6,6,13,97,38,8,15,40,20,9,4,15,100,38,7,23,45,23,8,6,15,107,9,209,
37,7,19,45,19,7,6,13,101,36,6,18,43,18,6,6,13,97,37,4,18,42,21,7,3,12,97,37,6,19,41,21,7,5,12,99,-10,210,
37,7,19,44,19,7,6,14,101,37,6,17,43,18,6,6,13,98,37,9,20,40,21,7,6,14,104,39,6,21,45,20,7,5,14,105,2,236,
37,7,19,45,19,7,6,14,101,37,6,18,43,18,6,6,13,98,36,5,16,43,20,6,4,13,95,35,4,17,37,20,6,5,12,92,7,223,
37,7,19,45,19,7,6,14,102,37,6,18,43,18,6,6,13,98,38,4,18,41,21,7,4,15,99,41,6,19,40,23,8,5,13,107,-17,203,
37,7,20,45,19,7,6,14,101,37,6,18,43,18,6,6,13,99,36,4,17,39,22,8,3,13,94,33,5,18,39,18,7,5,14,89,7,207,
37,7,19,45,19,7,6,14,101,37,6,18,43,18,6,6,13,99,35,5,15,38,19,6,3,12,91,37,6,18,41,22,7,5,13,99,10,212,
37,7,20,45,19,7,6,14,102,37,6,18,43,18,7,5,13,99,34,5,16,39,19,7,4,12,91,35,5,19,42,21,5,5,14,95,1,177,
37,7,19,45,19,7,6,14,101,37,6,18,43,18,7,5,13,99,36,4,17,38,18,7,5,15,96,40,7,21,44,23,7,5,14,108,24,248,
37,7,19,45,19,7,6,14,102,37,6,18,43,18,7,5,13,99,35,6,17,39,20,6,4,12,95,35,5,17,39,19,6,4,11,94,12,216,
37,7,20,45,19,7,6,14,103,37,6,18,42,18,7,5,13,99,37,9,19,40,21,7,6,13,104,39,6,20,45,21,7,5,13,105,-1,219,
36,5,16,42,17,6,6,14,94,36,5,21,40,19,6,4,13,99,37,5,17,36,19,7,5,15,97,42,7,21,44,23,7,5,14,113,25,207,
37,5,16,42,18,6,6,14,95,36,5,21,39,18,6,4,14,98,36,7,19,39,21,7,4,12,98,34,5,18,39,21,6,2,13,91,-21,187,
36,5,15,42,18,6,5,14,94,36,5,20,40,18,6,4,14,99,37,7,22,40,22,7,4,14,105,41,6,19,43,22,7,6,13,109,-9,195,
36,5,15,41,18,6,6,14,94,36,5,20,42,19,6,5,14,99,37,7,14,40,20,9,3,16,98,37,7,23,44,24,9,6,15,106,-8,226,
36,5,16,42,18,7,6,14,95,37,5,20,42,19,6,5,14,100,33,5,18,40,17,7,4,12,91,35,5,19,42,21,5,6,15,95,-5,163,
36,5,15,44,18,6,6,15,94,36,5,20,41,19,6,5,14,99,36,6,18,41,20,7,3,15,97,37,8,22,39,22,7,7,12,105,-1,199,
36,6,15,43,18,6,6,15,94,37,5,19,42,19,6,5,14,99,37,4,16,41,20,9,4,15,97,36,8,19,44,21,8,6,17,100,2,198,
36,6,16,43,18,7,6,15,95,37,5,19,42,19,6,5,14,99,39,8,19,35,23,5,3,14,106,41,8,20,41,26,8,4,13,112,5,183,
36,6,16,44,18,6,6,15,95,37,5,19,41,19,6,5,14,98,35,6,17,39,20,6,4,13,95,36,5,17,40,18,6,4,12,94,-6,210,
36,6,16,43,18,6,5,15,95,37,5,19,42,19,6,5,14,99,35,8,23,39,19,8,3,15,103,39,7,18,41,22,6,6,14,105,20,224,
36,6,16,42,18,7,5,15,96,37,5,19,41,19,6,5,14,99,35,5,17,39,20,7,4,12,93,35,6,19,39,21,6,4,14,97,-4,184,
36,6,16,43,18,7,5,15,96,37,5,19,40,19,6,5,14,99,33,4,18,40,19,6,4,15,90,36,7,18,38,22,7,6,13,97,-5,183,
36,5,16,42,18,7,5,15,96,36,5,19,41,19,6,5,14,99,34,5,19,42,19,7,3,13,93,34,6,17,39,20,6,5,13,92,6,198,
36,5,16,42,18,7,5,14,96,36,5,19,41,19,6,5,14,98,36,5,16,38,23,8,4,13,95,33,4,18,39,18,6,4,15,89,-5,185,
36,5,17,42,18,7,5,15,96,36,5,19,41,19,7,4,14,98,37,7,18,42,21,7,3,12,101,38,5,16,40,21,6,5,12,99,-13,213,
36,5,17,42,18,7,5,15,96,37,5,19,41,19,7,4,15,99,35,5,19,38,24,7,5,14,97,35,7,22,40,21,8,5,14,100,-3,211,
36,5,17,42,18,7,5,15,96,37,5,19,41,19,7,4,14,99,36,7,16,39,22,6,4,12,96,36,6,15,40,21,6,4,12,94,-2,202,
36,5,17,43,18,7,5,15,96,37,5,19,40,19,6,4,14,99,36,5,23,42,18,7,5,13,102,39,5,17,41,22,6,4,13,102,-2,196,
36,5,17,43,18,6,5,15,96,37,5,19,40,19,6,4,14,99,36,6,18,40,20,6,3,15,96,37,8,21,38,22,7,5,12,105,6,204,
36,5,17,43,18,7,5,15,96,37,5,19,40,19,7,4,14,99,35,6,17,38,21,7,5,12,94,35,6,19,39,20,6,4,14,97,-5,209,
37,5,17,43,18,7,5,15,97,37,5,19,40,19,7,4,14,99,38,8,20,40,23,7,4,13,105,40,5,19,42,22,7,5,13,106,-22,224,
37,5,17,43,18,7,5,15,97,37,5,19,40,19,7,4,14,100,35,9,17,40,19,5,4,12,98,36,6,18,40,20,6,4,12,97,-4,208,
37,5,17,43,18,7,5,15,97,37,5,19,40,19,7,4,14,100,38,7,15,40,20,9,4,15,100,38,6,23,45,23,8,5,15,106,10,248,
37,5,17,43,18,7,5,15,98,37,5,19,40,19,7,4,14,101,35,5,18,39,20,6,3,13,94,39,9,19,43,23,7,6,13,108,-4,190,
37,5,17,43,19,7,5,15,98,37,5,19,40,19,7,4,14,101,37,4,17,41,21,7,3,12,98,37,6,19,42,21,7,5,12,100,-22,182,
37,5,17,43,18,7,5,15,97,38,5,19,40,19,7,4,14,101,39,8,17,38,24,6,3,13,105,40,7,19,43,24,7,4,13,107,3,229,
37,5,17,43,19,7,5,15,98,38,5,19,40,20,7,4,14,101,36,8,22,39,20,7,3,14,103,39,7,19,40,22,7,6,13,105,-9,189,
37,5,17,43,19,7,5,15,97,38,5,19,40,20,7,4,14,101,36,5,19,38,23,7,5,14,98,36,7,22,40,22,7,5,14,103,9,203,
37,5,17,43,19,7,5,15,98,38,5,18,40,20,7,4,14,101,36,5,22,42,19,7,5,13,102,38,5,18,41,21,6,4,12,101,-8,232,
37,5,18,43,19,7,5,15,98,38,5,19,40,20,7,5,14,101,37,6,18,43,20,6,4,12,98,37,6,14,40,21,6,4,12,95,-8,224,
33,6,17,39,20,5,3,12,90,37,6,15,43,23,6,5,12,96,37,10,22,40,22,7,7,15,108,40,5,19,43,22,7,4,14,106,7,211,
34,6,17,40,21,6,4,12,92,37,7,15,43,23,6,5,13,96,35,5,19,38,24,7,5,13,97,34,6,21,42,20,6,4,15,96,-11,191,
33,6,17,40,21,6,4,12,91,37,7,15,43,23,6,5,12,97,37,6,18,43,18,7,4,17,99,40,8,23,43,25,9,6,14,112,-1,195,
34,7,16,40,21,6,4,12,92,37,7,15,43,23,6,4,12,97,33,7,17,40,17,5,4,13,93,35,6,17,39,20,6,4,12,94,-15,205,
34,6,17,40,21,6,4,13,92,37,8,15,43,23,7,4,13,98,37,7,17,39,24,7,3,12,100,36,7,15,40,21,6,3,12,95,-9,199,
34,6,16,39,22,6,3,13,92,37,8,15,42,23,7,4,13,98,37,5,19,41,19,7,3,16,99,40,5,19,39,23,8,5,14,106,-15,225,
34,7,17,39,22,6,3,13,93,38,8,14,42,24,7,4,12,99,39,8,20,36,23,5,3,13,106,41,7,21,42,26,7,4,13,112,-8,204,
34,7,17,39,22,6,4,13,93,38,8,15,42,24,7,4,13,100,33,5,17,39,17,7,4,11,91,35,5,19,43,21,5,5,14,94,-14,190,
34,6,18,39,21,6,4,13,93,38,8,15,42,24,7,4,13,100,35,8,23,38,19,7,3,14,103,39,7,19,41,22,7,6,13,106,-14,220,
34,7,17,39,22,6,4,13,93,38,8,15,42,24,7,4,13,101,35,7,17,41,20,6,5,14,95,37,6,20,43,23,7,5,12,101,-5,229,
34,7,18,39,22,6,4,13,94,38,8,16,43,24,7,4,13,101,35,5,16,39,20,7,5,12,93,35,6,19,40,20,6,4,14,97,-6,216,
34,7,18,38,22,6,4,13,95,38,8,16,42,24,7,4,13,102,34,5,16,37,18,7,3,12,90,36,5,18,41,21,6,5,12,97,-9,197,
34,7,18,38,22,6,4,13,95,38,8,16,43,24,7,4,13,102,36,6,17,41,20,7,3,16,97,37,8,20,39,22,7,6,12,105,7,245,
35,7,18,38,23,6,4,13,96,38,8,16,42,24,7,4,12,102,36,5,17,37,18,7,5,15,95,40,6,21,44,23,7,5,14,108,-15,215,
35,7,18,38,23,6,4,13,96,39,8,16,42,24,7,4,12,103,37,6,19,43,21,6,4,12,100,37,7,14,39,22,6,4,11,97,5,203,
35,7,18,38,23,6,4,13,96,39,8,16,42,24,7,4,13,103,37,8,20,40,23,7,4,13,105,41,5,19,42,22,7,5,13,107,-5,243,
35,7,18,38,23,6,4,13,97,39,8,16,43,24,7,4,12,104,37,9,19,40,21,7,6,14,105,39,6,20,45,21,7,5,14,105,6,224,
36,7,18,39,23,6,4,13,98,39,8,16,43,24,7,5,12,104,37,4,18,42,21,6,3,12,98,37,6,19,41,21,7,5,12,100,-4,186,
35,7,18,39,23,6,4,13,97,39,8,16,43,24,7,5,13,103,37,7,17,42,21,6,3,13,101,38,5,16,39,20,6,5,11,98,-10,208,
35,7,18,39,23,6,4,13,98,39,8,16,43,24,7,5,13,104,34,5,18,40,19,7,3,12,93,35,6,16,39,21,6,5,13,94,-15,177,
35,7,18,39,22,6,4,13,97,39,7,16,43,24,7,5,13,103,38,8,15,40,20,9,4,15,100,38,7,24,45,23,8,5,15,107,-10,180,
35,7,18,39,22,6,4,13,97,39,7,16,43,24,7,5,13,103,36,5,22,42,18,7,5,13,101,39,6,17,41,22,6,4,12,103,-20,170,
35,7,18,40,22,6,4,13,96,39,7,16,43,24,7,5,12,103,35,9,17,40,19,6,4,13,99,36,6,18,39,21,7,4,12,97,-11,183,
35,7,18,40,22,6,4,13,96,39,7,16,43,24,7,5,13,103,34,4,17,40,20,5,4,12,91,37,5,20,40,22,6,5,11,101,-4,192,
35,6,18,40,22,6,4,13,96,39,7,16,43,24,7,5,13,102,35,5,15,38,19,6,3,12,91,37,6,18,41,22,7,5,13,99,6,188,
35,6,18,40,22,6,4,13,96,39,7,16,43,24,7,5,13,102,35,6,17,40,20,6,4,12,94,35,5,16,39,19,6,4,11,94,-16,182,
35,6,18,41,22,6,4,13,95,39,7,16,44,24,7,5,13,102,36,6,19,42,20,6,5,13,100,35,6,18,40,22,7,3,12,95,12,192,
35,6,18,41,22,6,4,13,95,38,7,16,43,24,7,5,13,102,33,4,18,40,19,6,4,14,90,35,7,18,38,22,7,6,12,97,10,188,
35,6,18,41,22,6,4,13,95,38,7,16,43,24,7,5,12,101,36,5,17,44,21,6,4,13,96,35,4,18,37,20,6,5,12,92,-11,175,
35,6,18,41,22,6,4,13,95,38,7,16,42,24,7,5,12,101,36,4,18,38,18,7,5,15,96,40,7,21,44,24,7,5,14,109,7,193,
36,5,19,42,22,9,6,15,98,36,6,19,42,22,7,3,15,98,37,7,18,41,21,7,4,13,99,34,5,17,38,21,6,2,13,90,-1,189,
36,5,18,42,22,10,6,14,97,35,6,20,41,21,7,4,15,98,33,5,18,38,19,7,5,16,89,36,7,18,36,22,8,6,14,97,33,183,
36,5,19,41,22,10,6,14,98,35,5,19,41,21,7,4,16,96,37,5,17,44,20,7,4,14,97,36,5,19,39,22,7,6,13,97,-7,167,
36,5,19,40,21,10,6,14,97,35,5,20,41,21,7,4,17,95,34,7,16,40,20,6,6,14,92,35,5,21,44,21,8,5,13,98,14,194,
36,5,19,41,21,9,6,14,97,35,5,19,41,20,7,4,17,95,33,5,19,41,18,7,3,13,90,35,7,16,41,22,7,6,13,94,-11,173,
36,5,18,40,21,9,6,14,96,35,5,19,41,21,7,4,16,95,34,4,18,39,18,5,4,12,91,37,5,19,41,22,6,4,11,99,20,174,
36,5,18,41,21,9,6,14,96,34,5,19,41,20,7,4,16,94,36,4,17,41,19,6,4,13,94,39,5,21,42,22,6,5,13,105,3,269,
36,5,19,41,22,9,6,14,98,35,5,19,41,21,7,4,16,96,38,5,18,39,20,7,4,15,100,40,6,20,39,23,8,5,14,107,3,193,
36,5,19,42,22,9,6,14,98,35,5,18,41,21,7,4,16,96,36,5,20,40,24,7,6,14,98,34,7,21,40,20,7,5,13,98,7,209,
37,5,19,42,22,9,6,14,99,35,6,18,41,21,7,4,16,96,39,8,20,37,23,5,3,14,106,41,7,21,42,26,7,4,13,111,-18,200,
37,5,19,42,22,9,6,14,98,36,6,18,41,21,7,4,16,97,37,5,17,38,23,8,4,13,97,33,5,18,38,18,6,4,15,90,2,168,
36,5,19,42,22,8,6,14,98,36,6,18,41,21,7,4,15,96,35,8,23,38,18,8,3,15,102,39,8,19,41,22,7,6,14,106,-11,229,
37,5,19,42,22,8,6,14,98,36,6,18,41,21,7,4,15,97,35,9,17,40,18,5,4,13,98,36,6,18,40,20,6,4,12,97,-18,202,
37,5,18,42,22,8,6,14,98,36,6,18,41,21,7,4,15,97,35,6,17,39,20,6,4,13,96,35,5,17,40,19,6,4,12,94,-7,191,
37,5,18,41,22,8,6,14,98,36,6,18,42,21,7,4,15,97,34,5,17,39,18,7,4,12,91,35,4,19,42,21,5,5,14,95,15,185,
37,5,18,41,21,8,6,14,98,36,6,17,41,21,7,4,15,97,37,7,17,42,21,7,3,12,101,38,5,16,40,21,6,4,12,98,-24,212,
37,5,18,41,21,8,6,14,98,36,6,17,41,21,7,4,15,98,36,7,17,42,20,6,5,15,97,37,6,20,42,23,7,5,12,102,-17,209,
37,5,18,41,21,8,6,14,98,36,6,18,42,21,7,4,15,98,37,8,16,39,22,6,4,12,98,37,6,15,39,21,6,4,11,96,-6,204,
37,5,18,41,21,8,6,14,98,36,6,18,42,21,7,4,15,98,36,5,17,43,20,6,4,13,96,35,5,19,38,21,6,5,12,95,-28,182,
37,5,17,41,21,8,6,14,97,36,6,18,42,21,7,4,15,99,38,8,15,40,20,9,4,15,100,38,7,24,45,23,8,6,15,107,-4,208,
37,5,18,41,21,8,6,14,97,36,6,18,43,21,7,4,15,99,37,6,19,43,19,7,4,16,100,39,7,22,42,25,9,5,13,109,7,199,
37,5,18,42,21,8,6,14,97,37,6,18,43,21,7,4,15,99,34,5,17,39,18,7,4,12,92,35,5,19,42,21,5,5,14,96,-19,171,
37,5,17,42,21,8,6,14,97,37,6,18,43,21,7,4,15,99,36,6,18,40,20,7,3,15,97,37,8,20,39,22,7,5,12,104,-21,223,
37,5,17,42,21,8,6,14,97,37,6,18,43,21,7,4,15,99,36,5,22,42,18,7,5,13,101,39,6,17,42,22,6,4,12,102,-27,205,
37,5,17,42,20,8,6,14,96,37,6,18,43,22,7,4,15,100,34,4,17,39,20,5,4,12,91,37,6,20,41,22,6,5,11,101,6,190,
37,4,17,42,20,8,6,14,96,37,6,18,43,22,7,4,15,100,36,6,19,41,20,6,5,13,100,35,6,18,40,22,7,3,12,95,-16,230,
37,5,17,41,20,8,6,14,97,37,6,19,42,22,7,4,15,100,34,5,18,38,19,6,3,13,93,40,9,18,43,24,7,6,13,107,8,222,
37,5,17,41,20,8,6,14,97,37,6,19,42,22,7,4,15,100,35,5,15,37,19,7,3,12,92,37,6,18,41,22,7,5,13,99,2,212,
37,4,18,41,20,8,6,14,97,37,6,19,42,22,7,4,15,100,35,6,17,39,20,6,4,12,95,36,5,17,39,19,6,4,11,95,32,198,
37,4,18,42,20,8,6,14,98,37,6,18,42,22,7,4,15,100,35,4,17,38,22,8,3,13,93,33,5,18,40,18,6,4,14,90,1,189,
36,5,19,37,24,6,4,13,98,39,5,15,40,23,6,4,13,99,34,5,17,41,18,4,4,11,91,35,5,21,43,20,5,5,11,97,15,217,
37,5,19,38,25,6,4,13,99,37,5,16,39,23,7,4,13,98,33,5,18,38,19,7,5,17,90,36,7,18,36,22,8,5,14,98,5,175,
37,5,19,38,25,6,4,13,99,37,5,16,39,22,7,3,12,97,34,7,16,39,16,4,4,13,93,35,7,16,38,20,7,4,11,95,10,172,
37,5,19,39,25,5,4,13,98,36,5,17,40,22,7,3,12,96,35,6,18,38,19,6,2,12,95,39,9,19,41,23,7,6,13,107,14,182,
37,5,18,39,25,5,4,13,98,36,5,16,39,22,6,3,12,95,38,7,15,41,21,10,3,16,99,38,7,23,45,23,9,6,15,106,10,196,
37,5,17,40,25,6,4,13,98,36,5,16,40,22,6,3,12,95,34,7,16,41,20,6,5,14,92,35,5,21,44,21,8,6,13,98,15,201,
37,6,18,40,25,6,4,13,99,36,5,16,40,21,6,3,12,95,37,8,21,40,23,7,5,14,104,40,6,19,42,22,8,5,13,107,-6,218,
37,6,17,39,25,6,4,13,99,37,5,16,40,21,6,3,12,95,37,4,17,41,20,6,4,14,97,40,5,20,41,22,7,5,13,106,2,198,
37,6,17,38,25,5,4,12,99,37,5,16,40,21,6,3,12,96,33,5,19,41,18,7,3,13,92,34,6,17,40,21,7,5,13,93,-41,159,
37,6,17,38,25,5,4,12,97,37,5,16,41,21,6,3,12,96,37,9,20,40,21,7,6,14,105,39,6,20,45,21,7,4,14,105,9,213,
37,6,17,38,25,5,4,12,98,37,5,16,40,22,6,3,12,96,37,4,17,40,20,7,4,15,97,39,6,20,42,23,7,5,14,106,13,187,
37,6,16,39,25,5,4,12,98,37,5,16,40,22,6,3,12,96,37,6,17,41,20,6,3,16,98,37,9,21,38,22,7,6,12,106,1,201,
37,6,16,39,25,5,4,12,98,37,5,16,40,22,6,3,12,96,36,4,18,41,21,6,3,13,96,37,6,20,42,21,7,5,12,101,-34,200,
37,6,16,39,25,5,4,12,97,37,5,17,41,22,6,3,12,97,33,5,19,41,19,6,4,15,92,36,7,17,39,22,7,6,13,97,-2,174,
37,6,16,39,25,5,4,12,97,37,5,17,41,22,6,3,12,96,37,5,17,44,20,6,4,13,97,35,4,18,38,21,6,5,12,94,3,163,
37,6,16,39,24,5,4,12,96,37,5,16,41,22,6,3,12,96,36,5,23,42,18,7,4,13,101,39,6,17,41,22,6,4,12,102,-7,215,
37,6,16,39,24,6,4,12,97,37,5,16,41,22,6,3,12,96,37,9,20,40,21,7,6,14,105,39,6,21,45,21,7,5,14,105,-13,171,
37,6,15,39,24,5,4,12,96,37,5,16,41,22,6,3,12,96,37,6,18,43,20,6,4,12,100,37,7,14,40,22,6,4,11,96,-14,188,
37,6,15,39,24,5,4,12,96,37,5,16,41,22,6,3,12,96,35,6,16,37,21,8,4,12,95,35,6,19,38,20,6,4,15,97,9,173,
37,6,15,39,24,5,4,12,96,36,5,16,41,22,6,3,12,96,34,5,17,39,18,7,4,12,91,35,4,19,42,21,5,5,14,95,25,195,
37,6,15,39,24,5,4,13,96,36,5,16,40,22,7,3,12,95,37,8,22,39,20,7,3,14,104,39,7,19,40,23,7,6,13,106,-15,189,
37,6,15,39,24,5,4,13,96,36,5,16,40,22,6,3,12,96,37,6,19,42,20,6,5,13,100,35,6,18,40,22,7,3,12,95,-21,191,
37,6,15,38,24,6,4,12,95,36,5,16,40,22,6,3,12,96,35,5,15,38,19,7,3,12,91,37,6,18,41,22,7,5,13,99,8,200,
37,6,15,38,24,6,4,12,96,37,5,16,40,22,6,3,12,96,36,5,17,43,20,6,4,13,96,35,4,18,38,20,6,5,12,93,-33,195,
37,6,15,37,24,6,4,12,95,37,5,16,40,22,6,3,12,96,34,4,17,40,20,5,4,12,91,37,5,20,41,22,6,5,11,100,11,185,
37,6,15,37,24,6,4,12,95,37,5,16,39,22,6,3,12,96,35,9,17,42,19,6,4,13,99,36,6,18,39,21,7,4,12,97,3,167,
37,6,15,38,23,6,4,12,95,37,5,16,39,22,6,3,12,96,36,4,17,39,22,8,3,13,94,33,5,18,40,18,6,4,14,90,5,171,
36,6,15,38,23,5,4,12,95,36,5,16,40,22,6,3,11,95,38,7,17,40,20,7,4,13,101,38,5,17,39,20,6,4,12,99,-7,187,
36,5,15,38,23,5,4,12,95,36,5,16,40,22,6,3,11,95,37,6,20,42,20,6,4,13,101,35,6,18,40,22,7,3,12,95,-8,188,
39,4,18,38,27,7,4,14,101,33,6,19,37,18,7,3,15,92,36,6,15,41,21,5,5,12,96,35,5,18,41,17,6,5,12,94,12,192,
39,4,17,37,27,7,4,14,101,33,5,19,37,18,7,3,15,92,34,7,16,40,20,6,6,15,93,35,5,22,43,21,7,6,13,98,11,187,
39,4,17,38,26,7,4,14,101,33,5,19,37,18,7,3,15,92,35,4,18,40,21,6,4,15,94,37,5,22,43,21,9,4,13,102,4,164,
39,4,17,38,26,7,4,14,99,33,5,19,38,18,7,3,15,91,33,5,19,42,18,7,3,13,91,35,7,17,41,22,7,5,13,95,-2,164,
38,4,16,38,25,7,4,14,98,33,5,19,37,18,7,3,15,90,37,6,18,43,18,7,4,17,99,40,8,22,43,25,9,6,14,111,3,189,
38,4,16,37,25,7,4,14,98,33,5,19,38,18,7,3,15,90,38,8,19,44,21,7,4,13,105,39,6,16,38,22,6,5,13,101,2,208,
39,4,16,37,25,7,4,14,98,33,5,18,37,18,7,3,15,91,38,5,19,41,20,7,3,15,100,40,5,20,39,23,8,5,14,106,20,224,
39,4,16,37,26,7,4,14,100,33,5,18,37,18,7,3,14,92,37,8,21,40,23,7,5,14,103,40,6,19,44,22,7,6,13,107,-6,210,
39,4,16,37,25,7,4,14,100,34,5,18,37,18,7,3,14,93,37,4,18,41,20,6,4,13,97,40,5,22,42,23,7,5,14,107,24,214,
39,5,16,38,26,8,4,14,101,34,5,18,37,18,7,3,15,93,33,5,18,39,19,7,4,16,90,36,7,18,37,22,8,6,14,98,5,193,
39,5,16,36,25,7,4,14,101,34,5,19,37,18,7,3,14,93,35,9,17,40,18,5,4,13,97,36,6,17,39,20,7,4,12,96,3,215,
39,5,16,36,25,8,4,13,101,34,5,19,37,18,6,3,14,93,34,5,16,37,18,7,4,12,90,37,5,18,41,22,7,5,13,98,4,168,
39,5,16,37,25,7,4,14,100,34,5,19,37,18,7,3,14,93,36,5,20,39,24,7,5,13,98,34,7,22,40,21,7,5,14,98,24,196,
39,5,16,36,25,8,4,14,101,33,5,19,37,18,6,3,15,92,34,5,18,40,19,6,3,13,93,39,9,18,43,24,8,6,13,107,17,207,
39,5,16,37,26,8,4,13,101,33,5,19,37,19,6,4,15,93,35,7,16,39,23,6,3,12,96,36,6,15,40,21,6,4,12,94,-4,198,
39,5,16,37,25,8,4,13,101,34,5,19,37,19,6,4,14,93,35,9,17,40,19,5,4,12,99,36,6,17,40,21,6,4,12,97,11,171,
39,5,17,36,25,8,4,13,101,34,5,19,37,18,6,3,14,92,37,6,19,43,21,7,4,12,101,38,7,14,39,22,6,4,11,97,-6,178,
39,5,16,37,25,7,4,13,100,34,5,19,37,18,6,4,14,92,37,7,19,41,20,7,5,13,101,35,6,18,40,22,7,3,12,94,3,167,
38,5,17,37,25,7,4,13,99,33,5,19,37,18,6,4,14,92,34,4,17,39,19,4,4,12,91,37,5,20,40,22,6,5,11,100,14,174,
38,5,17,37,25,7,4,13,99,33,5,18,37,18,6,4,14,92,39,8,18,38,23,6,3,13,104,40,7,19,43,25,7,4,13,106,12,218,
38,5,17,37,25,7,4,13,100,33,5,19,37,18,6,4,14,92,38,8,15,41,20,9,4,15,100,37,7,24,45,23,8,5,15,107,4,210,
38,5,17,37,25,8,4,13,100,34,5,19,37,18,6,4,14,92,35,6,18,40,20,7,3,15,96,37,8,20,39,22,7,5,12,104,-5,211,
38,5,17,37,25,8,4,13,100,34,5,19,37,19,6,4,14,93,34,5,17,39,18,7,4,12,92,35,5,19,42,21,5,6,14,95,31,143,
38,5,18,37,24,8,4,13,100,33,5,18,37,18,6,4,14,92,35,7,19,42,19,7,5,15,97,37,6,20,43,22,7,5,13,103,12,172,
38,5,18,37,24,8,4,13,99,33,5,18,37,19,6,4,14,91,37,3,18,41,20,9,4,14,97,36,7,19,42,22,7,7,15,100,-3,177,
37,5,18,37,24,8,4,13,99,33,5,18,37,18,6,4,14,91,33,4,18,40,19,6,4,14,90,36,7,18,38,22,7,6,12,98,-2,164,
37,5,18,37,24,7,4,13,99,33,5,18,37,18,6,4,14,91,35,5,15,38,19,7,3,12,92,37,6,18,41,22,7,5,13,99,11,191,
37,5,18,37,24,7,4,13,99,33,5,18,37,18,6,3,14,91,37,4,17,41,21,7,3,12,97,37,5,19,42,21,7,5,13,99,17,181,
37,5,18,37,24,7,4,13,99,33,5,18,37,18,6,3,14,91,36,4,18,38,18,7,5,15,96,40,7,21,44,24,7,5,14,109,16,192,
37,5,18,37,24,8,4,13,99,33,5,18,37,18,6,3,14,91,37,9,20,40,21,7,6,13,105,39,6,20,45,21,6,5,13,105,10,214,
36,6,18,41,21,9,4,13,97,33,6,19,39,17,6,4,16,92,38,7,14,40,21,9,3,16,98,37,7,24,44,24,9,7,15,107,1,191,
36,6,18,41,22,9,4,13,97,33,6,19,39,17,7,4,16,92,33,5,19,40,18,7,4,12,92,35,5,20,42,21,5,6,15,96,26,186,
36,6,18,41,22,9,4,13,98,33,6,19,38,17,7,3,16,91,36,5,20,39,24,7,5,13,98,34,7,20,41,20,6,5,14,97,11,189,
36,6,19,41,22,9,4,12,98,33,6,19,39,17,6,4,16,91,37,8,22,41,23,7,5,14,105,41,6,19,43,22,7,6,13,107,15,185,
36,6,18,41,22,9,4,12,98,32,6,19,39,17,6,4,16,91,36,6,19,42,20,7,5,13,100,34,5,17,39,21,7,2,13,91,-7,207,
36,6,18,41,22,9,4,12,98,33,6,18,39,17,6,3,16,92,37,10,21,41,21,7,7,14,107,40,6,19,44,22,7,4,14,106,-14,186,
36,6,19,41,22,8,4,12,97,34,5,18,38,18,7,4,16,92,34,5,17,40,19,5,4,13,91,36,5,20,41,22,6,5,11,100,7,185,
36,6,19,41,21,8,4,12,97,34,5,17,38,18,7,3,15,92,36,6,18,44,17,7,4,17,98,39,8,22,42,25,9,6,14,110,11,215,
36,6,19,41,21,8,4,12,98,34,5,18,39,18,6,4,15,92,37,6,17,42,20,7,3,15,99,37,9,21,38,22,8,6,12,106,15,201,
36,6,19,41,21,8,4,12,99,34,5,18,38,18,6,3,15,92,35,7,17,41,20,6,5,14,95,36,6,20,43,22,7,5,13,100,5,189,
36,6,19,41,22,8,4,12,99,34,5,17,39,18,6,4,15,92,38,4,17,42,20,7,4,14,98,40,5,20,41,22,7,5,14,107,-15,177,
36,6,18,40,21,8,4,12,98,34,5,17,39,18,6,4,15,93,37,5,16,38,23,8,4,13,96,33,4,18,38,18,6,4,15,90,-10,166,
36,6,18,40,21,8,4,12,97,34,5,17,39,18,6,4,16,92,37,8,19,42,21,7,3,12,102,38,6,16,40,21,6,5,12,99,13,185,
36,5,18,41,21,8,4,12,97,34,5,17,39,18,6,3,15,92,37,5,16,43,21,6,4,14,96,35,5,18,38,21,6,5,12,95,6,212,
36,5,19,40,21,8,4,12,97,35,5,17,39,18,6,3,15,92,34,5,19,41,19,7,3,13,94,35,6,17,39,21,6,5,13,94,7,199,
36,5,19,39,21,8,4,12,98,35,5,17,39,18,6,3,15,93,37,6,19,43,21,6,4,12,100,37,7,14,39,22,6,4,11,97,-5,207,
36,5,19,39,21,8,4,12,98,35,5,17,39,18,6,3,15,93,36,8,23,38,19,7,3,14,104,40,7,19,41,23,7,6,12,107,1,213,
36,6,19,40,21,8,4,12,98,35,5,17,39,18,6,3,15,94,35,6,17,40,20,6,3,12,95,35,5,17,39,19,6,4,12,94,-7,173,
36,6,19,39,21,8,4,12,97,35,5,17,40,18,7,3,15,93,37,8,20,40,23,7,4,13,105,41,6,19,42,22,7,5,13,107,-16,190,
36,6,19,39,20,8,4,12,97,35,5,17,39,18,7,3,15,94,33,4,19,40,19,6,4,14,91,36,7,18,39,22,7,6,12,98,24,162,
36,6,19,39,20,8,4,12,97,35,5,17,40,18,6,3,15,93,37,8,16,39,23,6,4,12,99,37,6,15,40,21,6,4,11,96,3,205,
36,6,19,39,20,8,4,12,97,35,5,17,39,18,6,3,15,93,35,5,18,38,20,6,3,13,94,39,9,18,43,23,7,6,13,107,41,181,
36,6,18,39,21,8,4,12,98,34,5,17,38,18,6,3,15,92,37,4,17,42,21,7,3,13,98,37,5,19,42,21,7,4,12,99,9,211,
36,6,18,39,21,8,4,12,98,35,5,17,38,18,6,3,15,93,36,5,17,38,18,7,5,14,95,39,7,21,44,23,7,4,14,108,35,187,
36,6,19,39,21,8,4,12,98,34,5,17,38,18,7,3,15,92,37,7,18,41,21,7,4,12,101,38,5,16,39,20,6,5,12,99,2,194,
36,6,18,39,21,8,4,12,98,34,5,16,38,18,7,3,15,92,37,5,22,42,19,7,5,13,102,39,5,17,42,21,6,4,12,101,7,189,
36,6,19,39,21,8,4,12,98,34,6,17,38,18,7,3,15,92,37,8,17,39,23,6,4,12,99,37,6,16,40,21,6,4,12,96,8,200,
36,6,19,39,21,8,3,12,98,34,6,17,38,18,6,3,15,92,38,7,15,40,20,8,4,15,100,38,7,23,45,24,8,5,14,108,-21,195,
36,6,19,39,21,8,3,12,98,34,6,17,38,18,6,3,15,93,37,6,18,43,20,6,4,12,99,37,6,14,40,21,6,4,12,95,7,179,
36,6,19,39,21,8,3,12,98,34,6,16,38,18,6,3,15,92,37,3,17,41,20,9,4,14,97,35,7,19,41,22,7,6,15,99,13,191,
40,4,18,37,19,8,5,12,104,39,8,17,40,22,7,4,14,103,34,5,18,38,19,7,4,13,93,35,5,20,39,20,6,4,14,97,13,159,
39,4,18,38,18,8,5,12,102,38,7,16,40,22,7,5,15,101,33,5,18,38,19,7,5,16,91,35,7,18,36,21,8,5,14,97,33,193,
39,4,19,39,19,8,5,12,103,37,7,16,40,21,7,5,15,99,34,5,18,39,19,5,4,11,92,36,5,19,42,22,6,4,11,99,-7,195,
39,4,19,39,19,8,5,12,103,37,7,16,41,21,7,5,15,99,37,5,21,41,19,7,3,15,101,41,5,20,40,23,8,5,13,108,11,181,
39,4,19,38,19,9,5,13,102,37,7,16,40,21,7,5,16,98,34,4,25,43,16,8,5,13,99,39,6,16,41,22,7,5,13,100,5,215,
39,4,19,38,19,9,5,13,103,37,7,16,39,20,7,5,15,99,36,5,20,39,24,7,5,13,98,34,7,21,40,20,6,5,14,97,11,209,
39,4,19,38,19,9,5,13,103,37,7,16,39,21,7,5,16,99,37,7,16,40,24,6,4,12,99,36,6,15,40,21,6,3,12,95,19,159,
39,4,19,38,19,9,5,13,102,36,7,16,39,20,7,5,16,97,36,4,17,45,20,7,4,14,96,36,5,18,39,21,7,6,13,96,-12,180,
38,4,19,38,19,9,5,12,101,36,7,16,39,20,7,5,15,97,37,8,21,41,23,7,5,14,104,40,6,18,42,23,7,5,13,107,5,225,
39,4,19,38,19,9,5,12,102,36,7,17,38,20,7,5,15,98,36,5,17,36,19,7,5,15,95,40,7,21,44,22,7,5,15,109,14,200,
39,3,19,38,19,9,5,12,102,36,7,17,38,20,7,5,15,97,35,9,17,40,19,5,4,12,98,36,6,18,40,20,6,4,12,97,3,197,
39,3,19,38,20,8,5,12,102,36,7,17,38,20,7,5,15,97,34,5,18,40,19,6,3,13,93,39,9,18,44,24,7,6,13,108,7,217,
39,3,19,38,20,8,5,12,102,36,7,17,38,20,7,5,15,98,37,6,19,44,21,6,4,12,102,38,7,14,39,22,6,4,11,98,-9,177,
39,3,19,38,19,9,5,12,102,36,7,17,39,20,7,5,15,97,34,5,17,39,18,7,4,12,91,35,5,19,42,21,5,5,14,95,3,175,
39,3,19,38,19,9,5,13,101,36,7,17,39,20,7,5,15,97,36,8,23,39,20,7,3,14,104,40,7,19,40,23,7,6,13,107,8,224,
39,3,19,39,19,9,5,12,102,36,7,17,38,20,7,5,15,97,37,4,18,42,21,7,3,12,97,36,6,19,42,21,7,5,12,100,11,193,
39,3,19,38,19,9,5,12,102,36,7,17,39,20,7,5,15,97,38,4,18,42,20,7,4,15,99,40,6,19,41,22,7,5,13,107,28,212,
39,3,19,39,19,9,5,12,102,36,6,17,39,20,7,5,15,97,37,7,17,41,21,6,3,12,101,38,5,16,39,20,6,4,11,97,16,202,
40,3,19,39,19,9,5,12,102,36,7,17,39,20,7,5,15,97,34,5,18,40,19,7,3,12,93,35,6,16,39,21,6,5,13,94,-7,189,
39,3,19,39,20,9,5,12,102,36,6,17,38,20,7,5,15,97,36,5,23,42,18,7,4,13,101,39,6,17,41,22,6,4,12,102,6,208,
40,3,18,39,20,9,5,12,102,36,6,17,38,20,7,5,15,97,37,9,20,40,21,7,6,14,104,38,6,20,45,20,6,5,14,104,-2,218,
39,3,19,39,20,9,5,12,102,36,7,17,38,20,7,5,15,97,36,6,18,41,20,7,3,15,97,37,7,20,39,22,7,5,12,104,23,187,
40,3,19,38,20,9,5,12,102,36,7,17,38,20,6,5,15,97,35,7,18,42,19,7,5,15,97,37,6,21,43,22,7,5,13,102,21,177,
40,3,18,38,20,9,5,12,102,36,7,17,38,19,6,5,16,96,36,5,19,39,24,7,5,14,98,36,7,22,40,22,7,5,14,103,18,188,
40,3,18,39,20,9,5,12,102,36,6,17,37,19,6,5,16,96,37,7,17,41,21,7,3,12,101,38,5,16,39,20,6,4,12,99,7,215,
40,3,18,39,20,9,5,12,103,36,6,17,37,19,6,5,15,96,38,7,15,40,20,9,4,15,100,38,7,23,45,24,8,5,15,108,19,201,
40,3,18,39,20,9,5,12,103,36,6,16,38,19,6,5,15,96,37,6,18,43,19,7,4,17,99,40,7,21,42,25,9,6,13,109,17,195,
40,3,18,39,20,9,5,12,103,36,6,16,36,19,6,5,16,96,36,6,18,40,20,7,3,15,97,38,7,20,39,22,7,5,12,104,-1,163,
40,3,18,39,20,9,5,12,102,36,6,16,37,19,6,5,16,95,38,4,17,42,21,7,4,15,100,40,6,19,40,22,8,6,13,107,5,197,
40,3,18,39,20,9,5,12,102,36,6,16,38,19,6,5,16,95,35,5,18,40,19,7,4,12,94,35,6,17,39,21,6,5,13,94,22,200,
41,8,20,44,25,9,5,14,110,36,7,17,41,22,8,4,16,97,33,5,19,39,17,7,4,12,91,35,5,20,42,22,5,6,15,97,-19,177,
40,7,19,43,24,9,5,15,107,36,7,17,40,22,8,4,16,97,36,7,18,41,20,7,5,13,99,33,5,17,39,21,6,2,13,90,-16,176,
40,7,18,44,24,8,5,14,105,36,7,17,41,22,8,4,16,97,36,4,18,41,20,6,4,14,95,36,6,21,43,22,8,4,12,101,4,200,
40,7,18,43,24,8,5,14,105,36,7,17,40,23,8,4,15,97,37,4,17,41,20,9,4,15,96,36,7,20,44,22,8,6,17,100,-19,189,
39,7,17,43,23,8,5,15,104,36,7,17,40,23,9,4,15,98,34,5,16,37,18,7,4,12,90,37,6,18,40,21,7,5,13,98,25,191,
39,7,17,43,23,8,5,14,104,36,7,17,40,23,8,4,15,97,33,5,18,41,18,8,3,13,90,35,7,16,40,22,7,6,13,93,4,198,
39,6,17,43,23,8,5,14,104,36,7,17,40,23,8,4,15,97,38,10,21,41,22,7,6,15,108,40,6,19,44,22,7,4,14,106,22,196,
39,7,18,43,23,8,5,14,104,36,7,17,41,23,8,4,15,96,34,6,19,38,20,6,2,12,95,39,9,19,42,23,7,6,13,107,55,169,
40,7,17,44,23,8,5,14,104,35,7,17,41,22,8,4,15,94,34,5,17,40,19,5,4,13,91,36,5,20,41,22,6,4,12,100,12,188,
39,7,18,44,23,8,5,13,104,35,6,16,41,22,8,4,15,94,35,4,24,42,17,8,5,13,100,39,5,16,41,21,7,4,13,101,7,195,
39,7,18,44,23,8,5,13,104,35,6,16,41,22,8,4,14,94,35,5,20,39,24,7,5,14,97,34,7,22,40,21,8,5,14,99,29,211,
39,7,18,43,23,8,5,14,105,35,6,16,40,22,8,4,14,94,38,4,17,41,20,7,4,14,98,40,5,19,42,22,7,5,14,105,-5,195,
39,7,18,42,23,8,5,14,104,35,6,16,40,22,8,4,15,94,36,5,17,38,22,8,4,13,95,33,4,18,40,18,6,4,15,89,-13,205,
39,6,18,42,23,8,5,13,104,36,6,16,40,23,8,4,15,95,37,8,21,40,23,7,4,14,105,41,6,19,42,23,8,5,13,108,8,220,
39,6,18,42,23,8,5,13,104,36,6,16,40,23,8,4,14,95,37,8,19,42,21,7,3,12,102,38,6,16,40,21,6,5,12,99,-1,177,
39,6,18,42,23,8,5,13,104,36,6,15,40,23,8,4,14,95,35,6,17,39,20,6,3,12,96,35,5,16,39,19,6,4,12,94,24,184,
39,6,19,43,23,7,5,13,104,36,6,16,40,22,8,4,14,94,36,6,18,40,20,6,3,15,96,37,8,21,38,22,7,5,12,105,13,203,
39,6,18,43,23,7,5,13,104,35,6,16,40,22,7,4,14,94,33,4,19,40,19,6,4,14,91,36,7,18,38,22,7,6,13,98,8,176,
39,6,18,43,23,7,5,13,103,35,6,16,41,22,7,4,14,94,36,9,17,40,19,6,4,13,99,36,6,18,40,21,7,4,12,97,13,181,
39,6,18,43,23,7,5,13,103,35,6,15,40,22,7,4,14,94,37,6,19,44,19,7,4,17,99,39,7,22,42,25,9,6,13,109,8,204,
39,6,18,43,23,7,5,13,103,35,6,15,40,22,7,4,14,94,35,6,16,37,21,8,4,12,94,35,6,18,38,20,6,4,14,97,4,164,
39,6,18,43,23,7,5,13,103,35,6,15,41,22,7,4,14,93,39,8,17,38,23,6,3,13,104,39,6,19,43,24,7,4,13,106,2,276,
39,6,18,43,23,7,5,12,104,36,6,15,40,23,7,4,14,95,36,6,18,40,20,7,3,15,97,38,7,20,39,22,7,5,12,104,8,216,
39,6,18,43,23,7,5,12,104,36,6,15,40,23,7,4,14,95,35,5,18,39,19,7,4,12,94,35,6,17,39,21,6,5,13,94,18,186,
39,6,18,43,23,7,5,12,104,36,6,15,40,23,7,4,14,94,37,8,17,39,23,6,4,12,99,37,6,15,39,21,6,4,12,96,28,192,
39,6,19,43,23,7,5,12,104,36,6,15,40,22,7,4,14,94,36,8,22,40,20,7,3,14,103,39,7,19,40,22,7,6,13,104,-5,185,
39,6,18,43,23,7,5,12,104,36,6,15,40,22,7,4,14,94,36,5,19,38,23,7,5,14,98,36,7,22,40,22,7,5,14,103,-1,171,
39,6,18,43,23,7,5,12,103,36,6,15,41,22,7,4,14,94,36,5,22,42,19,7,5,13,101,38,5,17,42,21,6,4,12,100,-14,226,
39,6,19,43,23,7,5,12,103,36,6,15,41,22,7,4,14,95,38,7,17,40,20,7,3,12,101,38,5,17,39,20,6,4,12,99,9,195,
39,5,18,41,21,7,3,14,103,37,7,20,38,20,7,5,14,101,37,4,17,44,20,7,4,14,96,36,5,20,40,23,7,6,13,97,-17,203,
39,4,18,40,21,7,3,13,102,37,7,19,38,21,7,5,14,102,34,5,18,40,19,5,4,11,92,36,5,20,42,22,6,4,11,99,6,190,
39,5,17,40,21,7,3,13,102,37,6,19,38,20,7,5,14,101,37,7,20,43,21,7,4,11,102,37,6,14,41,21,6,5,11,97,-10,230,
39,5,18,40,22,7,3,13,102,37,6,20,38,20,7,5,14,102,33,5,17,38,16,6,4,13,88,37,5,18,42,20,8,5,12,98,-22,208,
39,5,18,40,22,7,3,14,101,38,6,20,38,21,7,5,14,103,38,5,17,38,23,8,4,13,99,33,5,18,37,18,6,4,15,91,-14,172,
39,4,17,40,22,7,3,14,100,38,6,19,38,21,7,5,14,102,35,4,17,41,19,6,4,14,93,38,5,21,42,22,7,5,13,104,6,230,
39,5,17,40,22,7,3,14,101,38,6,20,38,21,7,5,13,103,35,6,17,39,21,6,4,13,96,35,5,17,40,18,6,4,12,94,-3,205,
39,4,17,39,22,7,3,14,101,38,6,20,38,21,7,5,13,103,33,5,16,37,18,7,4,12,89,37,5,18,40,21,7,5,13,98,-6,196,
39,4,17,40,22,7,3,13,101,38,6,20,38,21,7,5,13,103,37,4,17,41,20,9,4,15,97,36,7,19,42,21,8,6,16,99,-2,198,
39,4,17,40,22,6,4,13,101,38,6,20,39,21,7,5,13,103,36,4,18,42,20,6,3,13,95,36,6,21,43,21,8,5,12,101,-13,201,
39,4,17,40,22,7,4,13,100,38,6,19,39,21,7,5,13,103,34,5,17,40,18,6,5,11,91,34,5,19,42,21,5,5,14,94,-6,226,
39,4,17,40,22,7,4,13,101,38,6,20,39,21,7,5,13,103,37,6,18,44,18,7,4,17,99,39,8,22,42,25,9,5,14,110,11,211,
39,4,17,40,23,7,4,13,101,38,6,20,39,21,7,5,13,103,37,7,18,42,21,7,3,12,101,38,5,16,40,21,6,5,12,98,-11,211,
40,4,17,39,23,7,4,13,101,38,6,19,39,21,7,5,13,103,35,6,16,39,21,7,5,12,93,35,6,19,40,20,6,4,14,98,-6,198,
39,4,17,39,23,7,4,13,101,38,6,19,39,21,7,5,13,103,37,6,17,41,20,7,3,15,98,38,8,20,39,22,7,6,12,106,5,191,
39,4,17,39,22,7,4,13,101,38,6,19,39,21,7,5,13,103,37,7,19,41,20,6,5,13,100,34,6,18,41,22,7,3,12,94,-8,198,
39,4,17,39,23,7,4,13,100,38,6,20,39,21,7,5,13,103,37,5,17,43,20,6,4,13,96,35,5,18,38,21,6,5,12,95,5,231,
39,4,17,38,23,7,4,13,101,38,6,20,39,21,7,5,13,103,38,8,18,38,23,6,3,13,104,40,7,19,43,25,7,4,13,107,-18,202,
39,4,17,38,23,7,4,13,101,38,6,20,39,21,7,5,13,104,37,8,16,39,23,6,4,12,99,37,6,15,40,21,6,4,11,96,-18,210,
39,4,17,38,23,7,4,13,101,38,6,20,39,21,7,5,13,104,34,5,19,40,19,7,3,12,94,35,6,17,39,21,6,5,13,94,6,186,
39,4,17,38,23,7,4,13,100,38,6,20,39,21,7,5,13,103,36,5,19,39,24,7,5,14,98,36,7,22,40,22,7,5,14,102,-2,190,
39,4,17,38,23,7,4,13,100,38,6,19,39,21,7,5,13,103,35,7,18,42,19,7,5,15,97,37,6,20,43,23,7,5,13,103,10,206,
39,4,17,38,23,7,4,13,100,38,6,19,38,21,7,5,13,103,33,4,18,40,19,6,4,14,90,36,7,18,38,22,7,6,12,98,-5,185,
39,4,17,39,23,7,4,13,100,38,6,19,38,21,7,5,13,103,36,5,17,37,18,7,5,14,95,39,7,21,44,23,7,4,14,108,9,223,
39,4,17,39,23,7,4,13,101,38,6,20,38,21,7,5,13,103,34,5,16,39,18,7,4,12,91,35,5,19,42,21,5,5,14,95,-6,202,
39,4,17,39,23,7,4,13,100,38,6,20,38,21,7,5,13,103,35,9,17,42,19,6,4,13,99,36,6,18,39,21,7,4,12,97,4,200,
39,4,17,39,23,7,4,13,100,38,6,19,38,21,7,5,13,103,35,5,18,38,19,6,3,13,94,40,8,18,42,23,7,6,13,108,-8,200,
39,4,17,39,23,6,4,13,100,38,6,20,38,21,7,5,13,103,35,5,17,39,20,5,4,12,92,38,5,20,41,22,6,5,11,102,7,191,
39,4,18,39,23,6,4,13,100,38,6,20,38,20,7,5,13,102,37,6,20,41,20,6,4,13,101,35,6,18,39,22,7,3,12,95,-18,176,
37,6,18,41,22,7,5,10,99,32,4,20,40,18,5,4,13,91,37,7,20,43,21,7,4,11,103,38,6,15,41,21,5,5,11,98,-12,174,
36,6,18,42,22,7,5,10,98,32,4,20,40,18,5,4,13,91,35,5,17,37,18,7,5,16,94,40,7,20,45,23,8,5,15,109,12,206,
37,5,18,41,22,7,4,11,98,33,4,20,40,18,5,4,13,91,36,4,17,45,19,7,4,14,96,36,5,17,39,22,7,6,13,96,6,204,
37,5,18,41,22,7,4,11,99,33,4,20,40,18,5,4,13,92,34,7,16,41,19,6,5,14,92,35,6,21,44,22,8,6,13,99,-8,214,
37,5,18,41,22,7,4,11,99,34,4,19,40,19,5,4,13,93,33,5,18,39,17,7,4,12,91,35,5,19,42,21,5,6,14,94,1,189,
37,6,18,39,22,7,4,11,99,34,4,19,39,20,6,4,13,93,33,4,18,39,19,6,4,16,90,36,7,18,37,22,7,6,14,98,4,188,
37,6,18,40,22,7,4,11,98,34,4,19,41,20,6,4,13,93,35,5,20,39,24,7,5,14,97,34,7,22,40,21,7,5,14,99,11,181,
37,6,18,41,22,7,4,11,98,34,4,18,41,20,6,4,13,92,38,8,19,38,23,5,3,14,105,40,7,20,43,25,7,4,13,109,10,200,
37,5,18,41,22,7,4,11,99,34,4,18,40,20,6,4,13,93,37,4,17,41,20,9,4,14,96,36,7,19,42,21,7,7,16,99,-5,193,
37,6,18,40,22,7,4,11,98,34,4,18,40,20,6,4,13,93,36,8,23,39,19,7,3,14,104,39,7,19,41,22,6,6,13,106,11,209,
37,6,18,40,23,7,4,11,99,34,4,18,40,20,6,4,13,93,37,9,20,40,21,7,6,14,105,39,6,20,45,21,7,4,14,106,2,198,
37,6,18,40,23,7,4,11,99,34,5,18,40,20,6,4,13,93,35,9,17,40,18,5,4,12,98,36,6,18,40,21,6,4,12,97,-4,194,
37,6,17,40,23,7,4,11,99,34,5,18,40,20,6,4,13,93,38,7,18,42,21,7,3,12,102,38,5,16,39,21,6,4,12,98,6,148,
37,6,17,41,22,7,4,11,98,34,5,18,41,20,6,4,14,93,36,5,17,38,18,7,5,15,95,39,6,21,44,23,7,4,14,107,23,211,
37,6,18,41,23,7,4,11,99,34,5,18,40,20,6,4,13,93,34,5,16,38,18,7,3,12,90,36,5,18,41,21,6,5,13,97,16,204,
37,6,18,41,23,7,4,12,99,34,5,18,40,20,6,4,13,93,37,8,16,39,23,6,4,12,99,37,6,15,40,21,6,4,11,96,-8,194,
37,6,17,41,23,7,4,12,99,34,5,18,40,20,6,3,13,93,37,6,19,44,18,7,4,17,100,39,7,22,42,25,9,5,13,109,11,211,
37,6,17,41,23,7,4,11,99,35,5,18,40,20,6,3,13,93,38,8,15,40,20,9,4,15,100,38,7,24,45,23,8,5,15,107,8,242,
38,5,18,41,23,7,4,12,100,35,5,18,40,20,6,4,14,94,36,5,23,42,18,7,5,13,101,39,6,17,41,22,6,4,12,102,-5,215,
38,6,18,41,23,7,4,12,100,35,5,17,41,21,6,4,14,94,36,5,17,39,23,9,4,13,95,33,4,18,39,18,7,4,15,90,3,175,
38,6,18,41,23,7,4,12,100,35,5,17,41,21,6,4,14,94,35,6,17,40,20,6,4,13,94,35,5,17,39,19,6,4,12,94,5,205,
38,6,18,41,23,7,4,11,100,35,5,17,41,21,6,4,13,94,38,4,17,43,21,7,4,15,100,40,6,19,40,22,8,5,13,107,-3,225,
38,6,18,41,23,7,4,11,100,36,5,18,41,21,6,3,14,95,38,8,20,40,23,7,4,13,106,41,5,18,41,22,7,5,13,106,11,205,
38,6,18,41,23,7,4,11,100,35,5,18,41,21,6,3,14,95,35,4,17,40,20,5,4,12,92,37,5,20,40,22,6,5,11,101,25,205,
38,6,18,41,23,7,4,11,101,36,5,17,41,21,6,3,13,95,37,9,20,40,21,7,6,13,104,39,6,21,45,21,7,5,14,105,-5,189,
38,6,17,41,23,7,4,11,101,36,5,17,41,21,6,4,13,95,37,4,18,40,20,7,4,14,98,40,6,20,43,24,7,6,13,108,5,191,
38,5,18,41,23,7,4,11,100,35,5,17,41,21,6,4,13,95,35,9,17,40,19,6,4,13,99,36,6,18,39,21,7,4,12,97,-10,180,
38,5,17,41,23,7,4,11,100,35,5,17,42,21,6,4,13,95,35,5,15,37,19,7,3,12,92,37,6,18,40,22,7,5,13,99,-4,204,
34,5,20,39,18,4,4,15,94,36,6,19,41,22,7,4,11,98,37,5,17,41,22,6,4,15,97,36,6,24,42,21,9,4,13,104,-5,159,
33,5,20,40,17,4,4,14,93,35,6,19,41,22,6,4,11,97,36,5,17,36,18,7,5,16,96,42,7,21,44,24,7,5,14,113,8,186,
33,5,21,41,17,4,4,15,93,35,6,19,40,21,6,4,11,96,36,6,16,40,21,6,4,12,95,36,5,17,40,18,6,4,12,95,7,171,
33,5,20,42,17,4,4,15,93,35,6,19,40,21,6,4,12,95,33,7,17,39,16,5,4,13,92,35,6,17,39,20,6,4,11,95,-16,192,
33,5,20,42,17,5,4,15,92,35,6,19,40,22,7,4,12,96,37,4,17,45,20,7,4,15,96,36,5,18,39,22,7,6,13,96,2,190,
33,5,20,41,17,5,4,15,93,35,6,19,40,21,6,4,12,96,32,5,18,40,16,7,4,12,89,35,5,19,42,21,5,6,15,95,-23,207,
33,5,20,41,17,5,4,14,92,35,6,19,40,22,6,4,12,97,36,6,20,39,24,7,5,13,98,34,7,21,40,21,7,5,14,98,8,198,
33,5,20,41,18,5,4,15,93,35,6,19,39,21,7,4,12,97,33,5,16,37,18,7,4,12,89,37,5,18,41,22,7,5,13,97,15,163,
33,5,20,41,18,5,4,15,93,34,6,19,39,21,7,4,11,95,35,7,16,39,23,6,4,12,96,36,6,15,40,21,6,3,12,95,-1,173,
33,5,20,41,18,5,4,15,92,34,6,20,39,21,7,3,12,95,34,5,18,40,20,6,3,13,93,39,9,18,43,24,8,6,13,108,2,204,
33,5,20,41,18,5,5,14,93,34,6,20,39,21,7,3,12,95,37,4,17,41,20,9,4,15,97,36,6,19,42,21,7,7,16,99,5,181,
34,5,19,41,19,5,5,14,93,34,6,19,39,20,7,3,12,95,36,8,23,38,19,7,3,14,104,39,7,19,40,22,7,6,13,106,16,214,
34,5,19,41,19,5,4,14,94,34,6,20,38,20,7,3,12,95,36,4,18,41,21,6,3,13,95,36,6,20,42,21,8,5,12,100,-14,198,
34,5,19,40,19,5,4,14,94,34,6,20,38,21,7,3,12,95,35,7,17,41,20,6,5,15,96,37,6,21,42,23,7,5,12,102,-19,191,
34,5,19,40,19,5,4,14,93,35,6,20,38,20,7,3,12,96,34,5,19,41,19,7,3,13,93,34,6,17,39,21,6,5,13,93,2,204,
34,5,19,40,20,5,4,14,94,35,6,19,38,21,7,3,12,96,37,9,20,40,21,7,6,14,105,39,6,20,45,21,7,5,14,105,-10,200,
34,5,19,40,19,5,4,14,94,35,6,19,39,21,7,3,12,96,37,7,17,42,22,7,3,12,101,38,5,16,39,20,6,4,12,97,-17,187,
34,5,19,40,19,5,4,14,93,35,6,19,40,21,6,3,12,97,38,8,18,38,23,6,3,13,104,40,7,19,43,25,7,4,13,106,-1,207,
34,5,19,41,20,5,4,14,94,35,6,19,39,21,7,3,12,97,37,4,17,40,20,7,4,14,96,39,6,19,42,23,7,5,14,105,13,219,
35,5,19,41,20,5,4,14,94,35,6,19,39,21,6,3,12,97,37,4,17,40,20,7,3,14,96,39,6,19,42,23,7,5,14,106,1,273,
35,6,19,41,20,5,5,14,96,36,6,19,40,21,6,3,12,98,38,8,15,40,20,9,4,15,100,38,6,23,45,23,8,5,15,107,4,184,
35,6,19,41,20,5,5,14,96,36,6,19,39,21,7,3,11,98,35,6,18,40,20,7,3,15,96,37,8,20,39,22,7,5,12,104,4,200,
35,6,18,41,20,5,5,14,96,36,6,19,40,21,7,3,12,98,36,5,17,39,23,8,4,13,95,33,4,18,39,18,7,4,14,90,9,167,
35,6,18,41,20,5,5,14,96,36,6,18,41,21,7,3,11,97,36,5,17,43,20,6,4,13,96,35,4,18,37,20,6,5,12,93,-11,157,
35,6,18,42,20,5,5,14,95,36,6,18,41,21,7,3,11,97,35,7,18,42,19,7,5,15,96,37,6,20,43,22,7,5,13,102,-4,200,
35,6,18,42,20,5,5,13,95,36,6,18,41,21,7,3,12,97,38,8,20,40,23,7,4,13,106,41,5,18,41,22,7,5,13,107,-25,199,
35,6,18,42,20,5,5,13,95,36,6,18,41,21,7,3,12,97,37,6,20,41,20,6,5,13,101,35,6,18,40,22,7,3,12,95,-14,202,
35,6,18,42,20,5,5,13,95,36,6,18,41,21,7,3,12,98,37,6,18,43,19,7,4,17,99,40,7,21,42,25,10,6,13,109,2,212,
35,6,17,42,21,5,5,13,95,36,6,18,42,21,6,3,12,98,37,9,20,40,21,7,6,13,104,39,6,21,45,21,7,5,13,105,-23,209,
35,6,17,42,21,5,5,13,95,36,6,18,42,21,7,3,12,98,33,4,18,39,19,6,4,14,90,36,7,18,38,22,7,5,12,97,-2,208,
