34,4,20,38,18,8,6,15,93,34,7,19,42,19,8,3,15,96,39,2,21,40,24,8,4,15,103,36,5,25,38,21,8,6,15,104,2,206,
34,4,20,38,18,8,6,14,94,34,7,19,42,19,7,3,14,96,36,9,20,43,21,6,4,14,102,37,6,17,44,22,7,4,14,98,-7,235,
35,4,20,38,19,8,6,14,95,35,7,20,43,19,7,3,14,98,35,5,16,40,19,7,4,15,92,37,7,22,41,22,8,6,13,104,-5,201,
35,4,20,38,19,8,6,14,96,35,7,20,43,19,7,3,15,98,34,5,16,42,20,6,4,14,90,34,6,21,44,21,8,6,15,96,-30,222,
35,4,20,37,19,8,6,14,96,36,7,20,42,20,7,3,14,100,35,6,17,39,19,4,4,13,95,38,6,17,41,21,6,4,11,99,-7,189,
35,4,19,37,19,8,6,14,95,36,7,20,42,19,7,3,14,100,35,6,18,41,19,6,2,14,94,38,7,19,41,23,7,6,13,104,-4,172,
35,4,19,37,19,8,6,14,95,35,7,20,42,19,7,3,14,99,35,6,16,43,17,7,3,14,93,36,5,20,40,19,8,5,13,98,-7,187,
35,4,19,37,19,8,5,14,94,36,7,20,42,19,7,3,14,99,35,7,16,40,20,6,4,12,94,37,6,14,42,20,7,5,11,94,-1,179,
35,4,19,37,18,8,5,14,94,36,7,19,42,19,7,3,14,98,38,8,17,44,23,8,4,17,103,37,7,24,43,22,9,4,15,106,2,194,
35,4,18,38,19,8,5,14,94,35,7,19,42,19,7,3,14,98,34,7,21,41,19,8,4,13,98,32,5,19,39,18,6,5,15,90,-30,204,
35,4,19,37,19,8,5,14,94,36,7,20,43,19,7,3,14,99,34,6,19,41,23,6,4,14,96,37,5,23,41,21,9,5,12,103,-9,179,
35,4,19,38,19,8,5,14,93,36,7,19,43,19,7,3,14,99,36,7,16,39,22,6,3,11,97,36,7,16,42,23,5,4,13,97,-32,196,
34,4,19,37,19,7,5,14,93,36,7,19,42,20,8,3,14,99,39,7,19,42,22,7,4,14,105,37,6,18,42,21,7,4,12,101,-10,198,
35,4,18,38,19,8,5,14,93,36,7,19,42,20,8,3,14,100,38,6,20,41,20,9,5,15,103,40,8,18,46,25,7,5,15,107,-1,227,
35,4,18,38,19,8,4,14,94,36,7,19,42,20,8,3,14,100,35,3,18,41,18,7,5,14,93,37,7,16,37,23,6,6,13,98,-5,197,
35,4,18,38,19,8,4,14,94,36,7,19,43,20,8,3,14,100,35,6,19,38,20,7,3,16,97,37,7,21,41,24,8,5,14,103,21,193,
35,4,18,38,19,8,5,14,94,36,6,19,42,20,8,3,14,100,36,7,16,39,22,6,3,12,98,36,7,16,42,22,5,4,13,97,-25,191,
35,4,18,38,19,8,4,14,94,37,6,19,42,20,8,3,14,100,39,9,18,40,21,8,4,13,107,38,6,23,46,22,6,5,16,107,-35,233,
35,4,18,37,19,8,5,14,94,37,7,19,42,20,8,3,14,101,34,4,21,39,19,7,4,13,94,38,6,19,44,22,7,5,13,102,-1,197,
35,5,18,37,19,8,4,14,94,37,7,19,42,20,8,3,14,101,35,5,18,40,19,6,2,13,94,39,6,19,43,23,7,6,12,104,-3,179,
35,5,17,38,19,8,4,14,94,37,7,19,42,20,8,3,14,101,37,9,20,42,20,6,3,14,104,37,6,19,42,23,6,4,13,101,-9,197,
35,5,17,38,19,8,4,14,94,37,7,19,42,20,8,3,14,101,35,5,20,41,18,5,4,12,96,35,5,20,40,19,6,4,11,95,-25,171,
35,5,17,36,19,7,4,14,93,37,7,19,42,20,8,3,14,101,35,6,19,42,18,7,4,13,97,37,7,18,41,23,6,4,12,100,-17,189,
35,5,17,36,19,7,4,14,93,37,7,18,42,20,8,3,14,101,36,5,16,39,18,6,4,14,93,38,7,21,41,22,8,5,12,105,5,151,
35,5,17,36,19,7,4,14,93,37,7,18,42,20,8,3,14,100,38,8,14,40,19,7,3,11,98,37,7,15,41,22,5,4,12,97,-29,183,
34,5,17,36,19,7,4,14,92,37,7,18,42,20,8,3,13,100,35,5,18,39,20,6,4,10,95,34,5,18,40,20,5,3,12,92,-16,166,
34,5,17,36,19,7,4,14,92,37,7,18,42,20,8,3,13,100,35,5,19,41,21,7,4,14,95,35,6,22,43,22,8,5,14,100,7,183,
34,5,17,36,19,7,4,14,92,37,7,18,42,20,8,3,14,99,36,6,18,40,19,6,4,14,97,40,6,17,45,25,8,5,13,105,-5,187,
34,5,17,36,19,7,4,14,92,37,7,18,42,19,8,3,13,99,34,4,19,41,19,7,5,14,94,38,6,17,41,21,7,5,13,100,14,212,
36,6,17,40,19,7,4,12,97,37,5,15,41,21,5,3,13,96,43,9,15,42,30,7,4,14,111,42,6,14,45,21,7,3,14,105,3,199,
36,7,17,41,20,7,4,12,97,37,5,15,41,22,5,4,13,96,36,5,14,41,19,7,4,15,92,33,5,26,43,21,8,6,13,99,34,186,
37,7,17,41,20,7,4,12,98,37,5,15,41,21,5,3,13,95,34,6,16,41,17,7,3,15,92,36,4,22,41,19,7,5,13,99,10,162,
36,7,17,41,20,8,4,11,97,36,5,14,41,21,5,3,13,93,36,7,15,40,22,6,3,11,96,36,8,16,43,23,5,5,14,96,-5,189,
36,6,17,41,20,7,4,11,97,36,5,14,41,21,5,3,13,93,38,7,20,44,22,8,4,15,105,37,6,20,42,21,7,4,13,102,-29,189,
36,6,17,41,20,7,3,11,96,37,5,14,41,21,5,4,13,94,35,4,17,38,20,6,4,14,92,36,6,19,39,24,7,4,13,99,26,202,
36,6,16,40,21,7,4,11,97,37,5,14,41,21,5,3,13,94,36,4,17,44,20,7,4,16,94,39,6,19,44,23,9,5,13,104,31,215,
37,7,16,41,21,7,4,11,98,37,5,14,41,22,5,3,13,94,34,6,15,37,20,7,4,15,91,37,5,20,43,22,9,5,15,101,28,196,
38,7,16,41,22,7,4,11,99,37,5,13,40,22,5,3,13,93,36,5,16,39,19,7,4,15,93,37,7,21,40,21,8,6,14,103,14,198,
38,7,16,41,22,7,4,11,99,37,5,13,40,22,5,3,13,93,35,6,17,39,19,4,4,13,96,37,6,17,41,21,6,4,11,99,15,177,
38,7,16,42,22,7,4,11,99,36,6,13,40,22,5,3,12,93,33,5,21,41,19,7,5,14,94,37,5,20,44,23,6,6,14,101,19,203,
38,7,16,42,22,7,4,11,100,36,5,13,40,22,5,3,12,93,38,6,21,42,20,9,5,15,103,40,8,19,44,25,7,5,15,109,24,210,
38,7,16,42,23,7,4,11,100,36,6,13,40,21,5,3,13,93,38,9,19,40,21,9,4,14,106,38,6,23,46,22,7,5,16,106,-13,219,
38,7,16,42,23,7,4,11,100,36,6,13,40,22,5,3,12,94,35,7,17,40,20,5,4,14,96,40,6,16,45,24,9,5,12,103,13,211,
38,7,16,42,23,7,4,11,101,36,6,14,39,21,5,3,12,94,34,5,19,41,18,5,4,11,95,35,5,19,40,19,6,4,11,95,11,197,
38,7,16,42,23,7,4,11,101,36,6,14,39,21,5,3,13,94,36,6,16,42,21,7,5,14,95,35,5,18,39,19,8,4,13,94,-20,180,
38,7,16,41,23,7,4,11,100,36,6,14,40,21,5,3,12,94,35,6,20,41,18,7,4,13,98,37,7,19,40,24,6,4,12,101,-3,187,
38,7,16,41,23,7,4,11,100,36,6,14,39,21,5,3,12,94,41,9,16,40,28,7,5,14,108,41,5,15,44,21,7,3,13,104,17,223,
38,7,16,41,23,7,4,11,100,36,6,14,39,21,5,3,12,94,39,3,21,40,25,8,4,15,103,36,5,25,38,21,8,6,15,104,12,208,
38,7,16,41,23,7,4,11,101,36,6,14,39,21,5,3,12,94,33,4,19,40,18,7,5,15,90,37,5,18,42,22,8,6,13,97,15,217,
38,7,16,41,23,7,3,11,101,36,6,15,39,21,5,3,13,95,35,6,18,40,23,6,4,14,94,36,5,22,41,21,8,4,12,101,11,203,
38,7,16,41,23,7,3,11,101,37,6,14,39,21,5,3,13,95,35,7,16,40,19,6,3,12,94,35,6,15,41,19,7,4,11,93,25,175,
38,7,16,41,23,7,3,11,101,37,5,14,39,21,5,3,12,94,39,7,20,42,23,7,4,13,107,38,6,18,42,21,7,4,12,101,10,206,
38,7,16,42,23,7,3,11,102,36,6,14,39,21,5,3,12,94,34,5,19,41,20,7,4,14,94,35,6,22,43,21,8,5,15,99,11,205,
39,7,16,42,23,7,3,11,102,36,6,14,39,21,5,3,12,94,36,6,16,43,20,7,4,13,95,34,5,18,39,19,7,4,13,93,21,159,
38,7,16,42,23,7,3,11,101,36,5,14,39,21,5,3,13,93,36,7,20,40,20,8,4,13,100,33,5,19,39,18,6,5,15,91,7,219,
38,7,16,41,23,7,3,11,102,36,6,14,39,21,5,3,13,94,35,5,18,41,19,6,2,13,95,39,6,19,43,23,6,5,12,105,8,228,
38,7,17,41,23,7,4,11,102,36,5,14,39,21,5,3,13,94,40,9,18,41,20,9,4,13,108,39,6,22,46,23,6,5,16,107,12,204,
39,7,17,41,23,8,3,11,102,37,5,14,39,21,5,3,13,94,39,3,22,40,25,8,4,15,105,37,5,24,39,21,8,6,15,105,-11,143,
38,7,16,41,23,8,3,11,101,37,5,14,39,21,5,3,13,94,34,4,21,39,19,7,4,13,95,38,6,19,44,22,7,5,13,104,22,206,
38,5,25,42,22,6,4,12,107,37,4,20,37,18,7,3,13,101,36,7,15,43,20,7,3,13,96,35,6,16,43,22,6,4,15,92,9,169,
37,5,24,42,22,6,5,13,105,37,4,20,39,18,7,3,13,99,36,9,20,44,22,6,5,15,103,37,6,17,44,22,7,4,14,97,3,219,
38,5,24,41,22,6,4,12,106,37,4,19,38,18,7,3,12,100,42,9,15,41,29,7,5,13,109,41,6,14,45,21,7,2,14,104,3,213,
38,5,24,42,22,6,5,12,106,38,4,19,38,18,7,3,13,100,33,5,23,42,19,7,4,15,96,37,6,21,45,22,7,5,14,101,13,191,
38,5,23,42,22,6,5,12,105,37,4,19,37,19,7,3,12,99,34,7,16,40,17,7,3,15,93,36,4,22,41,20,7,5,14,100,-7,169,
37,5,23,41,21,6,5,12,104,37,4,19,39,18,7,3,12,98,31,4,19,40,17,7,5,14,88,34,5,17,42,21,7,6,15,90,13,181,
37,5,23,42,21,6,5,13,103,37,4,19,38,18,7,3,12,98,39,9,18,42,21,9,4,15,105,37,6,22,46,21,7,5,16,104,22,220,
37,5,24,42,21,6,5,12,104,36,4,19,38,18,7,3,12,98,35,4,17,39,20,6,4,14,92,37,6,19,40,25,7,4,13,100,5,183,
37,5,23,42,21,6,5,12,104,36,4,19,38,18,7,3,12,97,36,6,19,39,22,6,4,11,99,34,5,18,39,19,5,3,12,92,16,188,
37,6,23,42,21,6,5,12,104,36,4,19,38,18,7,3,12,97,36,4,17,44,20,6,4,16,94,40,7,19,46,24,9,5,13,106,15,207,
37,6,22,42,21,6,5,12,104,36,4,19,38,18,7,3,12,96,39,7,19,44,22,7,4,14,105,38,6,19,42,21,7,4,13,102,7,217,
38,6,22,42,21,6,5,12,104,36,4,19,39,18,6,3,12,97,38,5,21,42,21,8,5,15,104,40,8,19,44,26,7,4,15,110,5,175,
37,5,22,42,21,6,5,12,104,36,4,19,38,18,7,3,13,96,35,5,15,39,19,6,4,14,92,37,7,21,40,22,8,5,13,103,11,203,
37,5,22,42,21,6,5,12,104,36,4,19,39,18,6,3,12,96,35,7,17,39,20,6,4,15,96,40,6,16,45,24,9,5,13,104,11,173,
37,5,22,42,21,6,5,12,103,35,4,19,38,18,6,3,12,96,35,6,17,39,19,4,4,12,94,37,6,18,41,21,6,4,10,99,20,172,
37,5,22,42,21,6,5,12,103,35,4,19,39,17,6,3,12,95,35,5,17,41,21,7,4,14,93,35,6,21,43,21,8,5,15,98,8,196,
37,5,21,42,21,6,5,12,103,35,4,19,38,17,6,3,12,95,35,6,19,38,20,7,3,16,97,37,7,21,41,24,8,5,14,104,9,221,
38,5,21,43,21,6,5,12,103,35,4,19,38,17,6,3,12,95,36,6,16,43,21,7,5,14,95,35,5,18,39,19,7,4,13,93,-15,211,
38,5,21,43,21,6,5,12,103,36,4,19,38,17,6,3,12,96,35,6,18,40,23,6,4,14,94,36,5,22,41,21,8,4,12,101,20,202,
38,6,21,43,21,6,5,12,103,35,4,19,38,17,6,4,12,96,35,5,18,41,19,6,2,13,94,38,6,19,42,23,7,6,12,104,29,187,
38,5,21,43,21,6,5,12,104,35,4,19,38,17,6,3,12,95,34,6,16,38,21,7,4,14,92,38,6,18,42,24,8,5,14,103,25,211,
38,6,21,44,22,6,5,12,104,35,4,19,38,17,6,3,12,95,37,8,17,42,22,8,4,16,102,37,7,23,45,23,8,5,15,105,19,213,
38,6,21,43,22,6,5,12,104,35,4,19,38,17,6,3,12,95,39,7,20,41,23,7,4,13,106,38,6,18,42,21,7,4,12,101,-2,202,
38,6,21,43,22,6,5,12,104,35,4,19,38,17,6,4,12,95,36,8,20,40,20,8,4,13,100,33,5,19,39,18,6,5,15,91,-4,184,
38,6,21,43,22,6,5,12,104,35,4,19,38,17,6,4,12,95,35,7,16,39,19,6,3,12,93,35,5,15,41,19,7,4,11,93,-7,169,
38,6,21,43,22,6,5,12,103,35,4,19,40,17,6,4,11,95,34,5,20,38,19,7,4,13,95,38,6,19,44,23,6,5,13,103,13,193,
38,6,21,43,21,6,5,12,103,35,4,19,39,17,6,4,11,95,40,9,18,40,20,9,4,13,108,39,7,22,46,23,6,5,16,108,25,197,
38,6,21,43,22,6,5,12,103,35,4,19,39,17,6,4,12,95,37,3,17,44,21,6,4,16,96,41,6,19,45,25,9,5,12,109,16,182,
38,6,21,43,22,6,5,12,103,35,4,19,39,17,6,4,11,94,39,3,21,40,25,8,4,15,104,36,5,24,38,21,8,6,15,104,3,191,
38,6,21,43,22,6,5,12,103,35,4,19,40,17,6,4,11,94,38,8,15,41,20,7,3,11,99,37,7,15,40,22,5,4,13,96,13,209,
36,7,15,47,21,7,5,13,94,33,5,17,41,16,7,4,14,90,36,8,15,39,22,6,3,11,97,36,7,16,41,23,4,5,14,96,12,170,
35,7,15,47,22,7,5,13,94,33,5,17,41,16,7,4,14,89,39,8,18,42,21,8,4,14,105,38,6,22,46,22,7,5,16,105,-17,207,
35,7,15,46,21,8,5,14,94,34,6,17,42,16,7,4,15,91,34,5,17,42,18,6,2,14,92,37,7,20,41,23,6,7,12,104,12,194,
36,7,15,45,21,8,5,14,94,34,6,17,42,16,7,4,15,91,36,5,13,41,19,7,3,15,91,35,5,24,43,22,8,6,13,100,31,195,
36,7,15,45,21,8,5,14,96,34,5,16,41,16,7,4,15,90,37,8,14,43,20,7,3,12,98,35,6,15,41,21,5,5,14,93,-5,169,
36,7,15,45,21,8,5,14,95,34,5,16,41,16,7,4,14,90,35,4,17,42,18,7,5,14,92,37,6,16,38,23,7,6,13,97,-4,218,
36,7,16,45,21,8,5,14,95,34,5,16,41,16,7,4,14,91,35,7,17,40,20,6,3,12,95,37,6,15,41,19,7,5,11,96,2,164,
36,7,15,45,21,8,5,13,95,34,5,16,40,16,7,4,14,91,36,4,17,44,20,6,4,16,95,40,7,18,46,24,9,5,13,106,7,185,
36,6,16,45,21,8,6,13,95,34,5,16,41,17,7,4,14,91,39,3,21,39,24,8,4,15,103,37,5,25,38,21,8,7,15,105,-8,186,
36,6,15,44,21,7,5,13,94,34,5,16,40,17,7,4,14,91,38,9,19,40,21,9,4,14,106,38,6,22,46,22,7,5,17,106,4,218,
36,6,16,44,21,7,5,13,95,34,5,16,40,18,7,4,14,92,35,6,16,43,17,7,3,14,93,36,4,20,40,20,7,4,13,97,15,169,
36,6,15,44,21,7,5,13,95,34,5,16,40,17,7,4,13,91,32,3,19,40,18,8,5,14,89,35,5,18,41,21,7,6,14,94,19,197,
36,6,15,44,22,7,5,13,96,34,5,16,40,17,7,4,13,91,35,6,17,39,19,4,4,12,94,37,6,18,41,21,6,4,10,99,12,178,
36,6,16,44,22,7,5,13,96,34,5,16,40,17,7,4,13,91,35,6,18,38,20,7,3,16,96,37,6,21,41,24,8,5,14,103,2,176,
36,7,16,44,22,7,5,13,95,34,5,16,40,17,7,4,13,90,34,4,17,38,20,6,3,14,91,37,6,20,40,24,7,4,13,100,12,212,
36,7,16,44,22,7,5,13,96,34,5,16,40,17,7,3,13,91,35,5,17,41,21,7,4,14,93,34,6,21,43,21,8,5,15,97,13,207,
36,7,16,44,22,7,5,13,96,34,5,16,40,18,7,4,13,91,35,6,20,41,18,7,4,13,98,37,7,19,40,24,6,4,12,101,25,163,
36,7,15,45,22,7,5,13,96,34,5,16,40,18,7,3,13,90,35,6,17,40,19,6,4,14,95,40,6,16,45,24,9,5,13,104,21,211,
36,7,16,45,22,7,5,13,97,34,5,16,39,17,7,4,13,90,39,6,20,42,21,9,5,15,105,41,7,18,46,25,7,4,15,108,14,192,
37,7,15,45,22,7,5,13,97,34,5,16,39,17,7,4,13,90,37,8,18,42,23,7,4,16,102,37,7,23,44,23,8,4,15,105,18,216,
37,7,15,45,23,7,5,13,98,34,5,16,39,18,7,3,13,91,38,8,14,41,19,7,3,12,98,36,6,15,41,21,5,5,13,95,10,202,
37,7,15,44,23,7,5,13,98,34,5,15,39,18,7,3,13,91,35,5,18,40,23,6,4,14,94,36,5,22,41,21,8,4,12,102,18,164,
37,7,15,44,23,7,5,13,98,34,5,16,39,18,7,4,13,90,34,6,16,38,21,7,4,14,92,39,6,19,42,24,8,6,13,103,9,169,
37,7,15,44,23,7,5,13,98,34,5,16,39,18,7,3,13,90,39,7,20,41,23,7,4,13,107,38,6,17,42,21,7,4,13,101,12,196,
37,7,15,44,22,7,5,13,98,34,5,16,39,17,7,4,13,90,36,8,20,40,20,8,4,13,100,33,5,20,39,18,6,5,15,92,-20,168,
37,7,15,44,22,7,5,13,97,34,5,16,39,17,7,4,12,90,36,6,19,38,19,7,3,15,98,38,7,21,41,24,7,5,13,106,8,208,
37,7,15,44,22,7,5,13,97,34,5,15,39,18,7,4,12,90,36,5,14,40,19,7,3,14,93,36,6,23,42,23,8,6,13,102,11,183,
37,7,15,44,22,7,5,13,97,34,5,15,39,18,7,4,12,90,37,3,17,44,21,6,4,16,96,41,6,19,45,25,9,5,12,108,23,183,
37,7,15,44,22,7,5,13,97,34,5,15,39,18,7,4,12,90,41,8,17,40,28,7,5,14,108,41,5,17,43,21,7,3,13,105,11,191,
37,7,15,44,22,7,5,12,97,34,5,15,39,18,7,4,12,90,34,4,21,39,19,7,4,13,95,38,6,19,43,22,7,5,13,104,18,168,
39,6,24,46,26,9,7,16,109,36,6,18,45,23,8,4,18,97,34,5,16,36,18,5,4,15,90,38,6,16,42,22,8,4,12,100,-11,221,
39,6,24,45,26,9,7,15,109,37,6,17,44,23,8,4,17,99,34,5,17,41,19,7,5,14,93,35,4,20,39,19,8,4,13,95,1,223,
39,6,24,46,26,9,7,15,109,37,6,17,45,23,8,4,17,99,35,4,17,41,18,6,4,14,92,36,7,22,40,20,8,6,13,102,20,230,
39,6,24,46,26,9,8,15,110,37,7,17,44,23,8,4,17,100,39,8,17,41,21,8,3,14,105,38,6,22,46,22,6,5,15,105,-10,200,
39,6,24,46,26,9,8,16,109,37,7,17,44,24,9,5,17,100,36,8,15,40,21,6,4,12,96,37,6,15,41,19,8,4,11,95,3,157,
38,6,24,47,25,9,8,16,108,37,7,17,44,23,8,4,17,99,35,4,17,42,19,7,5,14,93,36,6,16,37,22,6,5,13,96,13,205,
39,6,23,46,26,9,8,16,108,37,7,17,44,23,9,5,17,99,37,9,20,43,21,6,4,14,104,37,6,19,43,23,7,4,13,100,10,216,
39,6,23,47,26,9,8,15,108,37,7,17,44,23,8,4,17,99,39,3,21,40,24,8,4,15,102,37,5,25,38,21,8,6,15,105,11,229,
39,6,24,46,26,9,8,15,108,37,7,17,44,24,8,4,17,99,36,5,13,41,18,7,3,15,91,36,6,23,42,23,8,6,13,102,3,219,
39,6,24,46,26,9,8,15,108,37,7,17,44,24,8,5,17,100,31,4,20,39,17,7,5,14,87,34,5,17,42,21,7,5,14,92,7,207,
38,6,25,46,26,9,8,15,108,37,7,17,44,24,9,5,17,100,35,6,20,40,23,6,4,14,96,37,5,22,40,21,9,5,13,103,15,185,
38,5,25,46,25,9,8,15,108,37,7,17,44,24,8,5,17,99,35,5,15,38,22,7,4,15,91,38,5,19,42,23,8,6,14,102,16,218,
38,6,25,46,25,9,8,15,108,37,7,16,44,24,8,5,16,99,39,3,20,40,25,8,4,15,103,36,5,24,39,21,8,6,15,103,-3,233,
38,6,25,46,25,9,8,15,109,37,7,17,44,24,8,5,17,100,35,6,20,42,18,6,4,13,98,37,7,19,41,24,6,4,12,101,11,211,
38,6,25,46,26,9,8,15,109,37,7,17,44,24,8,5,16,100,35,7,21,40,19,8,4,13,99,33,5,19,40,18,6,5,15,91,6,242,
38,6,25,46,26,9,8,15,109,37,7,17,44,24,8,5,16,100,36,6,19,39,20,7,4,11,97,34,5,19,39,19,5,3,12,93,-5,191,
38,6,25,46,26,9,8,14,109,37,7,17,44,24,8,5,16,100,34,4,21,39,19,7,4,13,94,37,6,19,44,22,6,5,14,101,6,214,
38,6,25,46,26,9,8,14,109,38,7,17,44,24,8,5,16,100,40,8,17,40,28,7,5,14,107,41,5,16,44,21,7,3,13,104,13,239,
39,6,25,46,26,8,8,14,109,38,7,17,44,24,8,5,16,101,35,7,16,40,20,6,3,12,94,35,6,15,40,19,7,4,11,92,13,205,
39,6,25,46,26,8,8,14,109,38,7,17,44,24,8,5,16,101,35,6,17,40,19,6,4,14,96,41,6,17,45,25,8,5,13,105,22,194,
39,6,25,46,26,8,8,14,109,37,7,17,44,24,8,5,16,100,37,7,16,39,22,6,3,12,98,37,7,16,41,22,5,4,13,98,32,242,
39,6,25,46,26,8,8,14,110,38,7,17,43,24,8,5,16,100,37,3,16,44,21,6,4,16,95,40,6,19,44,24,9,5,12,106,52,284,
40,6,25,45,27,8,8,14,112,38,7,17,44,24,8,5,16,101,35,5,20,41,18,5,4,12,96,34,5,20,40,19,6,4,11,95,13,223,
40,6,25,46,27,8,7,14,112,38,7,17,44,24,8,5,16,101,40,9,18,40,21,9,4,13,109,38,6,23,45,22,6,5,16,107,7,231,
40,6,25,46,27,8,7,14,112,38,7,17,44,24,8,5,16,101,40,8,17,40,28,7,5,15,107,41,5,16,44,22,7,3,13,104,6,246,
40,6,25,45,27,9,7,14,112,38,7,17,44,25,8,5,16,102,36,6,19,38,20,7,3,15,99,38,7,21,41,24,7,5,13,106,-3,233,
40,6,25,46,27,9,7,14,112,38,7,17,44,25,8,4,16,102,36,6,17,43,20,7,4,13,95,35,5,18,40,19,7,5,12,93,17,205,
40,6,25,45,27,9,7,14,112,38,7,17,44,25,8,4,16,102,36,6,18,40,18,6,4,14,97,40,6,17,45,25,8,5,13,105,9,231,
41,7,18,39,25,8,8,12,109,40,5,17,46,18,6,4,15,104,34,5,21,41,20,7,5,14,95,37,6,21,45,22,6,5,14,101,6,182,
41,7,18,39,25,7,8,12,108,40,5,17,47,17,6,4,14,102,36,4,18,44,20,7,4,16,96,39,6,20,45,23,8,5,14,105,8,200,
41,7,18,40,25,7,8,11,108,40,4,17,48,17,6,4,14,102,37,7,14,43,20,7,4,12,97,35,5,15,41,21,6,4,14,92,-5,231,
41,7,18,40,25,7,8,12,108,40,5,16,47,17,6,4,13,103,38,6,21,41,20,10,5,15,104,40,8,19,46,25,8,4,16,107,22,252,
41,8,18,40,25,7,9,11,110,40,5,17,46,17,6,4,13,104,38,8,17,43,23,8,5,17,102,36,7,25,43,23,9,5,16,105,7,251,
41,8,19,40,25,7,8,12,111,41,5,17,48,17,6,4,13,105,35,5,16,39,19,7,4,15,93,37,7,21,40,21,8,6,14,102,8,236,
41,8,19,40,25,7,9,11,112,41,5,16,46,18,6,4,13,105,35,5,13,41,18,7,3,15,90,35,5,24,43,22,8,7,13,101,20,210,
41,9,19,40,25,6,8,11,112,41,5,16,46,17,6,4,12,105,34,6,19,40,23,6,4,14,95,36,4,23,40,20,9,4,13,100,24,208,
42,9,19,41,25,7,8,11,112,40,5,16,46,18,6,4,13,104,32,3,20,39,18,8,5,14,88,34,5,18,41,21,7,5,14,93,33,217,
42,9,18,40,26,7,9,11,113,40,5,17,45,17,6,4,13,103,34,7,16,40,19,6,3,12,93,37,5,14,41,20,8,4,11,94,-3,165,
41,8,19,40,25,7,8,11,111,40,5,17,46,17,6,4,13,102,35,6,15,38,22,7,4,15,92,38,5,20,42,23,8,6,14,103,14,222,
41,9,19,40,25,7,8,11,111,40,5,17,46,17,6,4,13,102,37,8,14,42,20,7,3,12,97,35,6,15,41,21,6,5,13,93,-2,262,
42,9,18,40,25,7,8,12,112,40,5,17,45,17,6,3,13,104,36,4,17,45,21,6,4,16,95,40,6,18,46,24,9,5,13,105,4,202,
42,9,19,40,25,7,8,12,112,40,5,16,46,17,6,4,13,103,35,6,20,42,18,7,4,13,98,37,7,19,41,24,6,4,12,101,1,215,
41,9,19,40,25,7,8,12,112,40,5,17,45,17,6,4,13,104,34,5,19,41,18,5,4,11,95,34,5,19,40,19,6,4,11,94,12,206,
41,8,19,40,25,7,8,12,112,40,5,17,46,17,6,4,13,103,39,7,19,42,23,7,4,14,105,38,6,18,41,21,7,4,13,100,-6,254,
42,8,19,40,25,6,8,12,112,40,5,17,45,17,6,4,13,104,35,8,21,40,20,8,4,13,101,33,5,20,40,19,6,5,15,94,8,162,
41,8,19,40,25,6,8,12,111,40,5,17,45,17,6,4,13,103,35,6,19,38,20,7,4,11,96,34,5,19,39,19,5,3,12,93,-30,202,
41,8,19,40,25,6,8,12,110,40,5,17,45,17,6,4,13,104,36,3,17,42,18,7,5,14,93,37,7,16,37,23,7,6,13,99,-5,233,
41,8,19,40,25,6,8,12,110,41,5,17,45,17,6,4,13,104,39,3,21,40,25,8,4,15,103,36,5,25,38,21,8,6,15,104,-8,244,
41,8,19,39,25,6,8,12,110,41,5,17,45,17,6,4,13,105,35,7,16,40,20,6,3,12,94,35,6,15,39,19,7,4,11,93,7,181,
41,8,19,41,24,6,8,12,110,40,5,17,45,17,6,4,13,104,35,6,17,40,19,6,4,14,95,40,6,17,45,24,9,5,13,104,21,243,
41,8,19,41,25,6,8,12,111,40,5,17,44,17,6,4,13,105,40,9,18,40,21,9,4,13,108,38,7,22,45,22,6,5,16,106,8,238,
41,8,19,41,25,6,8,12,111,40,5,17,44,17,6,4,12,105,36,6,19,38,20,7,3,16,98,38,7,22,42,24,8,5,14,105,28,226,
42,8,19,41,25,6,8,12,111,40,5,17,44,17,6,3,13,105,36,6,16,43,20,7,4,13,95,35,5,18,40,19,7,5,13,93,9,235,
42,8,19,40,25,6,8,12,112,40,5,17,44,17,7,3,12,105,39,7,20,40,21,9,5,14,106,42,7,18,45,25,7,4,15,109,15,249,
42,8,20,41,25,6,7,12,112,41,5,17,44,17,6,4,12,105,36,5,14,39,19,7,3,14,93,36,6,22,42,23,8,5,13,102,29,205,
42,8,20,41,25,6,7,12,112,40,5,17,43,17,7,3,12,105,35,5,20,40,19,5,4,12,96,35,5,20,39,20,6,4,11,96,-7,203,
41,8,20,41,25,6,7,12,112,40,5,17,43,17,7,4,12,105,40,9,18,41,20,9,4,13,108,39,7,21,46,23,6,5,16,107,6,238,
41,8,20,41,25,6,7,12,112,41,5,17,43,17,7,4,12,105,35,6,16,40,19,4,4,12,92,36,6,18,41,20,6,4,11,98,9,191,
34,5,19,39,16,6,2,16,93,39,6,14,39,21,8,5,12,99,37,5,19,44,21,7,4,17,98,40,7,21,45,24,9,5,14,109,-7,227,
34,5,19,41,16,6,2,15,95,39,6,14,39,21,8,5,12,99,37,7,19,45,23,8,5,15,102,35,7,24,43,22,8,5,17,102,-27,211,
34,5,20,40,16,6,1,15,94,40,6,13,39,21,8,5,13,101,34,7,16,40,17,7,4,15,93,36,4,22,41,20,7,5,13,99,18,198,
35,5,20,41,16,6,2,15,95,39,6,13,38,21,8,4,12,100,38,7,21,44,22,7,4,15,104,38,6,20,41,22,8,4,13,103,-5,185,
34,5,20,41,15,6,1,15,95,39,6,13,39,21,8,4,12,100,33,5,16,43,20,6,4,14,88,33,7,21,43,22,8,6,15,96,-17,183,
34,5,20,42,15,6,1,15,94,39,7,14,39,20,8,4,12,100,35,6,17,35,19,7,2,16,94,37,7,20,39,24,8,6,16,102,-10,204,
34,5,20,41,15,6,1,16,94,39,6,15,39,20,9,4,12,100,35,6,17,43,20,7,5,14,95,35,5,19,39,20,8,4,13,95,-9,193,
34,5,20,41,16,6,1,16,94,39,6,15,39,20,9,4,12,100,36,7,15,39,22,6,3,11,96,36,7,16,42,23,5,5,14,96,-9,189,
34,5,19,41,16,6,1,15,94,39,6,15,39,20,9,4,12,100,36,6,19,39,21,7,4,11,98,34,5,18,39,19,5,3,13,92,24,154,
34,5,19,41,16,6,1,15,94,38,6,15,39,20,8,4,12,98,36,6,20,44,18,7,5,13,99,35,6,20,41,22,6,5,13,98,12,198,
35,5,19,41,16,6,1,15,94,38,6,15,39,19,8,4,12,98,34,8,21,40,20,8,4,13,98,32,5,18,39,18,6,5,14,90,-16,202,
34,5,19,41,16,6,1,15,94,38,6,15,39,19,8,4,12,98,35,4,17,41,18,7,5,14,93,37,7,16,37,23,7,6,13,98,8,170,
34,5,19,41,17,6,1,15,94,38,6,15,39,19,8,4,12,98,34,4,21,39,19,7,4,13,94,38,6,20,45,22,6,5,13,102,-9,197,
34,5,19,41,17,6,1,15,94,38,6,16,39,19,8,4,12,98,38,8,17,42,23,8,4,17,103,37,7,23,43,23,9,4,15,106,-3,203,
34,5,19,41,17,5,1,15,94,38,6,16,39,19,8,4,12,98,35,7,16,41,20,6,3,12,94,36,5,14,40,19,8,5,11,92,-6,192,
34,5,19,41,17,6,1,15,94,37,6,16,39,19,8,4,12,98,37,7,16,39,23,6,3,11,98,36,7,16,42,23,5,4,13,96,4,202,
34,5,19,41,17,6,1,15,94,37,6,16,39,19,8,4,12,98,34,5,15,37,21,7,4,15,91,38,6,19,43,24,8,6,14,103,24,202,
35,5,19,41,17,6,1,15,95,37,6,16,39,19,8,4,12,98,38,8,14,41,19,7,3,12,98,36,6,15,41,22,6,5,13,95,-12,188,
35,5,19,42,17,5,1,14,95,37,6,16,39,19,8,4,12,98,35,7,16,42,17,7,4,14,94,36,5,20,40,20,7,4,13,97,-14,224,
35,5,19,41,17,5,2,14,95,37,7,16,39,19,8,4,12,98,36,6,18,39,20,6,4,10,96,34,5,19,40,19,5,3,12,92,-4,198,
35,5,19,41,17,5,2,14,95,37,6,16,39,19,8,4,12,99,35,6,17,39,18,4,4,12,93,36,6,18,41,21,6,4,10,98,-6,234,
35,5,19,41,17,5,2,14,96,38,6,16,39,19,8,4,12,99,33,4,19,40,18,7,5,15,91,37,6,17,42,22,7,6,13,99,-11,207,
35,5,19,41,17,5,2,14,96,38,6,16,39,19,8,4,12,99,35,6,17,40,18,6,4,14,96,40,6,17,45,25,8,5,13,105,-14,226,
35,5,19,41,17,6,2,14,96,38,7,17,39,19,8,4,12,100,34,5,18,40,22,6,4,14,93,36,6,22,42,21,8,5,12,101,-15,197,
35,5,19,41,17,6,2,14,96,38,7,17,40,19,8,4,12,100,34,5,16,37,20,6,3,13,92,37,6,20,41,24,7,4,13,101,7,199,
35,5,18,41,17,6,2,14,96,37,7,17,40,19,8,4,12,100,37,9,20,41,20,6,4,13,104,37,6,18,42,23,6,4,13,100,10,190,
35,5,19,41,17,6,2,13,96,37,7,17,40,19,8,4,12,100,35,6,16,38,21,7,4,14,93,38,6,18,44,24,8,5,13,102,2,216,
36,5,18,43,17,6,2,13,96,37,7,17,40,19,7,4,12,100,34,4,19,41,19,7,5,14,94,38,6,17,41,22,7,5,13,100,-12,220,
36,5,18,42,17,6,2,14,97,38,7,17,40,19,8,4,12,100,36,8,20,41,20,8,4,14,100,33,6,19,39,19,7,5,14,92,-6,192,
35,9,21,42,20,5,4,15,102,39,6,17,41,21,8,4,13,102,34,5,17,42,18,6,3,14,92,37,7,21,43,23,6,7,13,104,14,206,
36,8,22,42,20,5,4,15,103,38,6,17,41,21,8,4,13,101,34,6,18,39,22,6,4,15,93,34,4,23,40,19,9,4,13,97,-1,191,
36,8,22,41,19,6,4,15,102,38,6,17,41,21,7,4,13,100,35,6,16,42,20,7,5,14,95,35,4,19,40,20,7,4,13,95,-2,190,
36,8,21,40,19,6,4,15,102,38,6,17,41,21,7,4,13,100,34,5,16,42,20,6,4,14,90,34,6,20,44,21,8,6,15,96,14,190,
35,8,22,40,19,6,4,15,102,38,6,17,40,21,7,4,13,99,35,6,18,39,19,4,4,13,95,37,6,17,41,21,6,4,11,99,7,195,
36,8,21,41,19,6,4,14,102,38,6,16,40,21,7,4,13,99,35,5,18,39,20,6,4,11,96,34,5,18,39,19,6,3,12,92,2,202,
35,8,21,40,19,6,4,14,102,37,6,17,40,21,7,4,13,99,34,7,21,40,19,8,4,13,98,32,5,19,39,18,6,5,14,90,3,189,
35,8,21,41,19,6,4,14,101,37,6,17,39,20,7,3,12,99,35,4,17,38,20,6,3,14,92,37,6,19,39,25,7,4,13,100,16,198,
35,8,22,42,18,6,4,15,102,37,6,17,39,20,7,3,12,98,35,5,20,41,18,5,5,11,96,34,5,20,39,19,6,4,11,94,-9,205,
35,8,22,41,19,5,4,14,101,37,6,17,39,20,7,3,12,99,35,6,19,40,23,6,4,14,95,37,5,22,41,21,8,5,12,102,16,184,
35,8,22,41,19,6,4,14,101,37,6,17,39,20,7,3,12,98,39,7,19,42,22,7,4,14,104,37,6,18,42,21,7,4,12,100,-4,230,
35,8,21,40,19,5,4,14,102,37,6,17,39,20,7,3,12,99,35,7,15,42,17,7,4,14,92,36,4,19,40,20,7,4,13,97,-7,229,
36,8,21,41,19,6,4,14,102,37,6,18,40,20,7,3,12,99,38,6,20,43,20,9,5,15,104,40,8,18,45,25,7,5,15,107,11,207,
36,8,21,41,19,6,4,14,102,37,6,18,39,20,7,3,12,99,35,3,17,41,18,7,5,14,93,37,6,16,37,23,6,6,13,98,16,214,
36,9,21,41,19,5,4,14,103,37,6,18,39,20,7,4,12,99,35,6,19,38,20,7,3,16,97,37,7,21,41,24,8,5,14,103,19,205,
36,9,21,41,19,5,4,13,103,37,6,18,39,20,7,4,12,99,35,5,18,41,19,6,2,14,95,38,6,19,42,23,7,6,12,103,26,210,
36,9,21,41,19,6,4,13,104,37,6,18,39,20,7,4,12,99,36,7,16,39,23,6,3,12,98,36,7,16,41,22,5,4,13,97,15,189,
36,9,21,42,19,6,4,13,104,37,6,18,39,19,7,4,12,98,40,9,18,40,21,8,4,13,108,38,6,23,46,22,6,5,16,107,-9,199,
36,9,21,41,19,5,4,14,103,37,6,18,40,19,7,4,12,99,33,4,19,40,18,7,5,15,91,37,5,17,41,22,8,6,13,98,11,235,
37,9,21,41,19,5,4,13,104,37,6,18,40,19,7,3,12,99,34,4,21,39,19,7,4,13,94,38,6,19,44,22,7,5,13,102,22,198,
37,9,20,41,19,5,4,13,104,37,6,18,39,19,7,3,11,99,37,8,17,41,22,8,4,15,101,37,7,22,45,23,8,5,15,106,11,233,
37,9,20,41,20,5,4,14,105,37,6,18,38,19,7,3,11,99,35,7,16,43,18,7,4,14,95,36,5,20,41,20,7,4,12,98,14,194,
37,9,20,41,20,5,4,14,105,37,6,18,39,19,7,3,12,99,35,6,20,41,18,7,4,13,97,37,7,18,41,23,6,4,12,100,-1,173,
37,9,20,41,20,5,4,14,104,37,6,17,40,19,7,3,12,98,36,3,18,41,18,7,5,13,95,37,6,16,37,23,6,6,13,98,18,208,
37,9,20,41,20,5,4,14,104,37,6,17,39,19,7,3,12,98,35,7,16,40,19,6,3,11,93,35,5,15,41,19,7,4,11,92,-10,204,
37,9,20,41,20,5,4,14,104,37,6,17,39,19,7,3,11,98,38,8,14,40,19,7,3,11,99,37,6,15,41,22,5,5,13,97,-1,195,
37,9,20,41,20,5,4,14,104,37,6,17,39,19,7,3,11,98,35,5,19,41,21,7,4,14,94,35,6,21,43,22,8,5,14,100,32,198,
37,9,20,41,20,5,4,14,104,37,6,17,40,19,7,4,12,98,36,5,14,39,19,7,3,14,93,37,6,22,42,23,7,5,13,103,-1,203,
37,9,19,41,20,5,4,14,104,37,6,17,40,19,7,4,12,98,35,6,19,41,18,7,4,12,97,37,7,18,41,24,6,4,12,101,20,186,
37,5,18,41,24,6,6,10,99,32,4,18,37,18,5,3,13,87,36,7,19,40,20,5,4,14,99,41,5,16,45,25,8,5,13,105,27,161,
37,5,19,41,24,7,6,10,98,31,4,18,38,18,5,3,14,85,36,6,17,42,20,7,5,14,95,35,4,20,40,20,8,4,13,96,12,176,
36,5,19,41,24,7,6,10,98,31,4,18,38,18,5,3,14,85,38,8,18,43,23,8,5,15,104,36,7,24,43,22,8,5,16,104,13,215,
37,5,19,41,24,7,6,10,99,31,4,18,38,18,5,4,14,86,36,5,16,40,19,7,4,14,93,36,7,22,41,21,8,6,13,104,45,183,
37,5,19,41,25,7,6,10,100,31,4,17,37,18,5,4,15,85,35,8,22,41,20,8,4,13,100,33,6,19,38,18,6,5,15,92,-7,177,
37,5,19,41,24,7,6,10,99,31,4,18,38,17,5,4,14,85,36,7,15,40,22,6,3,11,96,36,7,15,41,23,5,4,14,95,14,192,
37,5,19,41,25,7,6,10,99,31,4,18,38,17,5,4,14,85,35,6,17,35,19,7,3,17,95,37,7,20,40,24,8,5,15,102,-7,193,
37,5,19,41,25,7,6,10,99,31,4,18,39,18,5,3,14,86,37,9,20,42,21,6,4,14,104,37,6,20,43,23,6,4,13,100,8,194,
37,5,18,41,25,7,6,10,99,31,4,18,38,18,5,4,14,86,39,7,20,43,22,7,4,14,105,38,6,19,42,20,7,4,12,102,1,179,
37,5,18,41,24,8,6,11,98,31,4,18,38,18,5,3,14,86,35,5,20,41,19,5,5,11,97,34,5,20,39,18,6,4,11,95,23,157,
37,5,18,41,24,8,6,10,98,31,4,18,38,17,5,3,14,86,35,4,17,38,20,6,3,14,92,37,6,19,40,24,7,4,13,100,5,195,
37,5,18,41,25,7,6,10,98,31,4,18,37,17,5,3,14,86,35,7,17,38,19,4,4,12,95,37,6,18,41,21,6,4,10,99,9,173,
37,5,18,41,25,7,6,10,98,31,4,18,37,17,5,3,14,86,35,6,15,38,22,7,4,15,92,38,6,20,42,23,8,6,14,103,26,200,
37,6,18,41,25,7,6,10,98,31,4,19,37,17,5,3,14,86,38,8,17,42,23,8,4,16,103,37,7,23,43,23,8,4,15,105,16,176,
37,6,18,42,25,7,6,10,98,31,4,19,37,17,5,3,14,86,37,9,20,42,20,6,4,14,104,37,6,19,42,23,6,4,13,101,-18,188,
37,6,18,42,24,7,6,11,98,31,4,19,37,17,5,3,14,86,35,5,15,39,19,6,4,14,92,37,7,21,40,22,8,5,13,103,27,227,
37,6,18,41,25,7,6,10,99,31,4,19,37,17,5,4,14,87,37,4,16,45,21,6,4,16,95,39,6,18,45,24,9,5,13,105,3,197,
37,6,18,41,25,7,6,10,99,31,4,19,37,17,5,3,14,87,34,5,18,41,21,7,4,14,94,35,6,21,43,21,8,5,15,99,7,225,
37,6,19,41,25,7,6,10,99,31,4,19,37,17,5,3,13,88,37,3,17,41,19,7,4,14,95,37,7,16,37,23,6,6,13,99,-1,165,
37,6,19,41,24,7,6,10,99,31,4,19,37,17,5,3,13,88,35,7,16,40,19,6,3,12,94,36,5,15,40,20,7,4,11,93,4,164,
36,5,19,41,24,7,6,10,98,32,4,19,37,17,5,3,13,87,38,8,14,41,19,7,3,12,98,36,6,15,41,22,5,5,13,95,21,189,
37,6,18,41,24,7,6,10,99,32,4,18,37,17,5,3,13,87,39,6,20,41,20,9,5,15,105,41,8,18,45,25,7,4,15,109,16,256,
37,6,18,41,25,7,6,11,100,32,4,18,36,17,5,3,13,88,40,9,17,40,28,7,5,14,108,41,5,16,43,21,7,3,13,104,5,215,
37,6,18,41,24,7,6,11,100,32,4,18,37,18,5,3,13,89,34,5,16,37,21,6,3,13,92,37,6,20,42,24,7,4,13,101,16,154,
37,6,18,41,24,7,6,11,99,32,4,18,37,17,5,3,13,88,35,7,16,43,18,6,4,14,95,36,5,20,40,20,7,4,12,98,14,156,
37,6,18,41,24,7,6,11,99,32,4,18,37,18,5,3,13,88,35,6,18,40,22,6,4,14,94,36,6,22,42,21,8,5,12,102,19,193,
37,6,18,41,24,7,6,11,99,32,4,18,36,18,5,3,13,88,35,5,18,40,19,6,2,13,96,39,6,19,43,23,7,5,12,105,-4,192,
37,6,18,42,24,7,6,11,99,32,4,18,37,18,5,3,13,88,35,6,19,41,18,7,4,12,98,37,7,18,41,24,6,4,12,101,28,176,
37,6,18,41,24,7,6,11,99,32,4,18,37,17,5,3,13,87,37,6,16,39,23,6,3,12,98,37,7,16,41,23,6,4,13,99,7,175,
37,5,18,41,24,7,6,11,99,32,4,18,37,18,5,3,13,87,37,5,14,39,19,7,3,14,94,37,6,22,42,23,7,5,13,103,12,218,
38,8,17,39,24,6,3,11,103,35,4,15,36,18,5,4,14,90,42,9,15,41,30,7,4,13,110,41,6,14,46,21,7,2,14,104,-5,195,
38,8,16,41,23,6,3,11,102,35,4,16,36,18,5,4,14,91,33,5,22,41,20,7,4,14,95,37,6,21,45,22,7,5,14,101,9,189,
38,8,16,41,24,6,3,11,102,35,4,15,36,18,5,4,13,90,33,5,16,43,19,7,4,15,89,33,7,21,44,22,8,6,15,96,15,173,
38,8,16,41,24,6,3,11,101,35,4,15,36,19,5,4,13,90,37,8,16,38,23,6,3,11,98,37,8,15,41,24,5,5,13,98,-10,156,
37,8,16,41,23,6,3,12,100,35,4,14,36,18,5,4,13,89,35,7,18,40,20,5,4,15,97,41,5,17,45,24,9,5,12,105,24,198,
37,8,17,41,23,6,3,12,100,35,4,15,36,19,5,4,13,89,34,5,17,41,18,7,3,13,92,38,7,21,42,23,6,7,13,104,4,190,
37,8,17,41,23,6,3,11,100,35,4,15,36,18,5,4,13,89,36,6,19,39,22,6,4,11,99,34,5,18,39,19,5,3,12,93,-10,170,
37,8,17,41,23,6,3,11,99,35,4,15,36,18,6,4,13,89,35,5,13,41,18,7,3,15,90,35,5,24,44,22,8,6,13,101,17,193,
37,8,17,40,23,6,3,12,99,35,4,14,36,18,6,4,13,89,36,4,17,42,19,7,5,14,93,37,6,16,37,23,7,6,13,97,7,171,
36,8,17,42,23,6,3,12,99,34,4,15,36,18,6,4,13,89,35,7,16,43,17,7,3,14,93,36,5,21,41,20,7,5,13,98,-2,178,
36,8,17,41,23,6,3,12,98,34,4,15,37,18,6,4,13,89,39,7,20,44,22,8,4,14,106,38,5,19,42,21,7,4,13,102,12,194,
36,8,17,41,23,7,3,11,98,34,4,15,38,18,6,4,13,89,37,7,14,43,20,7,3,12,97,35,5,15,41,21,5,5,14,92,-24,180,
36,8,16,40,22,6,3,11,98,35,4,14,38,18,5,4,13,89,35,6,15,37,22,7,4,15,92,38,6,20,42,24,8,5,14,104,20,150,
36,8,16,40,22,6,4,12,97,34,4,15,38,18,6,4,13,89,38,8,14,41,19,7,3,12,99,36,6,15,40,22,6,5,14,95,9,187,
36,8,16,41,22,6,4,12,97,34,4,15,38,18,6,4,13,89,33,4,20,40,18,7,5,15,91,37,5,18,41,22,7,6,13,98,15,163,
36,8,16,41,22,6,4,12,97,34,4,15,38,18,6,4,13,88,34,5,19,41,18,5,4,12,95,34,5,19,39,19,6,4,11,94,3,191,
36,8,16,40,22,6,4,12,97,34,4,15,38,17,6,4,13,88,35,6,18,40,23,6,4,14,95,36,6,22,41,21,8,4,12,102,11,151,
35,7,16,41,22,6,4,12,96,34,4,15,38,17,6,4,13,88,37,9,18,42,23,7,4,16,102,37,7,23,44,23,8,4,15,105,11,205,
36,7,17,42,22,6,4,12,97,34,4,15,38,17,6,4,13,88,39,6,20,41,21,9,5,15,105,41,8,18,45,25,7,4,15,109,4,210,
36,7,17,42,22,6,4,12,97,34,4,15,38,17,6,4,13,88,36,8,20,40,20,8,4,13,101,33,5,20,40,18,6,5,15,92,-2,184,
36,7,17,40,22,6,4,12,97,34,4,15,38,17,6,4,13,88,36,6,19,38,20,7,3,16,98,38,7,21,41,24,8,5,14,105,13,191,
36,7,17,40,22,6,4,12,97,34,4,15,38,17,6,4,13,88,34,4,20,38,19,7,4,13,94,38,6,19,44,23,6,5,13,103,9,185,
36,7,17,40,22,6,4,12,97,34,4,16,38,17,6,4,13,88,36,5,14,40,19,7,3,14,93,36,6,23,42,23,8,6,13,102,15,183,
36,7,17,40,22,6,4,12,97,34,4,15,38,17,6,4,13,88,36,6,16,43,20,7,4,13,96,35,5,18,40,19,7,5,13,94,21,197,
36,7,17,41,22,6,4,11,97,34,4,15,38,17,6,4,13,88,40,9,18,40,21,9,4,13,109,39,6,23,45,23,6,5,16,107,24,208,
36,7,17,41,22,6,4,12,98,34,4,16,38,16,6,4,13,88,41,8,17,40,28,7,5,15,108,41,5,17,43,22,7,3,13,105,-17,175,
36,7,16,41,22,6,4,12,97,34,4,15,38,16,6,4,13,89,37,3,17,44,21,6,4,16,96,41,7,19,44,25,9,5,12,108,21,169,
36,7,16,41,22,6,4,12,97,34,4,15,38,16,6,4,13,88,39,4,21,40,25,8,4,15,104,36,5,24,38,21,8,6,14,103,29,189,
36,4,17,44,22,8,5,14,94,35,6,18,41,22,7,5,16,95,35,5,17,42,19,7,5,14,94,35,4,20,41,19,8,4,13,96,-18,214,
36,4,17,42,22,8,5,14,94,36,6,18,41,23,7,6,15,97,35,5,17,41,19,6,4,15,93,37,7,22,41,21,8,6,13,104,4,202,
36,4,17,42,23,8,5,14,95,36,6,17,41,24,8,6,15,97,37,9,20,44,21,6,4,14,103,37,6,18,43,23,7,4,13,99,-2,222,
36,4,18,43,23,8,5,14,96,37,6,17,40,23,7,6,15,98,34,6,17,36,18,5,5,14,93,38,6,17,41,21,7,4,11,100,-6,224,
37,4,18,43,23,8,6,14,97,37,7,17,41,23,7,5,14,99,36,6,17,36,20,7,3,16,95,37,6,20,40,23,8,5,15,101,1,187,
36,5,18,43,23,8,6,14,97,37,7,17,41,23,7,5,15,99,34,5,17,41,18,6,2,14,92,38,7,20,41,23,7,7,12,104,-5,205,
37,5,18,43,23,7,6,13,97,37,7,18,41,23,7,5,14,99,38,9,18,40,21,9,4,14,105,38,6,22,47,22,7,5,16,106,-8,230,
37,5,18,43,23,7,5,14,98,37,7,18,42,23,7,5,14,100,36,5,18,39,21,6,4,11,97,34,5,18,39,19,5,3,12,92,16,178,
36,5,19,43,22,7,5,13,97,36,7,18,40,22,7,5,14,99,38,8,17,44,23,8,5,17,104,37,7,24,43,22,9,4,16,106,13,203,
36,5,19,44,22,7,5,13,98,36,7,18,40,22,7,5,14,99,35,6,14,37,21,7,4,15,90,38,5,20,43,22,8,5,15,102,-13,167,
36,5,18,44,22,7,5,13,97,36,7,18,41,22,7,5,14,98,41,9,16,40,29,7,5,14,108,41,5,16,45,22,7,3,14,104,-11,165,
36,5,18,44,21,7,5,13,96,36,7,18,41,22,7,5,15,98,36,5,13,41,19,7,3,15,92,36,6,24,43,22,8,6,13,102,11,181,
36,5,18,44,21,8,5,13,96,36,6,18,41,22,7,5,15,97,38,8,14,42,19,7,3,12,99,36,6,15,41,21,5,5,14,95,-14,186,
36,5,18,44,21,7,5,13,96,36,6,18,40,22,7,5,15,97,34,4,17,38,20,6,3,14,91,37,6,20,40,25,7,4,13,100,7,191,
36,5,18,44,21,7,5,13,96,36,6,18,40,22,7,5,15,97,38,6,20,41,20,9,5,15,103,40,8,18,46,25,7,5,15,107,14,256,
37,5,18,44,21,7,5,13,97,36,7,18,40,22,7,5,15,98,35,6,19,41,17,7,4,12,97,37,7,18,41,24,6,4,12,100,-6,188,
36,5,18,44,22,7,5,14,97,36,6,18,40,22,7,5,15,98,35,6,17,40,19,6,4,14,95,40,6,17,46,24,9,5,13,104,15,209,
37,5,18,44,22,7,5,13,97,36,6,18,40,21,7,5,14,98,35,7,16,42,17,7,4,13,95,36,5,20,40,20,7,4,13,97,11,203,
37,5,18,44,22,7,5,13,98,36,6,18,40,21,7,5,14,98,39,3,21,41,25,8,4,15,104,36,6,25,38,21,8,6,15,104,12,204,
37,5,18,45,22,7,5,13,98,36,6,19,40,21,7,5,14,98,37,3,17,41,19,7,4,13,95,37,7,16,37,23,6,6,13,98,-4,216,
37,5,18,44,22,7,5,13,98,36,6,19,40,21,7,5,14,98,34,5,18,40,23,6,4,14,94,36,6,22,42,21,8,4,12,101,16,208,
37,5,17,45,22,7,5,13,99,36,6,19,40,21,7,5,14,98,35,7,15,39,19,6,3,12,93,36,5,15,41,20,7,4,11,93,-22,182,
37,5,18,44,22,7,5,13,98,36,6,19,40,21,7,5,14,98,37,8,17,41,22,8,4,15,102,38,7,22,44,23,8,5,15,106,-7,209,
37,5,18,45,22,7,5,13,98,36,6,19,40,21,7,5,14,98,34,4,19,41,19,7,5,14,93,38,6,17,41,22,7,5,13,100,9,197,
37,5,18,45,22,7,5,13,98,36,6,19,40,20,7,5,14,98,35,5,16,40,18,6,4,14,92,37,7,21,40,22,8,5,12,104,3,225,
37,5,18,45,22,7,5,13,99,36,6,19,40,21,7,5,14,99,36,7,20,40,20,8,4,13,100,33,5,20,39,18,6,5,14,92,-14,198,
37,5,18,44,22,7,5,13,99,36,6,19,40,21,7,5,14,99,35,7,19,40,18,7,4,12,98,37,7,18,41,24,6,4,12,101,-12,186,
37,5,18,43,22,8,5,13,98,36,6,19,41,21,7,5,14,99,35,7,17,43,18,6,4,13,95,36,5,20,40,20,7,4,12,98,5,195,
37,5,18,43,22,8,5,13,98,36,6,19,41,21,7,5,14,99,36,9,20,41,20,6,3,13,104,37,6,19,42,23,6,4,13,100,-20,188,
37,5,18,43,22,8,5,13,98,36,6,19,40,21,7,5,14,99,37,6,16,38,23,6,3,12,98,37,7,16,42,23,6,4,13,99,10,204,
37,5,17,40,24,6,5,15,98,36,7,16,36,22,6,4,13,96,33,6,18,39,22,6,4,14,92,34,5,22,40,19,9,4,13,97,-2,192,
37,5,17,40,24,6,5,14,98,36,6,16,36,23,6,4,13,96,36,6,20,44,18,7,5,14,100,35,7,22,41,22,6,5,13,100,-24,178,
36,5,17,39,23,6,4,14,96,37,6,16,37,23,6,4,13,97,35,4,17,38,20,6,4,14,92,37,6,19,39,24,7,4,13,99,6,190,
36,5,18,40,23,6,4,14,96,36,6,16,37,23,6,4,13,96,31,4,21,39,16,8,5,14,88,34,5,17,42,21,7,6,15,93,7,167,
36,5,17,41,23,6,4,14,96,36,6,17,37,22,6,4,13,95,38,9,19,41,21,9,4,14,105,38,6,22,47,22,7,5,16,106,-20,218,
36,5,18,39,23,6,4,14,96,36,6,17,37,22,7,4,14,97,41,8,15,40,29,7,5,13,107,41,5,15,46,21,7,3,14,103,-9,219,
36,5,18,40,23,6,4,14,96,36,6,17,37,22,7,4,14,97,38,8,17,44,23,8,5,17,103,37,7,24,43,22,9,4,16,106,12,196,
36,5,18,40,24,6,4,14,97,36,7,17,37,23,7,4,14,97,35,6,20,43,18,6,5,13,98,36,7,20,42,23,6,5,12,99,3,207,
36,5,18,40,24,6,4,14,97,36,7,18,37,22,7,4,14,97,36,6,17,42,20,7,5,14,96,35,5,19,38,20,7,4,13,95,-8,174,
36,5,17,40,23,6,4,14,96,36,7,17,38,22,7,4,13,97,35,5,18,41,19,6,2,13,94,38,6,18,42,23,6,6,12,102,-1,197,
36,5,18,40,23,6,4,14,96,36,7,17,38,22,6,4,14,97,34,4,21,39,19,7,4,13,94,38,6,20,43,22,7,5,13,102,-7,185,
36,5,17,40,23,6,4,14,96,36,6,17,38,22,7,4,13,97,38,8,14,41,19,7,3,12,99,36,6,15,41,21,5,5,14,94,-4,218,
36,5,17,40,23,6,4,13,97,36,6,17,38,22,7,4,13,98,35,5,19,38,20,7,4,11,96,34,5,18,39,19,5,3,12,93,5,201,
36,5,18,40,23,6,4,13,97,36,6,18,38,22,7,4,13,98,38,6,20,41,20,9,5,15,104,41,8,18,45,25,7,5,15,109,6,224,
36,5,18,40,23,6,4,14,97,36,7,18,38,22,7,4,13,98,35,7,16,42,17,7,4,14,94,36,5,19,40,20,7,4,13,97,3,207,
36,5,19,40,23,6,4,13,98,36,7,18,38,22,7,4,13,98,35,7,16,40,20,6,3,12,94,36,6,15,40,20,7,4,11,93,-2,190,
36,5,19,40,23,6,4,13,98,36,7,18,39,22,7,4,13,98,37,4,16,45,21,6,4,16,95,39,6,19,45,24,9,6,13,105,12,224,
36,5,19,40,23,6,4,13,98,36,6,18,39,22,7,4,13,98,34,5,17,39,18,4,4,12,92,36,6,18,41,21,6,4,11,98,-2,204,
36,5,19,40,23,6,4,13,98,36,6,18,39,22,7,4,13,98,36,3,17,41,19,7,5,14,94,37,7,16,37,23,6,6,13,99,-22,216,
36,5,19,40,23,6,4,13,98,37,6,18,39,22,7,4,13,99,39,3,21,41,25,8,4,15,104,36,6,24,38,21,8,6,15,104,-4,224,
37,5,19,40,23,6,4,13,99,37,6,18,39,22,7,4,13,100,36,8,20,40,20,8,4,14,101,33,5,20,39,18,6,5,15,93,-22,176,
36,5,19,41,23,6,4,13,98,37,6,18,39,22,7,4,13,100,35,5,17,37,20,6,3,13,93,37,6,20,41,24,7,4,13,101,-6,218,
36,5,19,41,23,6,4,13,98,37,6,18,39,23,7,4,13,100,35,7,16,43,18,6,4,14,95,36,5,20,41,20,7,4,12,98,10,206,
36,5,19,41,23,6,4,13,98,37,6,18,39,22,7,4,13,100,37,9,20,41,20,6,3,13,104,37,6,19,42,23,6,4,13,100,-17,189,
36,5,18,41,23,6,4,13,98,37,7,18,39,22,7,4,13,100,35,6,18,40,19,6,2,13,94,39,6,19,43,23,7,6,12,104,4,234,
37,5,19,41,23,6,4,13,99,37,6,18,39,22,7,4,13,100,37,8,17,41,22,8,4,15,102,38,7,22,44,24,8,4,15,106,-4,206,
37,5,19,41,23,6,4,13,99,37,7,18,39,22,7,4,13,100,36,8,20,41,20,8,4,13,100,33,5,19,39,18,7,5,14,92,-3,211,
37,5,19,41,23,7,4,13,99,37,7,19,40,22,7,4,14,101,34,5,18,40,22,6,4,14,94,36,6,22,42,21,8,5,12,102,-13,209,
37,5,19,41,23,7,4,13,99,37,7,18,39,23,7,4,14,101,34,5,18,40,21,7,4,14,94,35,6,21,43,22,8,5,14,100,-16,286,
36,5,15,40,17,7,4,16,92,38,7,18,38,22,8,4,13,102,39,9,17,42,21,9,4,14,105,39,6,22,45,22,6,6,15,107,-13,209,
36,5,15,40,18,7,4,16,93,38,7,18,38,22,8,4,13,102,38,8,18,44,23,8,5,16,103,34,7,24,43,21,8,5,17,101,13,249,
37,5,15,41,18,7,4,15,96,38,8,18,38,23,8,4,13,104,34,5,17,36,18,5,4,15,93,39,6,16,41,22,7,4,12,101,-11,169,
36,5,16,41,17,6,4,15,94,38,8,18,39,22,7,5,12,103,38,6,21,41,19,10,5,16,103,40,8,18,46,25,8,4,16,107,-11,225,
36,5,16,41,18,6,4,14,95,38,7,19,39,23,7,5,12,104,35,6,20,40,19,5,5,11,96,34,5,20,41,19,6,4,12,96,-23,179,
36,5,16,41,17,6,4,14,94,38,7,19,39,23,7,5,12,103,35,4,17,39,20,6,4,14,92,36,6,20,40,24,7,4,13,99,10,192,
36,5,16,41,18,6,4,14,94,38,7,19,38,23,7,5,12,103,38,9,18,41,20,8,3,14,104,38,6,22,46,22,7,5,16,105,-7,203,
36,5,16,41,18,6,4,14,95,37,7,19,38,22,7,5,12,103,41,8,16,40,28,7,5,13,108,41,5,16,45,22,7,3,14,103,10,224,
37,5,16,42,18,6,4,14,96,38,7,19,37,23,7,5,12,103,35,6,19,40,23,6,4,15,96,37,5,23,41,21,9,5,12,103,3,193,
36,5,16,42,18,6,4,14,96,37,7,19,37,23,7,5,12,102,35,5,16,42,21,7,4,13,92,34,6,21,43,21,7,5,15,96,16,150,
36,5,16,42,18,6,4,14,95,37,7,19,38,22,7,5,12,101,34,5,21,41,19,7,5,14,95,38,6,20,45,23,6,5,14,103,21,187,
37,5,16,42,18,6,3,14,96,36,7,19,38,22,7,5,13,100,36,6,16,43,21,7,5,14,95,35,5,18,38,20,7,4,13,94,-6,178,
37,5,16,42,18,7,3,14,95,36,7,19,38,22,7,5,13,100,35,7,21,40,19,8,4,13,99,33,5,19,38,18,6,5,15,91,-2,174,
37,5,15,42,18,7,3,14,95,36,7,19,38,22,7,5,13,99,36,7,16,39,23,6,3,11,98,36,7,16,41,23,5,4,13,96,-23,187,
36,5,15,42,18,7,3,14,94,36,7,19,38,22,7,5,13,99,38,7,19,42,22,7,4,14,105,38,6,18,41,21,7,4,12,100,-25,209,
36,5,15,42,19,7,3,14,94,37,7,19,39,22,7,5,13,100,35,3,17,41,18,7,5,14,93,37,6,16,37,23,6,6,13,98,16,192,
36,5,15,42,19,7,3,14,94,37,6,19,39,22,7,5,13,99,35,7,16,40,20,6,3,12,94,35,6,15,40,20,7,4,11,93,-1,199,
37,5,15,42,19,7,3,14,95,36,6,19,39,22,7,5,13,99,34,5,19,41,18,5,4,12,95,34,5,20,39,19,6,4,11,95,-16,182,
37,5,15,42,19,7,3,14,94,36,6,19,39,22,7,5,13,99,39,3,21,40,25,8,4,15,104,36,5,25,38,21,8,6,15,104,11,211,
37,5,15,41,19,7,3,14,95,36,6,19,39,22,7,5,13,99,37,4,16,45,21,6,4,16,95,39,6,19,45,23,9,6,13,105,-3,219,
37,5,15,41,19,7,3,14,95,37,6,19,39,22,7,5,13,100,34,5,16,38,21,7,4,15,91,39,6,19,43,24,8,5,14,104,-20,198,
37,5,15,41,20,7,3,14,95,37,6,19,39,23,7,5,13,100,35,6,17,39,18,4,4,12,93,36,6,18,41,20,6,4,10,98,-7,199,
37,5,14,41,20,7,3,14,95,37,6,19,39,23,7,5,13,100,34,4,21,39,19,7,4,13,95,38,6,19,44,23,7,5,13,103,9,189,
37,5,15,41,20,7,3,14,95,36,6,19,39,22,7,5,13,100,35,6,17,40,19,6,4,14,96,41,6,17,45,25,8,5,13,105,4,192,
37,5,15,42,20,7,3,14,95,36,6,19,39,22,7,5,13,100,34,5,18,40,19,6,2,13,94,39,6,19,43,23,7,6,12,104,21,207,
37,5,15,42,20,7,3,13,96,36,6,19,39,22,7,5,13,99,39,4,22,40,25,8,4,15,105,37,6,24,39,21,8,6,15,104,7,213,
37,5,15,41,20,7,3,13,96,36,6,19,38,22,7,5,13,100,35,5,18,39,20,6,4,11,95,34,5,18,40,20,5,3,12,92,-4,184,
37,5,16,41,20,7,3,13,96,36,6,19,38,22,7,5,12,99,36,6,18,40,18,6,4,14,97,40,6,18,45,25,8,5,13,106,-12,214,
37,5,15,41,20,7,3,13,96,36,6,20,39,22,7,5,12,100,38,8,14,41,19,7,3,11,99,37,7,15,41,22,5,4,12,96,-32,212,
37,5,15,41,20,7,3,13,96,37,6,19,39,22,7,5,12,100,36,5,15,40,19,6,4,14,93,38,7,21,41,23,8,5,12,105,9,211,
41,10,19,42,24,9,4,12,112,39,7,21,48,24,6,5,16,107,35,5,13,41,19,7,4,15,91,34,5,25,43,21,8,6,13,100,4,206,
41,9,19,42,24,9,5,12,111,38,7,21,49,24,6,5,17,106,37,6,20,40,20,10,5,16,101,40,7,19,46,25,8,4,17,106,-4,244,
41,10,19,43,24,9,5,12,112,39,6,22,48,23,6,5,17,107,36,7,14,43,20,7,4,12,95,35,5,15,41,21,6,4,14,91,-12,220,
41,9,19,42,24,8,4,12,111,39,7,22,48,23,6,5,16,108,35,7,16,40,20,6,3,12,93,36,5,14,41,19,7,5,11,93,9,251,
41,10,19,42,24,8,4,12,112,39,7,22,47,23,6,4,16,109,35,7,18,40,20,5,4,14,97,40,5,17,45,23,9,5,12,103,12,220,
42,10,18,42,25,8,5,12,112,39,7,22,47,23,6,4,16,108,38,8,17,43,22,8,5,16,104,36,7,25,43,23,9,5,16,106,5,207,
41,10,18,42,24,8,4,12,112,39,7,22,47,23,6,5,16,108,36,5,13,41,18,7,4,15,91,36,6,24,43,23,8,6,13,102,-1,217,
41,10,18,42,24,8,4,12,112,39,7,22,47,23,6,5,16,108,34,6,19,39,23,6,4,14,95,37,5,22,40,21,9,5,13,102,2,240,
41,10,19,42,24,9,4,12,112,39,7,22,48,23,6,4,16,109,34,6,18,40,19,6,2,14,94,38,7,19,42,23,6,6,13,103,2,210,
41,10,19,42,24,8,4,12,112,39,7,22,48,24,6,4,16,108,35,6,15,36,22,7,4,15,91,38,5,19,43,23,8,6,14,101,31,223,
41,10,19,42,24,8,4,12,113,39,7,22,47,24,6,4,16,108,35,5,17,42,20,7,4,14,92,34,6,21,43,21,7,5,15,97,-6,222,
41,9,19,42,24,9,4,12,112,39,7,22,47,23,6,4,16,108,35,6,19,36,20,7,3,17,96,37,6,21,41,25,8,5,14,103,3,207,
41,9,19,42,24,9,4,12,112,39,6,22,48,23,6,4,16,108,35,6,20,42,18,6,4,13,98,37,7,19,41,24,6,5,12,101,3,237,
41,9,19,42,24,9,4,12,112,39,6,22,48,23,6,4,16,108,40,9,16,40,28,7,5,14,107,40,5,16,46,21,7,3,14,103,2,238,
41,9,19,42,24,9,4,12,113,39,6,22,48,23,6,4,16,108,35,8,21,40,19,8,4,13,100,33,5,19,40,18,6,5,15,93,2,236,
41,9,19,42,24,9,4,12,113,39,7,22,47,23,6,4,16,109,33,3,20,40,18,8,5,14,90,36,5,18,42,22,7,6,13,97,-7,227,
42,9,19,42,24,9,4,12,113,39,7,22,47,23,6,4,16,109,36,4,17,45,20,6,4,16,95,39,6,19,46,23,9,6,13,105,6,204,
42,9,19,42,24,9,4,12,112,39,6,22,47,24,6,4,17,109,35,3,18,41,18,7,5,14,93,37,7,16,37,23,7,6,13,98,22,216,
42,9,19,42,24,9,4,12,113,39,6,22,47,23,6,4,17,108,34,5,17,39,18,4,4,12,92,36,6,18,41,21,6,4,11,98,6,214,
42,9,18,42,24,9,5,12,113,39,6,21,47,23,6,4,16,108,37,7,16,39,22,6,3,12,98,36,7,16,41,22,5,4,13,97,11,223,
42,9,18,42,24,9,4,12,113,39,6,21,47,23,6,4,16,108,35,6,17,40,19,6,4,14,95,41,6,17,45,25,8,5,13,105,3,217,
42,9,18,42,24,9,4,12,113,39,6,21,47,23,7,4,16,108,36,6,16,43,20,7,4,13,95,34,5,18,39,19,7,4,13,93,-3,215,
42,9,18,42,24,9,5,12,112,39,6,21,47,23,7,4,16,108,39,7,20,41,22,7,4,13,106,38,6,18,42,21,7,4,12,101,-4,242,
42,9,18,43,24,9,4,12,113,40,6,21,47,23,7,4,16,108,35,6,17,40,18,4,4,12,93,36,6,18,40,20,6,4,10,98,16,206,
42,9,18,43,24,9,5,12,112,40,6,21,47,23,6,4,16,108,35,5,19,41,19,5,4,12,96,35,5,20,39,20,6,4,11,95,10,218,
42,9,18,43,24,9,5,12,112,39,6,21,46,23,6,4,16,108,36,6,19,38,20,7,3,15,99,38,7,21,41,24,7,5,14,106,8,272,
42,9,19,43,24,9,5,12,113,40,6,22,46,23,6,4,16,108,40,7,20,40,22,9,5,14,108,42,7,18,45,25,7,4,15,111,-9,219,
42,9,19,43,24,9,5,12,113,40,6,22,46,23,7,4,16,109,34,4,20,38,19,7,4,13,95,38,6,19,43,22,7,5,13,103,6,238,
42,9,19,43,24,9,5,12,113,40,6,22,46,23,6,4,16,109,37,3,16,43,21,6,4,16,95,41,7,18,44,25,8,5,12,108,-5,247,
40,4,22,42,27,10,4,15,107,33,6,19,36,18,7,5,18,92,35,6,20,40,19,5,5,11,97,34,6,21,42,18,5,4,12,96,9,189,
40,4,22,41,27,11,4,15,106,33,7,19,37,19,7,5,18,92,34,8,21,39,20,8,4,13,99,33,6,19,38,18,6,5,15,91,-6,202,
40,4,21,41,27,10,4,15,106,33,7,19,37,19,7,4,17,93,35,5,16,37,18,5,5,15,92,38,6,16,41,22,7,4,12,100,10,212,
40,4,21,40,27,10,4,14,106,33,7,20,37,19,7,4,17,93,34,4,17,43,19,7,5,14,92,35,6,15,36,21,6,5,13,93,3,217,
40,4,21,40,27,10,4,14,106,33,6,20,36,19,7,4,17,94,38,8,17,43,23,7,5,16,103,36,7,25,43,22,9,5,16,105,22,200,
40,4,21,39,27,10,4,14,106,33,6,20,37,19,7,4,17,94,42,8,16,40,29,7,5,13,109,41,6,15,46,21,7,3,14,104,22,194,
40,4,21,41,27,9,4,14,107,33,6,19,37,19,7,4,17,93,37,9,20,43,21,6,4,14,104,37,6,19,43,23,7,4,13,100,4,234,
40,4,22,40,27,9,4,14,107,33,6,20,37,18,7,4,16,95,36,5,16,39,19,7,4,14,94,37,7,21,40,21,8,6,13,103,11,185,
39,4,22,40,27,9,4,14,107,33,6,20,37,18,7,4,17,94,33,5,21,41,19,7,5,14,94,37,6,20,44,23,6,6,14,100,18,194,
40,4,22,40,27,9,4,14,107,33,6,20,36,18,7,5,17,94,35,6,18,36,20,7,3,17,95,37,6,20,41,24,8,5,15,102,14,240,
40,4,22,40,27,9,4,14,108,33,6,20,36,18,7,4,16,95,35,7,16,40,20,6,4,12,94,37,5,14,41,20,7,4,11,94,6,188,
40,4,22,39,27,9,4,14,107,33,6,21,36,18,7,4,16,95,35,6,18,41,19,6,3,13,95,38,7,19,42,23,6,6,13,104,11,189,
40,4,22,39,27,9,4,14,107,33,6,20,36,18,7,4,16,94,37,8,14,42,20,7,3,12,98,35,5,15,41,21,5,5,14,92,22,198,
40,5,21,39,27,9,4,13,107,33,6,20,36,18,7,4,17,94,35,5,17,41,20,7,4,14,93,34,6,21,43,21,8,5,14,97,10,184,
40,5,21,39,26,9,4,13,106,33,6,20,36,18,7,4,16,94,39,9,19,40,21,9,4,14,106,38,6,22,46,22,7,5,16,106,10,228,
40,5,21,40,27,9,4,14,107,33,6,20,36,18,7,4,16,94,33,4,20,40,18,7,5,14,91,37,5,18,42,21,7,6,13,98,6,194,
40,5,21,39,27,9,4,14,107,33,6,20,36,18,7,4,16,94,36,6,19,39,20,7,4,11,97,34,5,19,39,19,5,3,12,93,8,198,
40,5,21,39,27,9,4,13,106,33,6,20,36,18,7,4,16,94,34,5,19,42,18,5,4,12,95,34,5,19,40,19,6,4,11,95,6,226,
40,5,21,39,27,9,4,13,107,33,6,20,36,18,7,4,16,95,35,5,14,40,18,7,3,15,91,36,5,23,43,23,8,6,13,101,29,181,
40,5,21,39,27,9,4,13,107,33,6,20,36,18,7,4,16,94,39,6,20,41,21,9,5,15,105,41,8,18,45,24,7,4,15,108,27,237,
40,5,21,40,27,9,4,13,108,33,6,20,36,18,7,4,16,94,37,7,16,39,23,6,3,12,99,37,7,17,42,23,5,4,13,99,17,175,
40,5,21,40,27,9,4,13,107,33,6,20,36,18,7,4,16,94,39,7,20,42,22,7,4,13,106,38,6,18,42,21,7,4,12,101,-11,201,
40,5,21,40,27,9,4,13,107,34,6,20,36,18,7,4,16,94,37,3,17,44,21,6,4,16,96,41,7,19,45,25,9,5,12,108,14,216,
40,5,21,40,27,9,4,13,107,34,6,20,36,18,7,4,16,94,34,6,16,38,21,7,4,14,91,38,6,18,43,24,8,6,13,103,22,234,
40,5,21,40,27,9,4,13,108,34,6,20,36,18,7,4,16,95,34,4,20,38,19,7,4,13,94,38,6,19,44,22,6,5,13,103,20,222,
40,5,21,39,27,9,4,13,108,34,6,20,36,18,7,4,16,95,35,7,19,40,18,7,4,12,98,37,7,18,41,23,6,4,12,100,42,216,
41,5,21,39,27,9,4,13,108,34,6,20,36,18,7,4,16,95,36,5,14,40,19,7,3,14,92,36,6,22,42,23,8,5,13,102,17,217,
41,5,21,39,27,9,4,13,109,34,6,20,36,18,7,4,16,95,35,7,16,40,19,6,3,11,94,35,5,15,41,19,7,4,11,93,26,154,
40,6,21,39,27,9,4,13,108,33,6,20,36,18,7,4,16,94,40,7,20,40,22,9,5,14,108,42,7,18,45,25,7,4,15,111,27,221,
41,5,20,40,27,9,4,13,109,33,6,20,35,18,7,4,16,94,36,6,17,43,20,7,4,13,95,35,5,18,39,19,7,5,12,93,9,201,
33,5,21,41,21,6,5,15,92,36,5,18,43,20,7,4,14,95,36,8,16,38,24,7,2,12,98,36,7,15,41,23,6,5,14,95,-3,157,
32,5,20,42,21,6,5,15,91,35,4,17,43,20,7,5,13,94,42,8,15,40,29,7,5,13,109,41,6,15,46,21,7,3,14,105,-20,196,
32,4,20,42,21,6,5,15,90,36,4,18,43,21,7,5,14,95,36,6,13,41,19,7,3,15,92,35,5,24,43,22,8,6,13,101,9,173,
32,4,20,41,21,6,5,14,90,36,4,17,44,21,7,5,14,94,37,7,14,43,20,7,4,12,96,35,6,15,43,21,6,4,14,91,-14,176,
32,4,19,41,21,6,5,14,90,35,4,18,43,20,7,5,13,94,35,7,15,40,20,6,3,12,94,36,5,15,42,19,8,5,11,94,-6,170,
33,4,19,41,21,6,5,14,89,35,4,18,44,20,7,5,13,94,37,9,20,43,21,6,4,14,104,37,6,18,43,22,7,4,13,99,-7,219,
33,4,19,41,22,6,5,14,90,35,4,18,43,20,7,4,13,95,35,6,20,41,19,5,5,11,96,34,5,20,40,18,6,4,12,93,-1,189,
33,4,19,40,22,6,5,13,90,35,5,19,43,20,7,4,13,95,41,8,16,40,29,7,5,13,108,41,6,15,46,21,6,3,13,104,7,187,
33,3,19,40,22,5,5,14,91,35,5,18,43,21,7,4,13,95,34,6,19,39,23,6,3,14,95,35,4,23,40,19,9,4,13,99,13,227,
34,3,19,40,22,6,5,13,92,35,5,18,44,21,7,4,13,95,39,3,21,39,24,8,4,15,103,37,5,25,39,21,8,7,15,106,-16,202,
34,3,20,40,22,6,5,14,92,36,5,18,43,21,7,4,13,96,35,6,18,36,20,7,3,17,96,37,7,20,40,24,8,5,15,101,26,196,
34,3,20,41,22,6,5,14,93,35,5,18,43,21,7,4,14,95,35,5,14,37,21,7,4,15,90,37,5,19,43,22,8,6,14,100,-7,207,
35,3,19,40,23,6,5,14,93,36,5,18,42,22,7,4,14,96,32,3,20,40,18,8,5,14,89,35,5,18,41,21,7,6,14,94,7,183,
35,3,19,40,23,6,5,14,93,36,5,18,43,22,7,4,14,95,35,7,20,42,18,7,4,13,99,37,7,19,41,24,6,4,12,102,-2,180,
35,3,19,40,23,6,5,14,93,36,5,18,43,21,7,4,14,95,35,7,17,40,20,6,4,14,96,40,6,16,45,24,9,5,13,104,14,186,
35,3,19,40,23,6,5,14,93,35,5,18,42,21,7,4,14,95,39,3,21,40,25,8,4,15,104,36,5,24,39,21,8,6,15,104,10,218,
35,3,20,40,23,6,5,14,94,35,4,19,42,21,7,4,14,95,39,7,20,42,22,7,4,13,106,38,6,18,42,21,7,4,13,101,-18,208,
35,3,20,40,23,6,5,14,94,35,5,19,42,21,7,4,14,96,35,8,20,39,19,8,4,14,100,33,6,20,40,19,6,5,15,94,-28,180,
34,3,20,40,23,6,5,14,93,36,5,19,42,21,7,4,14,96,34,6,17,38,18,4,4,12,92,37,6,18,41,21,6,4,11,99,-2,162,
34,3,20,40,23,6,5,13,93,35,5,19,42,21,7,4,14,96,36,6,19,39,20,7,4,10,97,34,5,19,39,20,5,3,12,93,-30,176,
34,3,20,40,22,6,5,13,92,36,5,18,42,21,7,4,14,96,36,3,17,41,18,7,5,14,94,38,7,16,37,23,6,6,13,99,-26,186,
34,3,20,39,22,6,5,14,92,36,5,18,41,22,7,4,14,96,36,6,19,38,20,7,3,16,97,37,7,21,41,24,8,5,14,104,7,225,
34,3,20,39,23,6,5,13,93,36,5,18,41,22,7,4,14,96,35,5,14,40,18,7,3,14,91,36,5,23,43,22,8,6,13,101,-3,195,
34,3,20,39,23,6,5,14,93,36,5,18,41,22,7,4,13,97,40,9,18,40,21,9,4,13,108,38,7,22,45,22,6,5,16,107,-16,216,
34,3,21,39,22,6,5,14,93,36,5,18,41,21,7,4,13,97,35,6,17,39,18,4,4,12,93,36,6,18,41,20,6,4,10,98,-11,155,
34,3,20,39,22,6,5,13,92,36,5,18,41,21,7,4,13,97,36,6,18,41,18,6,4,14,97,40,6,17,45,25,8,5,13,105,13,207,
34,3,20,39,22,6,5,13,93,36,5,18,41,21,7,4,13,97,35,5,20,41,19,5,4,12,96,35,5,20,39,19,6,4,11,96,-7,179,
34,3,21,39,22,6,5,14,93,36,5,18,41,21,7,4,13,97,36,6,16,42,20,7,4,13,95,35,5,18,40,19,7,4,13,93,-26,184,
34,3,20,39,22,6,5,14,92,36,5,18,41,21,7,4,13,97,40,7,20,40,22,9,5,14,108,42,7,18,45,25,7,4,15,111,-18,216,
34,3,20,39,22,6,5,14,92,36,5,18,41,21,7,4,13,97,39,7,20,42,23,7,4,13,107,38,6,18,42,21,7,4,12,101,-28,184,
34,6,19,42,19,7,5,14,95,34,5,20,41,18,6,5,15,94,36,9,20,44,22,6,5,15,103,37,6,17,45,22,7,4,14,98,-16,190,
34,6,18,42,20,7,5,14,94,34,5,20,41,18,6,5,15,95,39,2,21,40,24,8,4,15,103,37,5,25,38,21,8,6,15,105,6,190,
34,6,20,41,20,8,5,14,95,34,5,20,41,18,6,5,16,95,36,5,21,44,18,7,5,14,99,35,7,21,41,22,6,5,13,99,-4,212,
34,6,20,41,20,7,5,14,96,34,5,20,41,18,6,5,16,95,37,7,13,43,20,7,4,12,95,35,6,15,43,21,6,5,14,92,-14,184,
34,6,19,41,20,7,5,14,95,35,5,20,41,19,6,5,15,96,38,8,18,43,23,8,5,15,104,36,7,24,43,22,8,5,16,104,4,210,
34,6,20,41,20,8,5,14,96,35,6,19,42,19,6,5,16,96,33,5,16,43,20,7,4,14,89,33,7,20,44,21,8,5,15,95,-12,206,
34,6,20,41,20,8,5,14,96,35,6,19,42,19,6,5,15,97,35,5,16,40,19,7,4,15,93,37,7,21,40,22,8,6,13,104,-4,182,
34,6,20,41,20,7,5,14,95,35,5,19,42,19,6,5,15,96,34,6,19,39,23,6,4,15,94,35,4,22,40,19,9,4,13,97,16,214,
35,6,20,41,20,7,5,14,96,35,5,19,41,19,6,5,15,96,36,6,18,39,21,6,4,11,98,34,5,18,39,19,5,3,12,92,-3,203,
35,6,20,41,20,7,5,14,97,35,5,19,42,19,7,5,15,97,38,6,21,41,20,9,5,15,105,40,8,18,46,25,7,4,16,109,3,235,
35,6,20,41,21,7,5,14,97,36,5,19,43,19,7,5,14,98,37,9,20,43,21,6,4,14,104,37,6,20,43,23,7,4,13,101,6,192,
35,6,20,41,21,7,5,14,98,36,5,19,43,19,7,5,15,97,36,7,17,40,21,5,4,14,97,40,6,17,45,24,9,5,12,104,18,192,
35,6,20,41,21,7,5,13,98,35,5,19,43,19,7,5,15,97,35,7,16,40,20,5,3,12,94,37,6,14,42,19,7,5,11,95,-9,181,
35,6,19,41,21,7,5,13,97,36,5,19,43,19,7,5,14,97,35,6,20,40,19,5,5,12,97,34,5,20,40,19,6,4,11,95,-7,197,
35,6,19,41,21,7,5,13,97,36,5,19,43,18,7,5,14,97,35,3,17,41,18,7,5,14,92,37,6,16,37,23,6,6,13,98,-7,199,
35,6,19,41,21,7,5,13,97,36,5,19,43,19,7,5,14,97,34,6,19,40,23,6,3,14,95,36,5,22,41,21,9,5,12,102,-14,194,
35,6,19,41,21,7,5,13,97,36,5,19,43,19,6,5,14,97,39,7,19,42,22,7,4,14,105,37,6,18,41,21,7,4,12,101,-9,203,
35,6,19,41,21,7,5,13,97,36,5,19,43,19,7,5,14,98,32,3,20,40,18,8,5,14,89,36,5,18,41,22,7,6,14,95,2,198,
36,6,19,41,21,7,5,13,97,36,5,19,43,19,7,5,14,98,35,6,18,38,20,7,3,16,96,37,6,20,41,24,8,5,14,102,-1,231,
36,6,19,41,21,7,5,13,98,36,5,19,43,19,7,5,14,98,36,7,16,39,23,6,3,12,98,36,7,16,41,22,5,4,13,96,12,208,
36,6,19,41,20,7,5,13,98,36,5,19,42,19,7,6,14,98,39,9,18,40,21,9,4,13,107,38,6,23,46,23,6,5,16,107,9,227,
36,6,20,41,20,7,5,13,98,36,5,19,42,19,7,6,14,99,33,4,19,40,18,7,5,15,91,37,5,18,41,22,7,6,13,98,15,201,
36,6,19,41,20,7,5,13,99,36,5,19,42,19,7,6,14,98,35,5,16,37,21,6,3,13,92,37,6,20,41,24,7,4,13,101,12,176,
36,6,19,41,20,7,5,13,99,36,5,19,42,19,7,6,14,98,37,6,16,39,23,6,3,12,98,37,7,16,41,23,5,4,13,99,-4,204,
36,6,19,41,20,7,5,13,99,36,5,19,42,19,7,6,14,98,35,7,16,43,18,6,4,13,94,36,5,20,40,20,7,4,12,98,-4,232,
36,6,19,41,20,7,5,13,99,36,5,20,42,19,7,6,14,99,36,8,20,41,20,8,4,14,100,33,6,20,39,18,7,5,14,92,-23,179,
36,6,19,41,20,7,5,13,98,36,5,20,42,19,7,6,14,99,36,5,14,39,19,7,3,14,92,37,6,22,43,23,7,6,13,103,2,240,
36,6,19,41,21,7,5,13,99,36,5,20,43,19,7,5,14,99,36,3,18,41,19,8,4,13,96,38,7,15,38,24,6,6,13,99,6,224,
34,5,28,42,15,8,4,14,103,37,5,20,43,18,7,4,15,100,35,4,18,40,18,6,5,14,93,36,8,22,39,20,7,6,13,103,3,189,
35,5,27,42,15,8,4,14,103,37,6,19,42,18,7,4,14,99,37,6,20,38,20,10,4,16,101,40,7,19,47,25,8,4,17,106,-1,211,
34,5,26,42,15,8,4,14,100,36,6,19,43,18,7,4,15,99,35,4,18,44,19,6,5,15,93,36,6,16,37,21,7,6,13,94,-12,172,
34,5,25,41,15,8,4,14,99,36,6,18,43,18,7,5,15,98,42,8,16,41,29,7,5,13,109,41,6,15,46,21,7,3,14,104,-15,219,
34,5,24,41,15,8,4,14,99,37,6,18,43,19,7,5,14,99,37,9,20,43,21,6,4,14,104,37,6,18,43,23,7,4,13,99,4,204,
34,5,24,41,15,8,4,14,99,37,6,18,43,19,7,4,15,99,35,6,18,40,20,5,4,14,96,40,5,17,45,24,9,5,12,103,3,229,
35,5,24,41,16,8,4,14,100,37,7,19,42,19,7,4,15,100,38,8,17,44,22,8,5,16,103,36,7,25,43,23,9,5,16,106,-6,216,
35,5,24,41,16,8,4,15,100,37,7,19,42,19,8,4,15,101,35,6,20,41,19,5,5,11,96,34,5,20,40,19,6,4,12,93,2,242,
35,5,24,40,16,8,4,14,101,37,7,19,42,19,7,4,15,102,34,6,19,39,23,6,4,14,95,36,5,22,40,21,9,4,13,101,34,222,
36,6,24,40,16,8,4,14,103,37,7,19,41,20,7,5,15,101,35,6,15,37,22,7,4,15,91,38,5,19,41,23,8,5,14,100,14,196,
36,6,24,41,17,8,4,14,103,37,7,19,41,20,7,5,15,101,37,7,14,42,20,7,3,12,97,35,5,15,41,21,5,5,14,91,9,215,
36,6,24,41,17,8,4,14,103,37,7,18,40,20,7,5,15,101,34,5,16,42,20,7,4,14,91,34,6,20,44,21,8,5,15,96,4,206,
36,6,24,41,17,8,4,14,103,37,7,19,40,20,7,5,15,101,36,4,16,44,20,6,4,16,94,40,6,18,46,24,9,5,13,106,-13,197,
36,6,24,41,17,8,4,14,103,37,7,19,41,20,7,5,15,101,39,3,21,41,25,8,4,15,103,36,5,24,39,21,8,6,15,103,13,221,
36,6,24,41,17,8,4,14,103,37,7,19,41,20,7,5,15,101,32,3,19,40,18,8,5,14,89,36,5,18,42,21,7,6,13,96,12,226,
36,6,24,41,17,8,4,14,104,37,7,19,41,20,7,5,15,101,35,4,17,37,20,6,3,14,92,37,6,20,41,25,7,4,13,101,11,229,
36,6,24,41,17,8,4,14,104,37,7,19,40,20,7,5,15,102,39,7,19,42,23,7,4,13,107,38,6,18,41,21,7,4,12,101,-12,222,
36,6,24,41,17,8,4,14,104,37,7,19,40,20,7,5,15,102,35,5,14,40,18,7,3,15,90,36,5,23,43,23,8,6,13,101,-8,214,
36,6,24,41,17,8,4,14,104,37,7,19,40,20,7,5,15,102,35,6,17,39,18,4,4,12,93,36,6,18,41,20,6,4,10,98,11,181,
36,6,24,41,17,8,4,14,104,37,7,19,40,20,7,5,15,102,37,7,16,39,23,6,3,12,99,37,7,16,42,23,6,4,13,99,6,206,
36,6,24,41,17,8,4,14,104,37,7,19,40,20,7,5,15,102,40,9,18,40,21,9,4,13,108,38,7,22,45,22,6,5,16,107,17,227,
37,6,24,41,17,8,4,14,105,37,7,19,40,20,7,5,15,102,35,6,18,40,18,6,4,14,96,40,6,17,45,25,8,5,13,105,1,213,
37,6,24,41,18,8,4,14,105,37,7,19,40,20,7,5,15,102,35,6,19,41,18,7,4,12,97,37,7,18,41,23,6,4,12,99,-6,222,
37,6,24,41,18,8,4,14,105,37,7,19,40,20,7,5,15,102,36,6,16,43,20,7,4,13,95,35,5,18,40,19,7,5,12,94,1,197,
36,6,24,40,17,8,4,14,105,37,7,19,40,20,7,5,15,102,34,4,21,38,19,7,4,13,95,38,6,19,43,22,6,5,13,103,12,208,
37,6,24,40,18,8,4,14,105,37,7,19,40,20,7,5,15,102,39,7,20,42,23,7,4,13,106,38,6,18,42,21,7,4,12,101,-22,206,
36,6,24,40,17,8,4,14,104,37,7,19,40,20,8,5,15,102,34,6,16,40,19,4,4,12,93,36,6,18,40,20,6,4,10,98,17,189,
37,6,24,40,17,8,4,14,104,37,7,19,40,20,8,5,15,102,38,8,14,40,20,7,3,11,99,37,7,15,40,22,5,4,13,96,3,185,
37,6,24,40,17,8,4,14,104,37,7,19,41,20,8,5,15,102,34,7,16,40,19,6,3,11,92,35,5,15,41,19,7,4,11,92,-3,199,
39,8,18,44,23,7,6,15,104,36,7,25,46,21,7,5,15,105,36,6,21,43,18,7,5,14,100,35,7,22,41,21,6,5,14,100,8,178,
38,8,18,43,23,7,6,14,104,36,6,24,46,21,7,5,15,104,37,5,19,39,22,6,4,11,99,34,5,18,40,20,6,3,13,93,-6,190,
38,7,18,43,23,6,6,14,103,35,6,25,46,21,7,5,15,103,35,6,18,40,20,5,4,14,96,41,5,17,45,25,9,5,12,105,-18,162,
37,7,18,44,22,7,6,14,101,35,6,24,46,21,7,5,15,102,31,4,20,39,17,8,5,14,88,34,5,17,42,21,7,6,15,91,22,204,
37,8,18,44,22,7,5,14,102,35,6,24,46,20,7,5,15,102,38,9,18,41,20,8,4,14,104,38,6,22,46,22,7,5,16,105,8,242,
37,8,19,45,22,6,5,15,103,35,6,24,44,21,8,5,15,103,35,6,17,36,20,7,2,16,95,36,7,20,40,24,8,5,15,101,-6,214,
38,8,19,45,22,7,5,15,103,35,6,24,44,21,8,5,15,103,35,5,19,38,20,7,4,11,96,34,5,18,39,19,5,3,12,92,-6,214,
37,8,19,45,23,7,5,15,103,36,6,24,45,21,8,5,15,103,36,6,17,42,20,7,5,14,95,35,5,19,38,19,7,4,13,94,-3,209,
37,8,18,45,23,7,5,15,103,36,6,24,44,21,8,5,14,103,37,9,20,42,20,6,4,14,104,37,5,19,42,23,7,4,13,100,-6,236,
37,8,19,44,23,7,5,15,103,36,7,24,44,21,8,5,14,104,34,7,16,40,19,6,3,12,93,36,5,14,41,20,8,4,11,93,-27,205,
37,8,18,43,23,7,5,14,103,36,7,23,44,21,8,5,14,105,35,6,17,38,19,4,4,12,94,37,6,17,41,21,6,4,11,99,8,194,
37,8,19,44,23,7,5,14,103,36,7,23,44,21,7,5,14,104,35,7,21,40,19,8,4,14,99,33,5,19,39,18,6,5,15,91,-7,201,
37,8,19,44,22,6,5,14,102,36,7,23,44,21,7,5,14,104,35,7,16,42,17,7,4,14,93,36,5,19,40,20,7,4,13,97,-9,203,
37,8,19,44,22,6,5,14,102,36,7,23,44,21,7,5,14,104,35,6,18,40,23,6,4,14,95,36,5,22,41,21,8,4,12,102,10,216,
37,8,19,44,22,6,5,14,103,36,7,23,44,21,7,5,14,104,37,7,16,39,23,6,3,12,98,36,7,16,42,23,5,4,13,96,-4,200,
37,9,19,44,22,6,5,14,102,36,7,23,44,21,7,5,14,104,35,5,17,42,21,7,4,14,93,35,6,21,43,21,8,5,15,98,-6,220,
37,9,19,44,22,6,5,14,103,36,7,23,44,21,7,5,14,104,36,5,15,39,19,6,4,14,92,37,7,21,41,22,8,5,12,104,22,234,
37,9,19,44,22,6,5,14,103,37,7,23,45,21,7,5,14,104,37,3,17,44,21,6,4,16,96,40,6,19,44,24,9,5,13,106,7,221,
37,9,19,44,22,6,5,14,104,37,7,23,44,21,7,5,14,104,35,5,18,40,19,6,2,13,94,38,6,19,43,23,7,6,12,103,12,208,
37,8,19,44,22,6,5,14,104,37,7,23,45,21,7,5,14,104,34,6,16,38,21,7,4,14,91,38,6,18,43,24,8,6,13,103,7,197,
37,8,19,44,22,6,5,14,104,36,7,23,45,20,7,5,14,104,36,5,14,40,19,7,3,14,92,36,5,23,42,23,7,6,13,102,11,237,
37,9,19,44,22,7,5,14,104,37,7,22,43,20,7,5,14,104,38,8,14,41,19,7,3,11,98,36,7,15,41,22,5,5,13,95,-8,220,
38,9,19,44,22,7,5,14,104,37,7,23,43,20,7,5,14,104,34,5,18,40,22,6,4,14,94,36,6,22,42,21,8,5,12,101,8,238,
38,9,19,43,22,7,5,13,105,37,7,23,43,20,7,5,14,105,34,5,17,37,20,6,3,13,90,37,6,19,42,24,7,4,13,100,20,190,
38,9,20,44,22,7,5,13,105,37,7,23,43,20,7,5,14,104,36,5,15,40,19,6,4,14,93,38,7,22,40,22,8,5,12,105,8,202,
38,9,19,44,22,7,5,13,105,37,7,22,43,20,7,5,14,104,34,4,19,41,19,7,5,14,93,37,6,17,41,22,7,5,13,99,14,210,
38,9,20,43,22,7,5,13,105,37,7,22,44,20,7,5,14,104,35,6,16,38,21,7,4,14,93,38,6,18,44,23,8,5,13,102,-4,210,
38,9,19,43,22,7,5,13,105,37,7,23,44,20,7,5,14,104,35,5,18,40,19,6,2,13,96,39,6,19,43,23,7,5,12,105,9,255,
36,6,20,44,21,6,5,13,101,37,7,20,40,23,6,5,12,102,37,7,22,44,22,7,5,16,106,38,7,20,41,23,8,4,13,104,4,184,
36,6,21,44,20,7,5,13,100,37,6,20,42,22,6,5,12,101,39,8,17,41,21,8,3,14,105,38,6,22,47,22,6,5,16,106,-9,201,
36,6,20,45,20,7,5,13,100,37,6,20,41,22,6,5,13,101,36,4,18,39,21,6,4,14,95,37,6,19,39,25,7,3,13,101,14,178,
36,6,21,44,21,7,5,13,99,36,6,20,41,22,6,4,13,100,31,4,20,39,17,8,5,14,87,34,5,17,42,20,7,6,15,91,4,192,
36,5,20,43,21,7,5,13,99,36,6,20,40,21,6,4,13,99,35,6,18,36,19,8,3,16,95,37,6,20,39,23,8,6,16,102,4,190,
36,5,20,44,21,7,5,12,99,36,6,20,41,21,6,4,13,99,36,4,18,45,20,7,4,16,96,39,6,20,45,23,9,5,13,105,16,174,
36,5,20,44,21,8,5,12,99,36,5,19,41,21,6,4,14,98,34,5,15,36,20,7,4,15,90,37,5,20,41,22,9,5,14,100,7,219,
36,6,20,45,21,8,5,13,100,36,6,19,41,21,6,4,14,98,36,6,20,43,18,6,5,13,99,35,7,20,41,22,6,4,12,98,36,206,
37,6,20,46,22,8,5,12,101,36,6,18,41,21,6,4,13,98,41,8,16,40,29,7,5,14,107,41,5,16,45,22,7,3,14,104,-2,218,
37,6,20,45,22,8,5,12,101,36,6,19,40,22,6,4,13,98,34,4,21,40,19,7,4,14,95,38,6,20,45,22,6,5,13,103,14,182,
37,6,20,45,21,8,5,12,101,36,6,18,40,22,6,4,13,97,34,7,21,41,19,8,4,13,99,32,5,19,39,18,6,5,15,90,1,227,
37,6,21,45,22,8,5,12,101,36,6,18,39,22,6,4,13,98,38,6,20,41,20,9,5,15,103,40,8,19,46,25,7,5,15,108,-30,196,
37,6,20,45,21,8,5,13,101,36,6,19,40,22,6,4,13,99,35,7,15,40,20,6,3,12,94,35,5,15,40,19,8,4,11,92,-7,217,
37,6,20,45,21,7,5,12,101,36,7,19,40,22,6,4,13,99,36,6,16,42,21,7,5,14,95,35,5,18,38,20,8,4,13,94,-8,178,
37,6,20,45,21,7,5,12,100,36,7,19,39,22,6,4,13,99,35,6,20,42,18,7,4,13,98,37,7,19,40,24,7,4,12,102,1,179,
36,6,19,45,21,7,5,12,100,36,7,19,39,22,6,4,13,99,35,7,17,40,19,6,4,14,95,40,6,16,45,24,9,5,13,103,20,198,
37,6,19,45,21,7,5,13,100,36,6,19,39,21,6,4,13,98,35,5,14,40,19,7,3,15,91,36,5,23,43,23,8,6,13,101,8,176,
37,6,19,44,21,7,5,12,100,36,6,19,39,21,6,4,13,98,35,5,18,42,21,7,4,14,94,35,7,21,43,21,8,5,15,98,9,181,
37,6,19,44,21,7,5,12,100,35,6,19,39,21,6,4,13,97,37,8,17,42,22,8,4,16,102,37,7,23,44,23,8,4,15,106,8,198,
37,6,19,45,21,7,5,12,100,35,6,18,39,21,6,4,13,97,35,6,17,39,18,4,4,12,94,37,6,18,41,20,6,4,10,99,8,168,
36,6,19,44,21,7,5,12,99,35,6,18,40,21,6,4,13,97,34,6,16,38,21,7,4,14,92,38,6,18,42,24,8,6,13,103,7,189,
36,6,19,44,21,7,5,12,99,35,6,18,40,21,6,4,13,96,36,5,18,39,20,7,4,10,97,34,5,19,40,19,5,3,12,92,16,162,
36,6,19,45,21,7,5,12,99,35,6,17,40,21,6,4,13,96,37,7,16,39,23,6,3,12,98,37,7,16,41,23,6,4,13,99,7,173,
36,6,19,45,21,7,5,12,99,35,6,17,39,21,6,4,12,95,38,8,14,41,19,7,3,11,98,36,7,15,41,22,6,5,13,96,-1,199,
36,6,19,45,21,7,5,12,99,35,6,17,39,21,6,4,12,95,36,3,18,41,18,7,4,13,95,37,7,16,37,23,6,6,13,99,3,179,
36,6,18,45,22,7,6,12,98,35,6,17,39,21,6,4,12,95,34,5,19,41,21,7,4,14,95,35,6,22,43,22,8,5,14,100,-3,199,
36,6,18,45,22,7,5,12,98,35,6,17,38,21,6,4,12,95,37,9,20,41,20,6,4,13,104,37,6,19,42,23,6,4,13,100,-15,187,
36,6,18,45,22,7,6,12,98,35,6,17,38,21,6,4,12,95,35,5,18,40,22,6,4,14,94,36,6,22,42,21,8,5,12,102,21,187,
36,6,18,45,22,7,6,12,98,35,6,17,38,21,6,4,12,95,33,5,16,37,20,6,3,14,90,37,6,20,42,24,7,4,13,100,8,160,
36,6,18,45,21,7,6,12,98,35,7,17,38,21,6,4,12,95,35,5,18,39,20,6,4,11,95,34,5,18,40,20,5,3,12,92,-10,158,
35,3,22,41,21,7,5,13,96,36,5,17,40,20,6,4,14,96,39,2,21,40,24,8,4,15,102,37,5,24,38,20,8,6,15,104,5,227,
35,3,23,41,21,8,5,14,97,37,5,18,40,20,7,4,14,97,36,4,16,39,20,6,4,13,93,37,6,18,39,25,7,4,13,100,3,225,
35,3,23,41,22,8,5,14,98,36,4,19,39,21,7,4,14,98,38,8,18,43,24,8,5,15,104,35,7,24,43,22,8,5,16,103,12,202,
35,3,23,42,22,8,5,14,99,36,5,19,39,21,7,4,14,97,34,6,18,39,23,6,4,14,93,34,4,22,40,18,9,4,13,97,-6,220,
36,3,23,42,22,8,5,15,99,36,5,20,39,21,7,4,14,98,34,6,15,42,17,7,3,14,91,35,4,21,41,19,7,5,13,97,9,171,
36,3,23,42,22,8,5,15,99,36,5,19,40,21,7,4,14,97,36,6,20,44,18,7,5,14,100,35,7,21,40,22,6,4,13,99,-4,200,
36,3,23,42,23,8,5,14,99,36,5,19,40,21,7,4,14,98,34,5,16,42,20,7,4,14,91,33,6,20,43,21,8,5,15,95,21,189,
36,3,23,43,23,8,5,14,99,36,5,19,40,21,7,4,14,97,38,5,22,42,20,9,5,15,105,41,8,19,46,25,7,4,15,110,11,197,
36,3,22,43,23,8,5,14,99,36,5,19,40,21,7,4,14,97,35,6,17,39,19,4,4,13,95,37,6,17,41,21,6,4,11,99,-2,220,
36,3,23,43,23,7,5,14,100,36,5,19,40,21,7,4,14,97,35,6,19,41,23,6,4,14,95,36,5,23,40,21,9,5,12,102,12,196,
36,3,23,42,23,7,5,14,100,36,5,19,40,21,6,4,14,97,35,3,17,41,18,7,5,14,93,37,7,16,37,23,6,6,13,98,5,187,
36,3,22,42,23,7,6,14,100,36,5,19,40,21,6,4,14,97,39,7,19,42,22,7,4,14,105,37,6,18,42,20,7,4,12,100,3,193,
36,3,22,42,24,7,6,14,100,36,5,19,40,21,6,4,13,97,34,6,15,42,16,7,3,14,92,36,4,19,41,20,7,4,13,97,-5,195,
36,3,22,42,23,7,5,14,99,36,5,18,40,21,7,4,13,97,35,5,19,39,20,7,4,11,96,34,5,18,39,19,5,3,12,93,-4,184,
36,3,22,42,23,7,5,14,99,36,5,18,40,21,7,4,13,97,35,6,19,38,20,7,3,16,96,37,7,21,41,24,8,5,14,103,6,240,
36,3,22,42,23,7,5,14,100,36,5,18,39,21,7,4,13,97,35,6,18,41,19,6,2,14,95,38,6,19,42,23,7,6,12,103,6,192,
36,3,22,42,23,7,5,14,100,36,5,18,40,21,7,4,13,97,39,9,18,40,21,8,4,14,106,38,6,22,46,23,6,5,16,106,-17,253,
37,3,22,42,23,7,5,14,100,37,5,18,40,21,7,4,13,98,35,5,17,37,20,6,3,14,92,37,6,20,41,25,7,4,13,101,3,191,
36,3,22,42,23,7,5,14,100,37,5,18,40,21,7,4,13,98,36,6,16,42,21,7,5,14,96,35,5,18,39,19,7,4,13,93,-8,158,
36,3,22,42,23,7,5,14,99,37,5,18,40,21,7,4,13,98,34,4,21,39,19,7,4,13,94,38,6,19,44,22,6,5,13,102,24,210,
36,4,22,43,23,7,5,14,100,37,5,18,40,21,7,4,13,98,37,9,21,41,20,6,3,13,104,37,6,19,42,23,6,4,13,100,8,188,
36,4,22,43,23,7,5,14,100,36,5,17,40,21,7,4,13,97,35,5,16,40,18,6,4,14,92,37,7,21,41,22,8,5,12,104,19,211,
37,4,22,42,23,7,5,14,100,37,5,17,40,21,7,4,13,97,34,5,19,41,20,7,4,14,94,35,7,22,43,22,8,5,14,100,3,209,
37,4,22,42,23,7,5,13,100,37,6,17,40,21,7,4,13,97,34,5,18,40,19,6,2,13,94,39,6,19,43,23,7,6,12,104,5,223,
37,4,22,42,24,7,5,14,101,37,6,17,40,21,7,4,13,98,37,6,16,39,23,6,3,12,98,37,7,16,41,22,6,4,13,99,7,247,
37,4,22,42,24,7,5,14,101,37,6,17,40,22,7,4,13,98,36,3,18,41,19,8,5,13,95,37,7,15,37,23,6,6,14,98,-5,213,
37,4,22,42,24,7,5,13,102,37,6,18,39,22,7,4,13,99,36,8,20,41,20,8,4,14,100,33,6,20,39,19,7,5,15,92,-10,188,
37,4,22,42,24,7,5,13,101,37,6,18,40,22,7,4,13,99,36,9,20,41,20,6,4,13,104,37,6,18,42,23,6,4,13,99,-16,226,
38,6,18,43,21,7,5,12,102,37,9,14,38,24,5,3,13,98,34,5,16,43,20,6,4,15,89,34,6,21,43,21,8,6,15,96,-11,179,
37,6,17,42,20,7,5,12,100,37,8,15,39,24,5,3,13,97,35,4,18,39,20,6,4,14,93,37,6,19,40,25,7,4,13,100,22,170,
37,6,17,42,21,7,5,12,100,36,8,14,39,23,6,3,13,96,36,5,19,39,22,6,4,11,99,34,5,18,40,20,6,3,13,93,-13,199,
37,6,18,41,20,7,5,13,99,36,8,15,39,23,6,3,13,96,37,4,18,44,20,7,4,16,96,39,6,20,45,23,8,5,14,105,22,194,
37,6,18,41,20,8,4,12,100,36,8,15,40,23,5,3,14,96,36,6,16,42,20,7,5,14,95,35,5,19,40,20,8,4,13,95,-8,176,
37,6,18,41,20,8,5,13,99,36,8,15,40,23,6,3,14,95,34,8,21,41,20,8,4,13,99,33,6,18,39,18,5,5,14,90,7,163,
36,6,18,42,20,8,5,13,98,35,8,15,40,23,6,4,14,95,35,6,18,41,19,6,2,14,94,38,7,19,41,23,6,6,12,103,13,209,
37,6,18,41,20,8,4,13,99,35,8,15,40,23,6,3,14,95,35,6,20,40,19,5,5,11,97,34,5,20,40,19,6,4,12,95,18,186,
37,6,18,40,20,8,4,13,99,35,8,15,40,22,6,4,14,94,36,7,17,40,20,5,4,14,97,40,6,16,45,24,9,5,12,104,11,197,
37,6,18,41,20,8,4,13,99,35,8,15,39,22,6,4,14,94,36,7,16,39,22,6,3,12,97,36,7,16,41,23,5,4,13,97,4,212,
37,6,18,42,20,8,4,13,99,35,8,16,40,22,6,3,14,94,39,3,21,40,24,8,4,15,103,37,5,24,38,21,8,6,15,104,-9,183,
37,6,18,42,20,8,5,13,99,35,8,16,40,23,6,4,14,95,39,7,19,43,22,7,4,14,105,38,6,19,42,20,8,4,12,101,-12,194,
36,6,18,41,19,8,5,13,98,35,8,16,40,23,6,4,14,95,35,7,16,40,19,6,3,12,94,36,5,14,40,20,8,5,11,93,-8,162,
36,6,18,41,19,8,5,13,98,35,8,16,40,23,6,4,14,94,35,5,18,41,19,6,2,13,95,38,6,19,42,23,6,6,12,102,-13,213,
36,6,18,41,19,8,5,13,98,35,8,16,40,23,6,4,14,95,34,5,15,37,21,7,4,15,91,38,6,19,42,24,8,6,14,103,15,205,
36,6,18,41,19,8,5,12,98,35,8,16,40,23,6,4,14,95,38,8,14,41,19,7,3,12,99,36,6,15,41,22,5,5,13,95,17,185,
36,6,18,41,19,8,5,12,98,35,8,16,40,23,6,3,14,95,36,9,21,42,20,6,4,14,104,37,6,19,42,23,7,4,13,101,-30,214,
36,6,18,41,19,8,5,12,98,35,8,16,40,23,6,3,14,96,34,6,16,38,21,7,4,14,92,39,6,18,42,24,8,5,14,103,-3,197,
36,6,18,41,19,8,5,12,98,35,8,16,40,23,6,3,14,96,36,5,16,39,18,6,4,14,93,38,7,22,41,22,8,5,12,105,8,202,
36,6,18,41,20,8,5,12,98,35,8,16,40,23,6,3,14,96,35,7,16,42,18,7,4,14,95,36,5,20,41,20,7,4,13,98,2,200,
36,6,18,41,20,8,5,12,98,35,8,16,40,22,6,3,14,96,34,4,21,39,19,7,4,13,94,38,6,19,44,23,7,5,13,103,10,228,
36,6,19,41,20,8,5,12,99,35,8,16,40,23,6,3,14,96,34,4,19,41,19,7,5,15,92,37,5,17,41,22,7,6,13,99,-9,201,
36,6,18,41,20,8,5,12,99,35,8,16,40,23,6,3,14,96,35,5,18,39,20,6,4,10,96,34,5,18,40,19,5,3,12,92,12,178,
36,6,18,41,20,8,5,12,99,35,8,16,40,23,6,3,14,96,36,5,16,40,18,6,4,14,93,37,7,22,40,22,8,5,12,105,-1,219,
36,6,18,41,20,8,4,12,99,36,8,16,40,23,6,3,14,96,33,5,17,37,20,6,3,14,90,37,6,20,42,24,7,4,13,100,14,204,
37,6,18,41,20,8,5,12,99,36,8,16,40,23,6,3,14,96,36,7,20,41,20,8,4,14,100,33,6,20,39,18,7,5,15,92,14,204,
37,6,18,40,20,8,4,12,99,35,8,16,40,23,6,3,14,96,36,3,18,41,19,8,5,13,96,38,7,15,37,24,6,6,13,99,16,202,
37,7,18,41,20,8,4,12,100,35,8,16,40,23,6,3,14,96,37,8,17,41,22,8,4,15,101,38,7,21,45,24,8,4,15,105,7,227,
36,6,20,43,25,10,4,14,100,29,4,16,36,15,6,4,17,80,35,4,17,40,18,6,4,14,93,36,8,21,40,20,7,6,13,102,22,186,
36,6,21,43,24,10,4,14,101,30,4,15,36,16,7,4,17,80,37,5,19,41,22,6,4,11,100,35,5,18,41,20,5,3,13,94,-2,172,
36,6,20,42,24,10,4,14,99,30,5,15,36,15,7,3,17,81,34,5,16,43,20,6,4,14,90,34,6,20,43,21,8,6,15,95,25,189,
36,6,21,42,24,10,4,15,100,29,5,16,36,15,7,3,17,81,37,9,20,44,21,6,4,14,103,37,6,17,45,22,7,4,14,98,12,194,
36,6,21,41,24,10,4,15,100,29,5,16,36,16,7,3,17,81,36,6,16,42,20,7,5,14,95,35,5,20,41,20,7,4,13,95,4,190,
36,6,20,41,24,9,4,14,100,30,5,16,36,16,6,3,17,82,35,6,18,40,20,5,4,15,96,40,5,17,45,24,9,5,12,103,4,196,
36,6,20,41,24,9,4,14,100,30,5,16,36,16,6,4,16,83,34,5,15,36,20,7,4,16,89,38,5,20,41,22,9,5,14,102,-12,178,
36,6,20,41,23,9,4,15,99,31,5,16,37,16,6,3,16,84,36,6,20,44,18,7,5,13,100,35,7,20,41,22,6,4,13,99,-5,171,
35,6,20,40,23,9,4,14,98,30,5,17,37,16,6,4,16,84,35,6,17,38,19,4,4,13,95,38,6,17,41,21,6,4,11,99,10,190,
35,6,20,41,23,9,4,14,98,30,5,17,37,16,6,4,16,84,35,4,17,42,18,7,5,14,93,37,6,16,38,23,7,6,13,97,27,205,
36,6,20,41,23,9,4,14,99,31,5,17,37,16,6,4,16,84,36,7,16,39,22,6,3,11,96,36,7,16,41,23,5,4,13,96,-2,226,
36,6,20,40,24,9,4,14,99,31,5,17,37,17,6,3,16,86,36,5,13,41,19,7,3,15,92,36,6,24,43,23,8,6,13,103,1,173,
36,6,20,40,23,9,4,14,99,31,5,17,37,17,7,3,16,86,35,6,20,41,19,5,5,11,97,34,5,20,39,19,6,4,11,95,6,186,
35,6,20,40,23,8,4,14,99,31,5,17,37,17,6,4,16,86,34,4,21,39,19,7,4,13,94,38,6,20,45,22,6,5,14,102,11,211,
36,6,20,40,23,8,4,14,99,31,5,18,37,17,7,4,16,86,35,7,16,41,20,6,3,12,94,35,5,15,40,19,8,4,11,92,8,188,
36,6,20,40,23,8,4,14,99,31,6,17,36,17,7,4,16,86,35,5,18,41,19,6,3,13,94,38,6,19,42,23,6,6,12,102,8,214,
36,6,20,40,23,8,4,14,100,31,5,18,36,17,7,4,16,87,35,7,16,42,17,7,4,14,94,36,5,20,40,20,7,4,13,97,5,179,
36,6,20,40,23,8,4,14,99,31,5,18,37,17,7,3,16,87,34,5,15,37,21,7,4,15,91,39,6,19,43,24,8,5,13,104,8,208,
36,6,20,40,23,8,4,14,100,31,6,18,37,18,7,3,16,87,33,4,19,40,18,8,5,15,90,37,5,18,41,22,7,6,13,97,10,186,
36,6,20,40,24,8,4,14,100,31,6,18,37,18,7,3,16,87,36,6,18,39,20,7,4,10,97,34,5,19,39,19,5,3,12,92,12,168,
36,6,20,40,24,8,4,14,99,31,5,18,37,17,7,4,15,87,35,5,18,42,21,7,4,14,94,35,7,21,43,21,8,5,15,98,23,209,
36,6,21,41,23,8,4,14,100,31,5,18,37,18,7,4,15,87,37,4,17,44,21,6,4,16,96,40,6,19,44,24,9,5,13,106,29,193,
36,6,20,41,24,8,4,14,100,31,5,18,37,18,7,4,15,87,39,3,22,41,25,8,4,15,104,37,6,24,38,21,8,6,15,105,-18,202,
36,6,21,41,24,8,4,14,100,31,5,18,37,18,7,4,15,88,36,3,18,41,18,7,4,13,95,37,7,16,37,23,6,6,13,99,-5,185,
36,6,20,40,24,8,4,14,99,31,5,19,37,18,7,4,15,88,40,9,17,40,28,7,5,14,108,41,5,16,43,21,7,3,13,105,20,214,
36,6,20,40,24,8,4,14,100,31,5,19,37,18,7,4,15,88,37,8,14,41,19,7,3,11,98,37,7,15,41,22,5,5,13,96,20,204,
36,6,20,40,24,8,4,14,100,31,5,19,37,18,7,4,15,88,34,5,16,37,20,6,3,13,91,37,6,20,42,24,7,4,13,100,26,150,
36,6,20,41,24,8,4,14,100,31,5,19,37,18,7,4,15,88,37,9,17,41,22,8,4,15,102,38,7,22,44,24,8,4,15,107,15,169,
36,6,20,42,24,8,4,14,100,31,5,19,37,17,7,4,15,87,36,5,15,40,19,6,4,14,93,38,7,21,40,22,8,5,12,105,16,188,
36,6,20,42,24,8,4,14,100,31,5,19,37,18,7,4,15,87,34,5,18,39,22,6,4,14,94,36,6,22,42,21,8,5,12,102,11,199,
38,9,21,42,21,5,5,16,107,40,7,17,41,22,9,4,12,105,39,9,16,42,21,9,4,14,104,38,6,23,47,22,6,6,15,106,-8,242,
38,9,20,41,21,6,5,16,106,40,7,17,42,22,9,4,12,105,34,4,18,44,20,6,5,15,92,36,6,16,37,22,7,5,12,94,-2,196,
38,9,20,41,20,6,5,16,105,40,6,17,42,21,9,4,12,105,36,7,14,43,20,7,4,13,94,35,5,15,43,21,6,4,14,92,-18,214,
38,9,19,41,20,6,5,16,105,40,7,17,41,21,9,4,12,105,35,6,17,41,20,7,5,14,94,35,4,20,40,20,8,4,13,96,-20,186,
37,8,19,41,20,5,5,16,104,41,7,16,42,21,9,4,12,105,35,4,17,39,20,6,4,14,92,36,6,19,39,25,7,4,13,99,7,195,
37,8,19,41,20,5,5,16,103,40,7,15,41,21,9,4,12,104,37,7,21,44,22,7,4,15,104,37,6,20,42,21,8,4,13,102,-16,218,
37,8,19,41,20,5,5,16,103,41,7,15,42,21,9,4,12,105,34,6,15,43,17,7,3,15,91,35,4,21,41,19,7,5,13,97,-8,256,
38,8,18,40,20,5,5,16,104,41,7,16,42,21,9,4,12,107,36,4,17,44,20,7,4,16,94,39,6,19,45,24,9,5,13,105,24,224,
39,9,18,42,21,5,5,16,105,41,7,15,42,21,9,4,12,106,35,5,16,42,21,7,4,13,92,34,6,21,43,21,8,5,15,96,14,194,
39,9,18,42,21,5,5,16,105,41,7,15,41,21,9,4,12,105,37,9,20,43,21,6,4,14,104,37,6,20,43,23,7,4,13,101,-27,197,
38,8,18,42,21,5,5,16,104,41,7,15,41,21,9,4,11,106,34,4,21,41,19,7,5,13,94,37,6,19,45,23,7,5,13,101,5,245,
38,8,19,42,20,5,5,16,105,41,7,16,41,21,9,4,12,106,35,6,20,40,19,5,5,11,97,34,5,20,40,19,6,4,11,95,-19,187,
38,8,19,41,20,5,5,15,104,41,7,15,41,20,9,4,12,106,38,6,21,41,20,9,5,15,103,40,8,19,44,26,7,4,15,109,-4,208,
38,8,18,42,20,5,5,16,104,41,7,15,41,20,9,4,12,106,39,3,21,40,25,8,4,15,102,36,5,24,38,21,8,7,15,104,-19,201,
38,8,18,42,20,5,5,16,104,41,7,15,42,21,9,4,12,106,35,5,15,39,19,6,4,14,91,37,7,21,41,22,8,5,13,103,-5,199,
38,8,18,42,20,5,5,16,103,41,7,15,42,21,9,4,12,106,35,6,18,36,20,7,3,17,97,37,6,21,41,24,8,5,14,103,13,201,
38,8,18,41,20,5,5,16,103,41,7,15,42,21,9,4,11,106,34,5,19,41,18,5,4,11,95,35,5,20,40,19,6,4,11,95,-15,181,
38,8,18,42,19,5,5,16,103,41,7,15,42,21,9,3,12,105,41,9,16,40,28,7,5,14,107,41,5,15,45,21,7,3,14,104,-14,240,
38,8,18,42,19,5,5,15,103,41,7,15,42,21,9,3,12,106,39,3,21,40,25,8,4,15,103,36,5,25,38,21,8,6,15,104,-21,205,
38,8,18,41,19,5,5,15,103,41,7,15,42,22,9,3,12,106,35,6,18,40,23,6,4,14,94,36,6,22,41,21,8,4,12,101,7,193,
38,8,18,42,19,5,5,15,103,41,7,15,41,22,9,3,12,106,35,8,20,39,20,8,4,14,100,33,5,20,40,19,7,5,15,93,-30,208,
37,8,18,41,19,5,5,15,102,41,7,15,41,22,9,3,12,106,34,6,16,38,21,7,4,14,92,38,6,18,43,24,8,6,13,103,18,178,
37,8,18,41,19,5,5,15,102,41,7,15,41,22,9,4,12,105,36,6,19,38,19,7,3,16,98,38,7,21,41,25,8,5,14,105,6,228,
37,8,18,41,19,5,5,15,102,41,7,15,42,22,8,4,12,106,39,7,20,41,21,9,5,14,106,42,7,18,45,25,7,4,15,110,-14,226,
38,8,18,41,19,5,5,15,102,41,7,15,41,22,8,4,12,106,34,4,19,41,19,7,5,14,93,38,6,17,41,22,7,6,13,100,-17,215,
38,8,18,41,19,5,4,15,102,41,7,15,41,22,8,4,12,106,35,6,18,40,19,6,2,13,95,39,6,19,43,23,7,5,12,104,16,244,
38,8,18,41,19,5,4,15,103,41,7,15,41,22,8,4,12,106,39,9,18,40,20,9,4,13,108,39,7,22,46,23,6,5,16,108,-31,203,
38,8,18,41,19,5,4,15,103,41,7,15,41,22,8,4,12,107,40,8,17,40,28,7,5,15,108,41,5,17,43,22,7,3,13,105,-14,240,
38,8,18,41,19,5,4,15,103,41,7,15,41,22,8,4,12,107,36,5,14,39,19,7,3,14,93,37,6,22,42,23,7,5,13,103,-9,219,
37,6,17,40,23,6,4,13,98,35,7,16,41,20,6,2,14,95,39,3,21,40,24,8,4,16,103,37,6,23,38,21,8,6,15,105,8,190,
36,5,19,40,23,6,4,13,98,35,6,16,42,20,6,2,13,94,35,7,15,43,20,7,3,13,94,35,5,16,44,22,6,4,15,92,12,164,
36,6,18,39,23,6,4,13,97,35,6,16,42,20,6,3,13,93,36,8,16,39,23,7,3,12,97,35,7,15,42,23,5,5,14,94,5,197,
36,6,18,39,23,5,4,13,97,35,6,15,42,20,5,3,13,93,37,4,18,43,20,7,4,17,98,39,6,20,44,23,9,5,14,107,10,168,
36,6,18,40,23,5,4,12,97,35,6,15,41,20,5,3,13,92,35,5,14,42,19,7,4,16,91,34,5,25,43,22,8,6,13,100,11,207,
36,6,18,41,23,5,4,12,98,35,6,15,41,20,5,2,13,93,35,4,17,43,19,7,5,15,93,35,6,15,36,21,7,5,13,93,25,169,
36,6,18,41,23,5,4,12,97,35,6,14,41,20,5,3,13,92,39,3,22,41,24,8,4,15,103,37,5,25,38,21,8,7,15,105,14,192,
36,6,18,41,23,6,4,12,98,35,6,14,41,20,5,2,13,91,38,9,18,41,21,8,4,14,105,38,6,22,46,22,7,5,16,105,18,200,
36,7,18,41,24,6,4,12,98,35,6,14,41,19,5,2,13,91,36,6,16,41,20,7,5,14,95,35,5,19,39,20,7,4,13,95,-10,168,
36,6,18,41,23,6,4,12,97,35,6,15,41,19,5,2,13,91,32,4,20,40,18,8,6,14,88,34,5,18,42,21,7,6,14,93,1,187,
36,6,18,40,23,6,4,12,97,35,6,14,41,20,5,2,13,91,35,6,15,43,17,7,3,14,93,36,4,20,40,19,7,5,13,97,-1,167,
35,6,18,40,23,6,4,12,97,35,6,15,41,19,5,2,13,91,35,6,18,41,19,6,3,14,95,38,7,19,42,23,6,6,13,103,6,182,
35,6,18,40,23,6,4,12,96,35,6,14,41,19,5,2,13,91,38,6,20,41,20,9,5,15,103,40,8,19,45,25,7,5,15,109,-2,208,
36,6,18,40,23,6,4,12,97,35,6,15,42,19,6,2,13,91,34,5,17,42,20,7,4,14,92,34,6,21,43,21,8,5,15,96,3,197,
36,6,18,40,23,6,4,12,97,35,6,15,41,19,6,2,13,92,35,6,19,38,20,7,3,16,96,37,7,21,41,24,8,5,15,103,-11,199,
36,6,18,40,23,6,4,12,97,35,6,15,41,19,6,2,13,92,37,4,16,45,21,6,4,16,95,39,6,19,46,24,9,5,13,105,4,180,
36,6,18,40,23,6,4,12,96,35,6,15,42,19,5,2,13,92,35,8,21,39,19,8,4,14,100,33,5,20,40,18,6,5,15,93,-10,214,
35,6,18,40,23,6,4,12,97,35,6,15,42,20,5,2,13,93,39,7,19,42,23,7,4,13,106,38,6,18,42,21,7,4,13,100,8,230,
36,6,18,40,23,6,4,11,97,35,6,15,42,20,5,2,13,93,41,9,16,40,28,7,5,14,108,41,5,15,44,22,7,3,13,105,-5,189,
36,6,18,40,23,6,4,12,97,35,6,15,42,20,5,2,13,93,36,5,15,40,18,7,3,14,92,36,5,23,42,22,8,6,13,101,11,203,
36,6,18,40,23,6,4,11,97,35,6,15,42,20,5,2,13,93,40,8,17,40,28,7,5,14,107,41,5,16,44,22,7,3,13,105,-13,209,
36,6,18,39,23,6,4,11,97,36,6,15,42,20,5,2,13,94,34,4,21,39,19,7,4,13,94,38,6,19,44,23,6,5,13,103,5,209,
36,6,18,39,23,6,4,12,98,36,6,15,42,20,5,2,13,94,35,6,19,42,18,7,4,13,97,36,7,18,41,23,6,4,12,99,20,184,
36,6,18,39,23,6,4,12,98,36,6,15,41,20,5,2,13,94,34,6,16,38,21,7,4,14,92,38,6,18,42,24,8,6,13,103,-8,178,
36,6,18,40,23,6,4,12,97,36,6,15,41,20,5,2,13,94,36,6,17,43,20,7,4,13,95,35,5,18,39,19,7,5,12,94,-9,181,
36,6,17,40,23,6,4,12,97,36,6,15,40,20,5,3,13,94,34,7,16,40,19,6,3,12,93,35,5,15,41,19,7,4,11,92,-7,137,
36,6,17,40,22,6,4,12,96,35,6,15,40,20,5,3,13,93,39,7,20,42,23,7,4,13,107,38,6,18,42,21,7,4,12,101,9,215,
36,6,17,40,22,6,4,12,97,35,6,15,40,20,5,2,13,93,35,5,20,40,19,5,4,12,96,35,5,20,39,20,6,4,11,96,3,213,
36,6,17,40,23,6,4,11,97,35,6,15,40,20,5,2,13,94,36,6,18,40,18,6,4,14,97,40,6,17,45,24,8,5,13,105,22,204,
36,4,20,45,19,6,5,16,98,37,7,20,45,23,8,5,13,103,35,7,15,43,19,7,3,13,93,35,6,15,43,22,6,5,14,91,-14,200,
36,4,19,45,19,6,5,15,97,38,8,19,44,24,8,5,13,103,36,8,15,39,23,6,3,11,96,36,7,15,41,23,5,4,14,94,8,238,
37,4,19,44,20,6,5,15,99,38,8,18,44,24,8,5,13,104,34,8,21,40,20,8,4,14,99,33,6,19,37,17,6,5,15,91,-8,200,
37,4,19,44,20,6,6,15,99,38,8,19,44,24,8,5,12,104,36,6,14,41,19,7,3,15,92,35,5,25,43,22,8,6,13,101,19,199,
38,4,19,45,20,6,6,15,100,38,8,18,44,23,8,4,12,103,35,4,17,43,19,7,5,15,91,35,6,15,36,21,7,5,13,94,-8,188,
37,4,18,44,21,6,6,15,99,38,8,18,43,23,8,5,12,102,35,6,20,40,19,5,5,11,97,34,5,20,41,18,6,3,12,95,-20,160,
37,4,18,44,21,6,6,14,97,37,7,18,44,23,8,5,12,102,39,7,19,44,22,8,4,14,105,37,5,19,42,20,7,4,13,100,-2,244,
38,4,18,44,21,6,6,14,98,38,7,19,44,23,8,5,12,103,36,6,16,42,20,7,5,14,95,35,5,19,40,20,8,4,13,95,-2,216,
38,4,18,44,21,5,6,14,99,38,7,18,42,23,7,4,11,103,31,4,20,39,17,8,6,14,88,34,5,18,43,21,7,6,14,93,-9,189,
38,4,18,44,21,6,6,14,98,38,7,19,43,23,7,5,12,103,35,6,18,36,20,7,2,17,96,37,7,21,40,25,8,5,14,103,-2,204,
37,4,18,44,21,6,6,14,99,38,7,19,43,23,7,5,12,103,35,7,17,40,19,6,4,12,94,37,5,14,40,20,8,4,11,94,3,173,
37,4,18,44,21,6,6,13,98,38,7,19,43,23,7,5,12,102,35,6,16,43,17,7,3,14,93,35,4,20,40,19,7,4,13,97,6,196,
38,4,18,44,21,6,6,14,98,37,7,19,42,22,7,5,12,102,35,5,18,41,19,6,3,13,94,38,7,19,42,23,6,6,12,103,1,171,
38,4,17,45,21,6,6,13,98,37,7,19,42,22,7,4,12,101,34,5,16,42,20,7,4,14,91,34,6,21,44,21,8,5,15,96,-10,226,
38,4,18,44,22,6,6,13,98,37,7,19,42,22,7,4,12,102,39,3,21,40,25,8,4,15,103,36,6,25,39,21,8,6,15,104,-19,205,
38,4,18,44,22,6,6,14,98,37,7,19,42,22,7,4,12,102,35,7,17,40,19,5,4,14,95,40,6,16,45,24,9,5,13,103,7,209,
38,4,18,44,22,6,5,14,98,37,7,19,42,22,8,4,12,102,35,6,16,38,19,4,4,12,93,37,6,18,41,21,6,4,10,99,12,186,
38,4,18,44,21,6,5,14,98,37,7,19,42,22,8,4,12,101,39,7,20,42,23,7,4,13,106,38,6,18,42,21,7,4,13,101,-20,202,
38,4,17,44,21,6,5,14,98,37,7,19,42,22,8,4,12,102,38,6,20,41,20,9,5,15,104,41,8,18,45,25,7,5,15,109,-42,234,
38,4,18,44,21,6,5,14,98,38,7,18,42,23,8,4,12,103,34,4,17,37,20,6,3,14,92,37,6,19,41,25,7,4,13,101,-10,196,
37,4,18,44,21,6,5,14,98,38,7,18,42,23,8,4,12,103,35,5,14,40,18,7,3,14,91,35,5,23,43,22,8,6,13,101,-5,237,
38,4,18,43,21,6,5,14,98,38,7,19,42,23,8,4,12,103,40,8,17,40,28,7,5,14,108,41,5,16,43,22,7,3,13,105,-12,208,
38,4,18,43,21,6,5,14,98,38,7,18,42,23,8,4,12,104,35,6,17,40,18,4,4,12,93,36,6,18,40,20,6,4,10,98,13,181,
38,4,18,43,21,6,5,14,98,38,7,18,42,23,8,4,12,103,35,6,19,41,18,7,4,12,97,36,7,18,41,23,6,4,12,99,-5,203,
38,4,18,43,21,6,5,14,98,38,7,18,41,23,8,4,12,103,34,6,16,38,21,7,4,14,92,38,6,19,43,24,8,6,13,103,-3,189,
38,4,18,43,21,6,5,14,98,38,7,18,41,22,8,4,12,103,36,6,19,38,20,7,3,15,98,38,7,22,41,24,7,5,13,106,-13,227,
38,4,17,43,21,6,5,14,98,38,7,18,41,23,8,4,12,103,34,4,21,38,19,7,4,13,94,38,6,19,43,22,6,5,13,104,-18,186,
38,4,17,43,21,6,5,14,98,38,7,18,42,22,8,4,12,103,36,6,17,43,20,7,4,13,95,35,5,18,39,19,7,4,12,94,-13,145,
37,4,17,43,21,6,5,14,97,38,7,18,41,22,8,4,12,103,39,7,20,40,21,9,5,14,107,42,8,18,45,25,7,4,15,110,4,298,
38,4,17,43,21,6,5,14,98,38,7,18,42,23,8,4,12,104,35,5,20,40,19,5,4,12,97,35,5,20,39,20,6,4,11,96,4,194,
38,6,23,45,24,9,4,15,107,37,6,18,42,22,8,5,15,99,33,6,23,41,20,7,5,15,96,36,5,21,44,22,7,5,14,100,21,205,
39,6,23,44,24,9,5,15,107,36,6,19,42,22,8,5,15,99,42,8,15,40,29,7,5,13,109,41,6,14,46,21,7,3,14,104,7,237,
39,6,23,45,24,9,5,14,108,37,6,19,42,22,8,5,15,100,39,2,22,40,24,8,4,15,103,36,5,25,38,20,8,6,15,104,14,232,
39,6,23,45,25,9,5,14,109,37,6,19,42,23,8,5,15,100,34,8,21,40,20,8,4,13,100,33,6,18,38,18,6,5,15,92,-19,201,
39,6,23,44,24,9,5,15,108,37,6,20,42,22,8,5,15,101,35,4,17,43,19,7,5,14,93,36,6,15,36,22,6,5,13,94,31,217,
39,6,23,44,24,9,5,15,109,37,6,19,42,22,9,4,14,101,38,8,18,43,23,7,5,16,103,36,7,24,43,22,8,5,16,104,16,208,
39,6,24,45,25,9,5,15,109,37,6,18,42,22,9,4,15,100,35,5,16,40,19,7,4,15,92,36,7,21,40,21,8,6,14,102,5,215,
39,6,24,44,24,9,5,15,109,37,6,18,42,22,9,4,15,100,35,7,18,40,20,5,4,14,97,40,5,17,45,24,9,5,13,104,1,199,
39,6,23,44,24,9,5,15,109,37,6,18,42,22,8,4,15,100,41,8,15,40,28,7,5,13,107,41,5,15,46,22,6,3,14,104,-8,204,
38,7,23,45,24,9,5,15,108,38,6,17,43,23,9,5,15,101,38,6,21,41,20,9,5,15,105,40,8,19,44,26,7,4,15,109,17,215,
39,7,23,44,24,9,5,15,108,38,6,17,43,23,8,5,15,101,35,6,15,43,17,7,3,14,93,36,5,20,40,19,8,5,13,97,-3,193,
38,7,23,44,24,9,5,15,108,38,6,17,43,23,8,5,15,100,35,6,18,41,19,6,3,14,94,38,7,19,42,23,6,6,13,103,11,229,
38,7,23,44,24,8,5,15,108,38,6,17,43,23,8,4,15,101,32,3,19,40,18,8,5,14,89,36,4,18,41,21,7,6,14,95,29,215,
39,7,23,45,24,9,5,14,109,38,6,17,43,23,8,5,15,100,35,6,17,38,19,4,4,12,93,37,6,18,41,21,6,4,11,99,13,179,
39,7,23,44,24,9,5,14,108,37,6,18,43,22,8,5,15,100,34,4,17,37,20,6,3,14,92,37,6,20,40,25,7,4,13,101,18,194,
39,7,23,44,24,8,5,14,108,37,6,17,42,22,8,5,15,99,34,5,20,41,18,5,4,12,95,35,5,19,39,19,6,4,11,94,4,212,
38,7,23,45,24,8,5,14,108,37,6,17,43,22,8,4,15,99,34,4,21,39,19,7,4,13,95,38,6,20,44,22,6,5,13,102,37,201,
39,7,23,45,24,9,6,14,109,37,6,17,42,22,8,4,15,99,36,6,19,38,20,7,3,16,98,37,7,21,42,24,8,5,14,104,-1,227,
39,7,23,45,24,8,6,14,109,37,6,18,42,22,8,4,15,99,37,7,16,39,22,6,3,12,98,36,7,16,42,22,5,4,13,96,9,225,
39,7,22,44,24,8,6,14,109,37,6,18,42,22,8,4,15,100,37,3,17,45,21,6,4,16,96,41,6,19,45,25,9,6,12,108,25,235,
39,7,22,44,25,8,5,14,110,37,6,17,42,22,8,4,15,100,40,9,18,40,21,9,4,13,108,38,6,22,45,22,6,5,16,107,-4,226,
39,7,22,44,25,8,5,14,110,37,6,18,42,22,8,4,14,100,34,6,16,38,21,7,4,14,92,39,6,19,43,24,8,6,13,103,-13,203,
39,7,22,44,25,8,5,14,109,37,6,18,42,22,8,4,15,100,36,6,18,40,18,6,4,14,97,40,6,18,45,24,8,5,13,105,-3,225,
39,8,22,45,25,8,6,14,109,37,6,18,43,22,8,4,15,101,35,6,19,41,18,7,4,12,97,36,7,18,41,23,6,4,13,100,6,246,
39,8,22,44,25,8,6,14,110,38,6,18,43,22,8,4,14,101,35,6,17,40,18,4,4,12,93,36,6,18,40,20,6,4,10,98,13,195,
39,8,22,44,25,8,6,14,109,37,7,18,43,22,8,4,14,101,35,5,20,40,19,5,4,12,96,35,5,20,40,19,6,4,11,96,4,220,
39,8,22,44,25,8,6,14,110,38,7,18,42,22,8,4,14,101,38,8,14,41,19,7,3,11,99,37,7,14,39,22,5,4,13,96,3,211,
39,8,22,44,25,8,5,14,109,38,7,18,42,22,8,4,14,101,34,7,16,40,19,6,3,11,92,35,5,15,41,19,7,4,11,92,21,191,
39,8,22,44,25,8,5,14,109,38,7,18,42,22,8,4,14,101,37,6,20,38,20,7,3,15,100,38,7,22,41,24,8,5,14,107,23,225,
38,8,14,42,22,6,5,11,100,35,8,17,42,21,6,4,13,96,35,5,17,41,20,7,5,13,94,34,5,21,39,18,8,3,13,95,13,173,
38,7,15,42,22,6,5,11,99,34,8,17,42,20,5,4,13,95,35,6,22,41,19,4,5,11,99,35,6,21,42,18,5,4,12,98,16,168,
37,7,15,42,21,6,5,11,97,34,8,16,41,20,5,4,13,93,36,6,19,39,22,6,4,11,99,34,5,19,39,20,5,3,13,93,-16,186,
37,7,15,42,21,6,4,11,96,34,8,16,42,20,5,4,12,94,34,6,15,42,17,7,3,15,91,35,4,21,41,19,7,5,13,98,-3,183,
36,7,15,41,21,6,4,11,96,34,8,16,42,20,5,4,12,94,35,4,17,42,19,7,5,14,93,37,6,16,37,22,7,6,13,97,13,205,
37,7,15,40,21,6,5,11,97,35,7,16,42,20,5,4,12,94,35,6,18,38,19,5,5,13,94,38,6,17,42,22,7,4,11,100,7,225,
37,7,15,41,21,6,5,10,98,35,7,16,43,20,5,4,12,95,35,5,17,37,19,7,3,17,95,36,6,21,40,23,8,6,15,101,25,207,
38,7,15,41,22,6,5,11,99,35,8,15,42,20,5,4,13,94,31,3,21,39,16,8,5,14,87,34,5,17,42,21,7,6,14,92,11,167,
37,7,15,41,22,7,4,10,98,35,7,15,41,20,5,4,13,93,36,5,16,39,19,7,4,14,93,37,7,21,40,21,8,6,13,103,31,181,
37,7,16,41,22,7,4,10,98,35,7,15,42,20,5,4,13,93,35,6,20,42,18,6,5,13,98,36,7,19,42,23,6,4,12,100,39,205,
38,7,15,41,22,7,4,10,99,34,7,15,40,19,5,4,13,92,38,7,20,43,21,7,4,15,104,38,6,19,42,20,8,4,13,101,-20,222,
38,7,16,40,22,7,4,10,99,35,7,15,40,20,5,4,12,93,34,4,22,39,19,7,5,13,95,38,6,19,45,22,6,5,14,102,-4,200,
37,7,16,40,22,7,4,10,99,35,7,15,41,20,5,4,13,94,35,7,16,40,20,6,3,12,94,35,5,15,40,20,8,4,11,92,-5,181,
37,7,16,39,22,7,4,10,99,35,8,15,41,20,5,4,13,94,35,6,19,41,23,6,4,14,95,36,5,22,41,21,8,5,12,101,18,200,
37,7,16,39,22,7,4,10,99,35,7,15,41,20,5,3,13,94,37,9,20,42,20,6,4,14,104,37,6,19,42,23,7,4,13,100,17,237,
38,7,16,39,23,7,4,10,100,35,7,15,40,20,5,3,12,94,35,5,18,41,19,6,2,14,95,38,6,19,42,23,7,6,12,103,23,207,
38,7,16,40,23,7,4,10,101,35,8,15,40,20,5,3,12,94,36,5,14,40,19,7,3,14,91,35,6,23,43,22,8,6,13,101,22,192,
38,7,16,40,23,7,4,10,101,35,7,15,40,20,5,3,13,94,37,8,17,42,22,8,4,16,101,37,7,23,44,23,8,5,15,105,-11,233,
38,7,16,40,23,7,4,10,101,35,8,15,40,20,5,3,13,95,35,6,20,41,17,7,4,12,97,37,7,18,41,24,6,4,13,100,-4,216,
38,7,16,40,23,7,4,10,101,35,8,16,41,20,5,3,13,95,37,4,16,45,21,6,4,16,95,40,6,19,45,24,9,5,13,105,8,220,
38,7,16,40,23,7,4,10,102,35,7,16,41,20,5,3,13,95,35,5,17,37,21,6,3,13,93,37,6,20,40,24,7,4,13,101,42,150,
38,7,16,40,23,7,4,10,102,35,7,16,40,20,5,3,13,94,39,6,20,41,21,9,5,14,106,42,7,18,45,25,7,4,15,110,-9,209,
38,7,16,40,23,7,4,10,102,35,7,16,40,20,5,3,13,95,35,5,18,39,20,6,4,10,95,34,5,18,39,19,5,3,12,92,7,171,
38,7,16,39,23,7,4,10,101,35,7,16,40,20,5,3,13,94,35,5,18,40,19,6,2,13,94,39,6,19,43,23,7,6,12,104,8,198,
38,7,16,39,23,7,4,10,101,35,7,16,40,20,5,3,13,94,37,8,14,40,19,7,3,11,98,37,6,15,41,22,5,5,13,96,-7,229,
39,7,16,39,23,6,4,10,101,35,7,16,40,20,5,3,13,95,34,6,16,38,21,7,4,14,92,38,6,18,43,23,8,6,13,102,-5,205,
39,7,16,39,24,6,4,10,101,35,7,16,39,20,5,3,13,95,36,5,15,41,19,6,4,14,93,38,7,21,40,22,8,5,12,105,18,204,
39,7,16,40,24,6,4,10,102,35,7,16,40,20,5,3,13,95,34,5,18,40,22,6,4,14,94,36,6,22,42,21,8,5,12,102,28,198,
39,7,16,40,24,6,4,10,102,35,7,16,40,20,5,3,12,95,33,6,16,37,20,6,3,13,90,36,6,20,42,24,7,4,13,100,16,166,
35,3,17,41,19,7,5,15,91,34,6,17,40,22,7,3,15,93,35,5,17,40,19,7,5,13,93,34,4,20,40,19,8,4,13,95,12,188,
35,3,17,40,20,8,5,15,93,35,6,17,40,22,7,3,16,93,37,7,22,44,22,7,4,15,104,38,6,20,41,22,8,4,13,103,-5,207,
36,3,17,39,20,8,5,15,93,35,5,17,40,22,7,3,16,94,35,4,18,39,20,6,4,14,94,37,6,19,39,25,7,3,13,100,11,181,
36,3,17,39,20,8,5,15,94,35,5,17,40,22,7,3,16,94,35,5,16,40,19,7,4,15,93,37,7,21,40,22,8,6,14,103,-4,170,
35,3,18,39,20,8,5,15,93,35,5,17,40,22,7,3,16,93,34,5,16,43,20,7,4,14,90,33,7,20,43,22,8,5,15,95,-3,197,
35,3,18,40,20,8,5,15,93,35,5,17,40,22,7,3,16,94,36,7,15,40,22,6,3,11,96,36,7,16,41,23,5,4,13,96,4,194,
35,3,18,40,20,8,5,15,93,35,5,17,40,22,7,3,16,94,38,8,17,44,23,8,5,17,103,36,7,25,43,22,9,5,16,106,-7,213,
36,3,18,40,20,8,5,15,94,35,6,17,39,23,7,3,16,94,35,6,19,39,20,7,4,11,96,34,5,19,40,19,6,3,12,93,-8,164,
35,3,18,40,20,8,4,15,93,35,6,17,39,23,7,3,15,94,35,5,15,39,19,6,4,14,92,37,7,21,41,21,8,5,13,103,43,181,
36,3,18,40,20,8,4,15,94,35,6,17,39,22,7,3,16,93,37,9,20,42,20,6,4,14,104,37,6,19,43,23,7,4,13,100,-2,214,
36,3,18,40,20,8,4,14,94,35,6,17,39,22,7,3,15,93,35,6,20,42,18,6,5,13,98,36,7,19,42,24,6,4,12,101,5,197,
36,3,18,40,21,8,4,14,95,35,6,17,39,22,7,3,16,94,35,4,17,38,20,6,3,14,92,37,6,19,40,25,7,4,13,100,17,185,
36,3,18,41,21,8,4,14,95,34,6,17,39,22,7,3,16,93,34,5,21,39,19,7,5,13,95,38,6,20,43,22,7,5,14,102,21,181,
36,3,18,41,21,8,5,14,95,34,6,17,38,22,7,3,16,93,35,5,20,41,18,5,4,11,95,34,5,20,40,19,6,4,11,95,8,160,
36,3,18,41,21,8,4,14,95,34,6,17,39,22,7,3,15,92,35,7,17,39,20,5,4,14,96,40,6,16,45,24,9,5,12,104,14,190,
36,3,18,41,21,8,4,14,95,34,6,17,39,22,7,3,16,92,35,5,19,41,19,6,2,13,95,38,6,19,42,23,6,6,12,102,40,208,
37,3,18,41,21,9,4,14,96,34,6,16,38,22,7,3,16,92,37,9,21,42,20,6,4,13,104,37,6,19,42,23,6,4,13,101,12,190,
37,3,18,41,21,9,4,14,96,34,6,17,38,21,7,3,16,91,37,4,17,45,21,6,4,16,96,39,6,19,45,24,9,6,13,105,34,200,
37,3,18,41,21,9,4,14,97,34,6,16,38,21,7,3,16,91,36,8,20,39,20,8,4,14,101,33,5,20,39,18,6,5,15,93,-14,186,
37,3,18,41,21,9,4,14,96,34,6,16,39,22,7,3,16,91,35,7,15,39,19,6,3,12,93,36,5,15,41,20,7,4,11,93,7,199,
37,3,18,41,21,9,4,13,97,34,6,16,39,22,6,3,16,92,39,6,20,41,21,9,5,15,105,41,8,18,45,25,7,4,15,110,2,228,
37,3,18,41,21,9,4,14,97,34,6,16,39,22,7,3,16,92,34,5,18,40,22,6,4,14,94,36,6,22,42,21,8,4,12,102,4,178,
37,3,18,41,21,9,4,14,97,34,6,16,39,22,7,3,16,92,34,5,19,41,20,7,4,14,94,35,6,22,43,21,8,5,15,99,22,220,
37,3,18,41,21,9,4,13,98,34,6,16,39,22,7,3,16,92,40,8,17,40,28,7,5,15,107,41,5,16,43,21,7,3,13,105,-14,200,
37,3,18,41,21,9,4,13,97,34,6,16,39,22,7,3,16,93,34,4,19,41,19,7,5,14,93,38,6,17,41,22,7,5,13,100,-7,177,
37,3,18,41,21,9,4,13,97,34,6,16,39,22,6,3,16,93,35,5,18,39,20,6,4,10,95,34,5,18,40,19,5,3,12,92,7,195,
37,3,18,41,21,9,4,13,97,34,6,16,39,22,6,3,15,93,37,8,18,41,22,8,4,15,102,38,7,22,45,24,8,4,15,106,-9,161,
37,3,18,41,21,9,4,13,97,34,6,16,39,22,6,3,16,92,35,7,17,43,18,7,4,13,95,36,5,20,40,20,7,4,12,98,-1,181,
30,4,23,40,22,5,5,16,89,33,7,21,38,21,8,4,13,96,36,5,17,42,19,7,5,14,94,34,4,22,39,18,8,3,13,95,-7,185,
30,4,23,41,21,6,5,16,88,33,7,21,39,21,8,4,14,95,34,7,16,42,17,7,4,15,93,36,4,22,41,19,7,5,14,99,8,202,
31,4,22,41,22,6,5,15,90,33,7,21,38,21,8,3,13,96,35,5,16,36,19,7,2,17,93,37,7,21,39,24,8,6,15,104,-5,207,
31,4,22,41,22,6,5,16,90,33,7,21,38,21,8,3,13,96,39,9,17,41,21,9,4,14,106,39,6,22,45,22,6,5,15,106,5,195,
31,4,22,42,22,6,5,16,91,33,7,21,38,21,8,3,14,96,36,6,19,40,22,6,4,11,99,35,5,18,40,20,6,3,13,94,-18,184,
31,4,22,42,22,6,5,16,90,34,7,20,37,21,8,3,13,96,36,6,20,44,18,7,5,14,100,35,7,21,41,22,6,5,13,100,3,215,
32,4,22,41,23,6,5,16,91,34,7,20,38,21,8,3,13,97,33,6,15,35,19,7,3,15,89,38,5,21,41,21,8,5,14,102,6,198,
32,4,22,41,23,6,5,15,92,34,7,20,39,21,8,3,14,97,36,4,17,44,20,7,4,16,95,39,6,20,46,23,9,5,13,105,11,187,
32,5,22,42,23,7,5,15,92,34,7,20,39,21,8,3,14,96,34,8,22,41,20,8,4,13,100,33,6,18,38,18,6,5,14,91,-9,163,
32,5,21,42,23,7,5,15,92,34,7,20,39,21,8,4,14,96,35,6,17,38,19,5,5,13,95,39,6,17,41,22,6,4,11,101,-26,172,
32,5,21,41,23,7,5,15,91,34,7,19,39,21,8,4,14,96,35,6,17,42,18,6,3,14,93,38,7,19,42,23,7,7,12,103,-6,216,
32,5,21,42,23,6,5,15,91,34,7,20,39,21,7,3,14,97,36,5,15,39,19,6,4,14,93,37,7,21,40,21,8,5,13,103,7,167,
32,5,21,42,23,6,5,15,91,34,7,20,39,21,7,3,14,96,39,7,19,42,22,7,4,14,105,38,6,19,41,20,7,4,12,101,-15,195,
32,5,21,42,23,6,5,15,91,34,7,20,39,21,7,3,14,96,35,5,20,41,18,5,4,11,96,34,5,19,39,19,6,4,11,95,19,183,
32,5,21,43,23,6,5,15,91,34,6,20,39,21,7,3,13,96,36,5,14,40,18,7,3,15,92,35,6,24,43,22,8,6,13,102,4,180,
32,5,21,43,23,6,5,15,91,34,6,20,39,21,7,3,13,95,35,5,17,41,20,7,4,14,93,34,6,21,43,21,8,5,15,97,8,212,
32,5,21,43,23,6,5,15,92,34,6,20,40,21,7,3,13,96,37,8,18,42,23,8,4,16,102,37,7,23,43,23,8,5,15,105,11,193,
32,5,21,44,23,6,5,15,92,34,6,20,40,21,7,3,13,95,37,9,20,42,20,6,4,14,105,37,6,19,42,23,6,4,13,101,-10,194,
33,5,21,44,23,6,5,15,92,34,6,20,39,21,7,3,13,96,35,5,15,39,19,6,4,14,92,37,7,21,41,22,8,5,13,104,14,226,
33,5,21,43,23,6,5,14,93,34,6,20,40,21,7,3,13,96,35,7,16,40,20,6,3,12,94,35,6,15,40,20,7,4,11,93,-10,176,
33,5,21,43,23,6,5,14,93,34,6,20,40,21,7,3,13,96,35,7,16,43,17,7,4,13,95,36,5,20,41,20,7,4,13,98,5,203,
33,5,21,42,23,6,5,14,93,34,6,20,40,21,7,3,13,96,39,4,22,40,25,8,4,15,104,36,6,24,38,21,8,6,15,104,2,232,
33,5,21,43,23,6,5,14,94,34,6,20,40,21,7,3,13,96,34,4,19,41,19,7,5,14,92,37,5,17,41,22,7,5,13,99,8,242,
33,5,21,43,23,6,5,14,95,35,6,20,40,21,7,3,13,97,39,6,20,41,21,9,5,15,105,42,8,18,45,25,7,4,15,110,-11,239,
34,5,21,43,23,6,5,14,95,35,6,20,39,22,7,3,13,98,37,8,17,41,22,8,4,15,102,38,7,22,45,23,8,4,15,106,7,241,
34,5,21,42,23,6,5,14,96,35,6,20,39,22,7,3,12,98,40,8,17,40,28,7,5,15,107,41,5,16,44,21,7,3,13,105,-6,214,
34,5,21,42,24,6,5,14,96,35,6,20,40,22,7,3,13,99,36,3,18,41,18,8,5,13,95,37,7,16,37,23,6,6,13,98,-9,207,
34,6,21,42,24,6,5,14,96,35,6,21,40,22,7,3,12,99,37,6,16,39,23,6,3,12,98,37,7,16,41,23,6,4,13,99,9,189,
34,6,21,42,24,6,5,14,96,35,6,20,39,22,7,3,12,99,35,6,16,39,21,7,4,14,93,38,6,18,44,23,7,5,13,102,4,220,
