42,10,20,41,26,7,5,11,39,5,15,41,17,7,3,13,42,5,11,43,23,9,6,17,36,6,19,39,22,9,4,16,7,219
41,10,21,41,25,7,5,12,39,6,16,40,18,7,2,13,36,8,18,39,19,9,1,14,39,7,18,39,24,7,7,17,2,218
41,9,20,40,25,7,4,12,38,7,17,41,18,7,2,14,39,7,16,40,24,7,4,15,39,5,14,42,21,8,5,13,5,205
41,9,20,39,24,8,4,12,37,7,17,40,19,7,2,14,35,7,15,40,21,7,4,12,36,5,13,39,19,6,4,13,13,191
40,8,20,39,23,8,4,12,38,8,16,40,19,7,2,13,37,11,14,38,19,8,4,11,37,8,17,42,21,5,4,13,-20,204
40,8,20,39,23,8,4,12,37,8,16,40,18,7,2,14,36,8,17,38,21,5,5,14,38,10,16,38,24,8,7,12,16,196
40,8,18,38,23,8,4,13,37,8,15,39,18,7,2,13,36,8,14,38,21,9,5,15,34,7,15,38,20,10,4,16,9,193
39,8,17,39,22,8,4,14,36,8,15,38,18,7,2,13,37,7,17,46,21,7,3,14,36,8,18,41,22,7,6,13,-2,192
38,7,17,39,21,8,3,13,35,8,14,39,18,7,2,14,33,7,13,43,19,6,5,16,36,6,17,43,21,7,4,13,30,174
38,7,18,37,21,9,4,13,36,9,14,40,18,7,2,14,36,6,16,45,22,7,3,15,37,7,14,36,23,7,5,12,11,195
38,8,17,35,21,9,4,13,34,9,16,39,18,7,1,15,35,6,17,42,21,8,5,15,37,7,17,39,21,8,6,15,16,194
38,8,16,35,21,9,4,13,33,8,16,40,18,7,2,16,35,6,24,40,20,8,7,15,36,8,16,39,23,7,4,13,6,200
38,8,17,36,21,9,5,12,34,8,16,40,17,7,2,15,38,7,16,42,21,7,4,16,38,9,21,44,24,11,5,13,10,228
37,8,18,36,21,9,5,13,34,8,17,41,17,7,2,15,35,4,18,42,21,7,3,13,35,6,15,39,17,7,4,13,-7,185
37,8,17,36,21,9,5,12,33,7,16,40,17,7,1,15,31,5,11,42,17,5,4,14,35,8,15,46,20,7,5,12,28,170
38,8,18,38,21,8,5,12,34,7,16,40,18,7,1,14,36,9,17,38,23,6,3,12,39,6,20,42,23,7,5,11,7,239
38,8,18,38,21,8,5,12,34,7,16,40,18,7,1,15,36,6,17,46,18,6,4,13,38,6,16,42,23,7,6,11,22,198
39,7,19,39,22,8,5,11,34,7,17,39,17,7,2,15,33,4,19,39,14,7,5,13,38,7,13,43,24,7,6,14,5,193
39,8,20,38,22,8,6,11,35,7,18,40,18,7,2,14,35,10,20,42,20,8,4,16,36,6,20,40,20,7,6,13,6,222
39,8,20,39,21,8,5,11,35,7,18,37,18,7,2,14,35,6,15,41,21,8,4,16,34,8,18,39,22,8,4,14,22,200
39,7,20,39,21,8,5,11,35,7,17,37,18,7,2,13,35,6,17,41,19,6,5,14,41,5,11,43,23,9,5,11,10,204
40,7,20,39,21,8,5,10,36,7,16,35,18,7,2,13,37,9,14,39,21,5,4,15,42,6,13,41,26,8,4,10,13,221
33,6,15,40,22,6,5,13,37,9,11,42,21,6,6,13,38,10,14,39,18,7,4,9,34,6,17,42,19,4,4,14,-22,182
33,5,15,40,21,5,4,13,36,8,13,41,21,7,6,13,35,7,18,42,21,8,7,15,38,6,17,42,22,8,5,13,-12,180
32,5,15,40,21,5,4,14,37,8,13,41,21,7,6,13,35,6,22,41,20,8,8,15,35,6,16,39,24,7,4,14,-21,179
33,5,14,39,21,6,4,13,36,8,13,41,21,7,7,13,39,5,12,42,21,8,8,15,36,6,18,41,22,9,4,15,21,183
33,5,14,40,21,6,4,13,36,8,14,42,21,7,7,13,34,9,23,44,18,8,5,18,38,7,18,39,21,8,5,13,-16,190
34,6,13,39,21,6,5,13,36,9,13,42,21,7,7,13,37,5,20,44,23,9,4,14,35,6,16,39,21,8,6,15,-7,185
32,6,13,40,20,6,5,13,35,8,15,43,21,7,7,13,34,7,13,43,20,6,6,15,36,6,17,44,21,7,4,13,-7,147
34,6,13,39,21,6,5,12,36,8,16,42,22,7,6,13,36,6,16,45,23,8,4,13,36,7,14,37,22,7,5,12,-11,215
33,6,12,39,20,6,5,13,35,8,15,43,22,7,6,13,34,5,16,42,19,7,6,14,32,5,18,41,17,6,5,13,-6,156
34,6,11,39,20,6,5,13,35,7,16,43,21,7,6,12,34,7,18,38,20,6,5,13,38,7,22,46,23,8,5,13,-7,201
34,6,10,41,20,6,5,13,35,7,15,42,22,8,7,12,37,9,12,40,22,8,6,14,37,8,12,39,22,9,4,13,-9,181
35,6,10,41,21,6,6,13,36,7,14,41,22,7,7,12,39,9,17,41,24,8,5,14,39,7,17,43,22,8,6,13,7,183
36,6,10,41,22,7,6,13,35,7,14,41,21,7,6,13,38,9,16,40,21,10,2,17,39,7,16,43,23,9,6,15,9,167
36,6,9,42,22,6,6,13,35,7,15,40,21,7,5,13,36,5,16,43,21,6,3,14,39,7,14,38,24,8,6,12,12,196
37,6,10,41,23,7,6,14,35,6,16,39,22,7,5,13,38,8,15,41,23,6,3,13,38,7,18,42,23,7,5,12,-4,228
38,7,10,44,23,7,6,14,35,6,17,38,21,7,4,13,35,5,16,39,19,7,5,12,37,7,17,45,23,6,7,14,9,219
38,7,11,42,24,7,6,14,36,6,18,37,22,7,4,13,33,10,18,41,20,8,3,17,36,6,19,42,21,8,6,14,-18,182
38,6,11,42,23,7,6,14,35,6,18,37,21,7,4,14,36,4,15,42,22,6,4,15,38,5,15,41,22,7,4,13,9,177
39,6,12,43,24,7,5,13,34,6,18,36,21,7,4,14,35,7,14,39,21,5,4,15,42,6,13,41,26,8,4,10,36,162
38,6,11,41,24,7,5,13,34,6,17,37,21,7,4,15,36,4,14,40,23,7,4,13,36,5,14,40,20,6,6,12,-9,183
39,6,13,41,25,8,5,13,34,5,18,37,21,7,5,15,39,7,17,44,23,7,7,12,38,8,20,44,23,8,6,13,-4,204
40,8,17,40,23,7,4,12,36,6,19,40,19,8,3,12,34,9,10,41,23,7,7,15,34,4,22,47,20,6,5,14,6,208
40,8,17,40,23,7,5,13,36,6,19,44,19,8,3,14,36,5,19,46,19,6,3,15,35,8,22,41,20,8,7,14,-4,206
40,9,17,40,23,7,5,13,36,7,19,43,20,8,3,14,38,11,15,38,19,7,3,10,35,7,17,42,20,5,4,13,3,225
39,9,16,40,23,8,5,13,37,8,19,45,20,9,3,14,32,9,25,42,17,7,3,19,39,7,18,37,21,10,5,14,-26,204
39,9,15,41,23,8,5,13,36,7,19,45,19,8,3,14,32,5,17,41,20,5,5,16,36,8,18,43,22,9,5,12,15,169
40,9,15,40,23,8,5,12,36,8,18,45,20,8,3,15,35,8,13,40,19,8,5,14,37,5,20,48,21,7,8,13,23,215
39,8,16,40,22,8,5,11,36,9,17,45,20,7,3,15,35,6,12,38,20,7,5,12,35,7,14,41,22,6,5,13,7,207
38,7,17,40,22,8,5,11,36,9,17,46,21,7,3,15,37,8,14,39,22,7,4,15,36,9,17,40,23,8,4,12,-15,205
37,7,16,40,21,8,5,12,37,10,16,47,22,8,3,16,40,5,16,43,23,7,4,14,37,9,19,44,23,9,5,13,-21,191
38,6,15,40,22,8,5,12,38,10,15,47,22,8,3,16,40,10,16,42,26,7,5,15,39,6,17,42,20,9,5,12,-25,197
38,7,14,40,22,8,6,11,38,10,15,48,22,7,3,15,35,6,14,40,19,6,4,13,37,6,16,39,24,7,6,12,-3,195
38,7,14,41,22,8,5,11,37,9,15,46,22,7,3,14,36,4,15,41,22,8,5,13,33,7,16,36,21,8,4,14,21,187
39,6,13,40,23,8,5,10,37,8,15,47,21,6,3,14,35,5,18,42,21,6,3,14,40,7,13,37,26,8,7,12,15,211
39,6,16,40,23,7,5,10,36,8,15,46,21,6,4,14,38,10,16,41,21,9,2,17,37,7,17,42,21,9,5,15,5,205
39,5,18,40,23,8,5,10,37,8,17,46,20,6,3,14,37,7,22,45,19,8,5,15,36,8,16,41,21,7,4,14,-3,231
38,5,18,41,22,7,5,11,38,8,18,47,21,7,3,13,37,8,16,39,23,8,4,13,39,5,16,45,22,7,5,13,-6,220
39,5,17,42,23,7,4,11,38,7,19,46,21,7,3,14,37,4,15,41,23,6,4,13,39,5,17,43,21,7,4,12,15,205
39,6,16,43,23,7,4,11,37,7,19,46,20,7,3,13,35,9,14,41,21,5,4,16,39,6,13,41,24,9,4,11,6,204
40,6,18,43,24,7,4,10,36,7,20,45,19,6,3,12,38,7,17,41,21,5,4,13,40,9,18,44,26,7,6,11,25,207
40,7,19,43,24,7,4,10,36,7,19,45,20,6,2,13,35,8,12,40,23,6,4,15,35,8,19,44,21,8,5,13,-4,206
40,8,20,43,25,8,4,11,35,6,21,46,19,6,2,14,34,4,18,36,18,9,2,14,40,8,16,44,24,7,5,16,23,223
40,8,20,43,25,8,4,11,36,7,21,45,19,6,2,14,37,5,10,41,24,6,3,13,41,8,13,42,27,7,5,11,15,207
37,7,22,41,22,6,8,17,34,7,17,38,19,9,1,13,37,9,16,39,20,10,1,16,40,7,17,40,24,9,8,18,15,197
37,8,22,40,23,6,7,15,37,7,16,38,20,8,2,12,36,4,19,44,19,6,3,15,35,7,23,41,20,7,7,14,10,228
37,9,23,42,23,6,7,16,35,6,17,38,19,9,2,12,34,6,16,39,16,10,6,13,39,9,19,48,26,6,7,16,45,183
38,9,22,43,24,7,7,15,35,7,17,38,19,9,2,12,37,8,19,45,22,8,3,17,40,8,18,40,23,9,7,13,22,218
38,8,22,42,24,8,7,16,36,6,16,38,19,10,3,13,35,6,19,42,21,8,7,15,38,6,18,42,22,8,6,14,12,200
39,8,23,43,23,8,7,16,36,7,17,38,19,10,3,14,34,9,23,44,18,8,5,17,38,7,18,39,21,8,4,13,6,222
39,8,22,42,23,7,6,15,36,7,16,38,19,9,3,13,33,5,15,42,19,6,5,14,33,5,19,43,18,7,4,12,11,197
38,8,23,42,22,7,7,14,36,7,16,39,18,9,4,12,35,8,17,39,20,5,5,14,37,9,17,39,24,8,7,11,4,180
38,8,23,42,23,8,6,14,36,7,17,37,18,9,4,12,34,7,15,40,19,8,5,14,38,6,20,48,22,7,7,13,10,216
39,8,24,43,23,8,6,14,35,7,18,37,18,9,4,13,41,9,16,42,25,7,5,14,39,6,16,42,21,8,5,12,14,200
38,7,24,45,22,8,7,14,35,7,17,38,18,9,4,13,36,6,17,40,20,8,4,18,38,8,20,45,25,12,5,14,6,216
39,7,22,44,23,7,8,13,35,7,16,38,18,8,4,13,37,5,14,37,22,7,4,13,39,7,18,44,22,7,4,13,18,210
39,6,22,43,22,7,8,13,36,8,17,39,19,8,4,13,33,7,16,38,19,7,4,13,37,5,14,37,21,8,4,13,-17,203
38,6,22,43,21,8,7,13,36,8,16,38,19,8,4,14,37,7,11,42,21,7,4,12,36,6,19,43,20,7,4,12,24,194
38,7,22,42,21,8,6,12,35,8,17,38,19,8,4,14,36,6,16,44,21,6,3,15,38,7,16,36,24,9,6,12,22,190
38,7,22,42,21,8,7,12,35,7,17,37,20,7,4,14,39,5,17,45,23,7,6,14,36,7,19,44,22,8,6,12,20,214
38,7,21,42,22,8,8,13,35,7,17,39,20,8,4,14,35,4,17,41,20,8,4,12,35,6,14,37,22,7,5,13,17,195
39,8,21,43,23,9,8,13,35,6,18,38,20,8,4,15,39,7,17,43,23,7,5,12,37,8,20,45,23,7,6,13,21,203
40,8,20,43,23,9,9,13,35,6,16,40,21,8,4,15,38,7,16,40,23,5,5,14,42,9,16,44,27,8,5,10,21,217
41,9,19,43,23,9,9,12,36,7,16,40,20,7,4,15,36,4,14,40,22,6,4,15,39,5,15,40,22,8,4,12,31,223
41,8,20,41,23,9,8,13,36,7,16,40,21,7,4,15,39,7,14,38,22,9,5,12,33,6,20,40,20,6,3,16,-10,210
41,8,20,40,23,9,8,14,36,6,17,39,21,8,4,15,35,5,19,35,23,8,4,15,42,7,14,36,27,8,6,15,16,238
33,8,19,44,19,8,4,15,37,7,12,45,21,8,6,14,38,3,17,42,24,8,4,16,36,7,17,40,18,7,4,16,4,182
35,9,20,44,20,8,4,15,37,8,12,43,21,8,7,14,38,12,14,37,20,7,4,10,36,8,18,43,20,5,4,13,28,234
36,9,19,44,21,9,4,15,38,8,11,42,21,7,6,14,34,6,18,38,21,6,3,13,37,7,20,42,23,7,5,13,16,218
37,9,19,44,21,9,4,15,39,8,11,42,22,7,6,14,36,7,18,43,22,8,7,15,39,6,18,43,22,8,6,14,8,240
37,9,20,44,21,8,4,14,39,8,12,42,21,7,6,15,33,9,25,44,17,7,4,19,38,7,19,38,21,9,4,13,2,212
37,10,21,42,22,8,4,15,39,8,13,42,21,7,6,14,34,6,19,40,20,7,5,16,37,6,22,44,22,11,5,14,-7,225
38,11,22,42,23,8,5,14,40,9,15,42,22,7,6,14,42,9,16,42,26,7,4,14,39,6,16,41,20,8,5,13,-8,260
38,11,22,42,23,7,5,15,40,9,15,41,22,7,6,14,34,7,13,42,20,6,6,15,35,6,18,45,21,7,4,14,6,192
38,10,22,42,22,7,5,15,39,9,15,41,22,8,6,14,36,6,17,40,22,7,4,13,37,5,19,43,21,7,4,13,12,190
39,11,23,42,23,8,5,15,40,9,15,42,22,8,6,14,36,5,13,39,20,7,5,11,35,7,15,40,23,5,5,13,22,228
40,11,23,42,25,8,5,14,40,9,15,41,22,8,5,14,37,4,16,42,22,8,5,14,35,6,16,39,21,8,6,14,25,217
39,10,22,41,25,8,5,15,41,8,16,42,22,8,5,15,36,7,24,42,20,8,7,14,36,8,17,39,23,8,4,14,-30,218
39,11,22,40,25,8,5,15,41,9,15,43,22,8,6,15,36,9,13,39,21,8,6,15,36,8,13,39,22,10,4,14,19,227
39,10,22,41,24,8,5,14,40,8,16,43,22,8,6,14,35,7,14,39,19,6,4,13,37,7,16,38,24,8,5,12,12,196
40,11,21,41,25,8,5,15,41,9,15,41,23,8,5,14,38,10,20,43,21,8,5,14,41,9,16,42,24,7,5,14,13,237
40,11,20,41,24,8,4,15,41,9,15,41,22,8,5,15,36,7,20,42,22,9,5,13,33,7,16,42,20,7,4,15,-8,226
40,10,18,40,24,8,4,15,40,8,14,41,21,9,5,14,39,5,17,44,23,8,6,14,36,7,17,44,22,8,7,14,-10,200
41,10,18,40,25,8,4,15,40,9,14,38,22,9,5,14,35,7,17,42,19,8,5,14,40,7,11,39,25,8,4,13,13,225
41,10,18,41,26,8,3,14,40,9,15,38,21,8,5,14,33,4,19,39,14,7,4,13,37,8,14,43,23,7,7,14,14,204
42,11,18,42,26,8,3,14,40,9,16,38,21,8,6,14,38,7,17,40,22,5,5,13,40,9,16,44,25,7,4,11,31,249
42,11,17,41,26,7,4,14,40,9,16,39,21,7,6,13,35,8,14,41,21,5,5,15,40,6,13,41,25,8,4,11,15,221
43,12,17,42,27,7,4,13,39,9,17,38,21,6,6,13,37,7,23,40,21,9,7,17,39,7,18,42,22,9,4,16,3,241
39,6,16,46,23,8,9,12,34,7,15,38,22,6,8,13,36,8,18,40,21,5,6,14,38,9,17,40,24,8,8,11,18,186
39,6,18,47,23,9,9,13,35,7,15,37,22,6,8,14,34,6,18,38,19,6,4,13,37,7,20,44,24,7,6,13,3,223
39,6,18,45,23,9,9,14,36,7,14,37,22,6,8,14,36,4,18,42,23,8,5,14,35,6,16,39,21,8,7,15,5,193
39,6,20,46,23,9,9,14,36,8,14,38,23,7,8,14,41,10,15,43,26,7,5,15,39,6,18,43,20,9,5,12,6,218
39,6,19,46,24,9,9,14,35,7,15,39,23,7,9,14,33,7,18,42,18,7,6,12,39,10,17,47,26,6,8,12,22,198
40,6,19,47,25,9,9,13,36,8,15,38,23,7,8,14,38,10,20,46,20,8,5,15,39,9,16,42,23,7,4,13,12,240
40,6,18,46,25,9,8,13,35,7,15,40,22,7,8,14,36,6,17,41,21,9,5,13,34,6,16,40,21,6,4,15,14,170
40,6,18,45,25,9,8,13,36,8,15,40,22,7,7,13,37,6,16,46,22,6,4,15,38,6,14,36,24,9,6,12,-4,198
40,6,19,45,25,9,8,13,35,7,16,42,22,8,7,14,36,5,17,40,22,8,5,14,38,8,16,40,23,7,6,15,19,201
40,6,20,46,26,9,8,13,36,7,16,41,22,7,8,14,39,6,14,41,25,5,5,13,37,5,19,40,22,7,4,11,3,213
39,6,20,48,25,8,8,14,36,7,16,41,21,8,7,14,34,7,14,38,17,8,3,13,35,6,20,44,22,7,6,15,7,189
40,6,20,47,26,8,7,13,37,8,15,42,22,8,7,14,39,9,14,44,23,6,4,13,38,8,18,41,23,7,5,11,11,221
41,6,19,47,27,9,6,12,37,8,16,42,22,7,7,14,36,9,14,42,22,6,4,14,39,7,15,42,25,8,5,12,4,226
41,6,18,45,26,9,6,12,37,7,16,42,22,7,7,15,32,6,11,43,20,6,4,15,35,7,15,46,20,8,5,13,-4,220
41,7,19,45,25,9,5,13,37,8,18,41,22,7,6,16,37,6,24,44,19,9,4,16,37,7,17,42,22,7,4,15,3,239
41,7,18,46,25,9,5,14,37,8,17,41,21,8,6,16,35,5,15,38,19,7,5,13,38,7,18,47,23,7,7,15,28,214
41,7,19,44,25,9,5,14,38,8,17,41,22,7,6,17,35,6,13,42,19,6,7,15,37,5,14,38,22,9,4,13,1,203
41,7,20,44,24,9,5,15,38,8,17,41,22,8,6,18,34,10,19,42,20,8,4,16,36,6,19,40,20,7,7,14,8,228
42,7,19,42,25,10,5,14,39,8,17,40,22,7,6,18,37,6,16,43,19,5,4,13,38,7,16,40,25,7,4,11,15,211
42,7,20,43,25,10,5,15,39,7,16,40,22,7,6,18,39,7,14,43,24,7,7,14,37,5,19,47,22,7,5,15,8,216
43,8,20,42,26,11,5,13,40,8,16,40,23,6,6,18,37,4,17,40,23,7,4,13,37,6,17,41,19,7,4,12,32,224
42,8,20,42,25,10,5,13,39,7,17,40,23,7,6,18,35,5,17,40,23,7,3,13,35,8,20,44,23,8,5,13,7,187
38,5,16,43,19,8,6,13,38,6,15,41,21,6,5,16,36,8,15,37,21,7,5,15,35,10,17,40,22,8,4,13,-9,185
39,5,16,42,19,9,5,13,37,6,15,40,20,6,4,16,34,8,15,43,18,7,3,15,40,5,14,41,21,9,5,13,27,201
39,6,15,41,20,9,5,13,37,7,15,40,21,7,4,16,37,8,19,40,21,5,6,14,38,10,17,41,24,7,7,10,3,219
39,6,16,41,20,9,5,12,37,6,16,40,20,7,4,16,34,6,18,40,19,7,5,16,37,6,20,45,21,10,5,13,-3,191
38,6,15,40,20,9,5,12,37,6,15,41,21,7,4,16,35,4,14,43,22,5,4,15,35,5,16,42,20,8,5,13,-8,188
39,6,15,40,21,8,4,12,37,6,15,39,21,6,4,16,36,4,19,43,22,8,5,14,35,6,15,39,21,8,6,15,2,162
38,6,15,39,21,9,5,12,37,6,15,41,21,7,5,17,37,7,19,43,23,8,6,14,39,7,17,41,22,8,6,14,15,183
39,6,14,38,22,8,5,11,37,5,15,42,21,7,5,16,34,7,15,41,19,7,5,14,38,6,18,47,23,7,7,12,11,191
39,7,13,38,22,8,5,11,37,5,16,41,20,7,4,16,35,6,16,41,18,8,5,13,39,10,17,46,26,6,7,13,17,225
38,7,13,37,22,9,5,11,36,6,16,41,20,8,4,16,37,5,16,43,20,10,5,13,33,7,17,40,19,6,4,15,-26,180
38,7,13,37,23,8,5,11,36,6,15,42,20,7,5,16,36,12,14,39,19,8,4,11,37,7,18,43,21,6,4,13,-2,196
38,7,13,38,23,8,5,11,37,6,14,43,21,7,5,15,36,6,12,42,21,6,4,11,36,6,18,42,21,6,4,11,6,184
37,6,12,39,23,7,6,12,37,4,13,43,21,8,4,14,37,5,15,41,23,8,5,14,38,8,16,40,23,8,7,15,-7,167
36,6,12,38,22,7,6,12,37,4,13,42,22,8,4,14,35,4,16,42,21,9,5,15,34,7,16,37,21,9,5,14,-11,173
36,6,12,39,22,7,6,12,37,4,13,42,20,8,5,14,37,7,22,44,20,8,5,14,36,8,15,40,21,6,4,14,-12,192
36,6,13,40,22,8,6,13,37,5,14,44,21,8,5,14,35,6,16,42,20,8,7,15,36,5,15,46,22,9,4,15,-4,192
35,6,14,39,22,7,6,13,37,5,14,43,21,8,5,14,35,7,19,40,21,9,4,14,33,7,17,42,21,8,3,15,5,181
35,6,14,39,21,8,5,14,37,5,13,43,21,8,5,14,38,8,16,40,21,7,5,14,43,8,13,43,25,9,6,14,6,178
34,4,15,40,20,8,5,14,37,6,13,43,22,8,6,14,39,8,16,44,23,7,5,12,37,8,20,45,23,7,6,13,-10,208
34,4,14,42,20,8,5,15,37,5,14,43,21,9,6,14,37,7,22,42,20,9,5,15,37,6,16,43,20,7,4,15,-28,166
34,4,14,42,20,8,5,15,37,6,14,43,21,9,6,14,37,6,16,42,23,7,4,13,35,7,20,43,23,7,4,13,-25,201
36,12,18,41,21,11,3,10,33,8,13,43,18,5,4,19,33,5,17,40,21,5,5,15,36,8,18,44,20,8,5,12,21,221
37,12,17,40,21,10,3,10,33,7,13,42,16,5,4,19,34,8,11,43,21,7,6,16,36,6,18,43,22,7,4,13,21,195
37,12,16,39,21,10,3,9,34,7,13,42,17,5,3,18,37,6,14,40,21,7,6,14,39,8,18,43,24,6,5,12,7,205
37,12,17,40,21,9,3,9,34,7,14,42,17,5,3,18,38,6,17,40,21,7,5,16,40,10,16,40,25,9,5,13,6,218
38,12,18,39,21,9,3,9,34,7,15,42,17,4,3,17,34,9,24,45,16,7,4,17,38,8,18,38,22,8,4,12,9,223
38,12,17,39,22,9,3,9,35,7,15,42,16,4,3,17,34,7,16,41,17,8,2,13,36,7,19,40,22,7,7,14,1,205
38,11,17,39,20,9,3,9,36,8,16,43,16,5,3,16,36,8,18,43,21,8,3,17,41,7,16,42,24,9,7,13,-13,205
38,11,17,39,21,8,3,9,36,8,15,42,17,5,3,16,34,8,16,39,21,7,4,12,35,4,13,37,19,6,4,13,14,186
38,11,17,38,20,8,3,9,36,8,16,42,17,5,3,15,35,4,19,44,21,7,3,14,36,5,16,41,16,7,5,13,-4,216
38,11,18,37,20,8,3,9,37,8,17,43,17,5,3,15,36,6,15,45,22,7,3,15,37,7,15,36,23,8,5,13,3,185
38,10,17,38,19,8,3,9,37,8,16,43,17,5,2,15,36,7,16,40,21,8,5,13,38,8,16,43,24,8,4,14,-5,205
37,10,17,39,20,8,3,10,36,8,17,42,18,6,2,14,39,10,17,42,25,7,5,14,39,7,18,42,22,8,6,12,17,183
36,10,17,39,19,8,3,10,36,8,17,41,18,6,2,14,35,5,13,39,22,8,3,13,35,9,16,42,22,8,6,14,-6,198
36,10,16,40,19,8,3,11,36,8,18,41,19,6,2,14,35,4,19,41,21,7,3,13,35,6,15,39,17,7,4,12,-7,209
36,10,16,40,19,8,3,11,36,7,17,42,19,6,2,14,35,6,14,41,19,6,4,12,36,6,16,40,24,7,6,11,13,187
35,9,16,40,18,9,3,10,35,8,17,43,20,6,3,15,34,7,18,42,19,7,4,15,38,7,12,36,23,8,4,13,-3,173
35,10,16,38,19,8,3,10,35,8,17,42,20,6,3,15,36,8,9,38,23,6,5,14,36,8,17,45,21,8,5,13,2,210
36,10,15,38,20,8,3,10,35,7,17,40,20,6,2,15,39,7,12,39,24,4,3,13,41,8,15,41,26,7,5,10,16,210
36,11,15,39,20,8,3,11,35,7,16,39,19,6,2,14,38,8,14,42,23,7,7,13,37,5,17,47,21,7,4,15,10,182
37,12,13,40,22,7,3,11,35,7,15,38,19,6,2,14,34,5,16,37,18,8,4,14,38,8,16,45,24,7,5,15,39,201
37,13,13,41,22,7,3,12,35,7,15,37,18,6,3,14,37,6,13,45,18,7,5,13,37,7,17,44,23,7,5,12,14,184
37,12,13,40,21,7,3,12,36,7,14,39,19,7,3,14,35,6,14,41,21,8,4,15,34,9,18,38,21,8,3,14,-14,190
36,12,14,41,20,7,2,12,35,7,14,39,17,6,4,14,38,8,15,39,22,6,4,12,37,7,18,42,22,6,5,12,-4,180
38,5,11,43,24,5,5,14,36,6,13,43,18,6,4,12,33,5,17,40,21,5,5,14,36,7,17,44,20,8,5,12,16,164
38,6,12,42,23,5,4,15,36,6,15,41,18,6,4,12,36,7,17,39,18,9,1,15,39,7,17,39,24,7,8,17,4,212
38,7,12,42,23,6,5,15,37,6,15,43,19,7,3,13,37,5,17,38,21,7,2,13,37,6,20,41,21,7,4,13,-6,226
39,6,11,43,22,6,4,15,38,7,14,42,20,7,4,13,39,7,16,39,24,8,5,15,38,5,14,43,21,8,5,13,-21,199
38,5,12,41,22,6,4,14,38,7,14,42,20,7,4,12,35,7,14,41,21,7,4,11,35,5,13,39,19,5,4,14,-12,184
37,6,12,41,21,6,4,14,38,7,13,42,20,7,4,12,36,8,13,38,20,9,5,15,34,7,15,38,20,10,4,16,-6,166
37,6,11,41,21,6,4,15,38,7,12,42,19,7,4,12,38,7,17,46,22,7,3,14,37,8,17,40,22,7,7,13,14,184
37,6,10,42,22,6,4,16,38,7,12,42,20,8,3,12,36,6,16,44,22,7,3,14,37,6,14,39,23,7,4,13,9,195
38,6,11,43,22,7,4,15,37,7,11,41,20,7,3,13,33,7,13,42,18,6,5,15,36,7,16,43,20,7,4,13,7,173
38,6,11,43,21,7,4,15,37,7,12,42,20,7,3,13,36,6,17,40,22,8,5,14,38,8,17,39,21,7,5,15,-4,190
38,7,11,42,21,7,4,15,38,7,13,40,21,7,4,12,35,7,14,38,20,6,4,14,37,8,16,36,25,8,6,12,-3,191
37,6,10,41,21,7,4,14,39,8,12,42,22,6,4,12,35,7,18,38,20,6,5,13,37,6,21,44,22,8,6,12,-35,211
37,6,10,42,22,7,4,14,38,8,13,40,22,6,4,11,38,8,15,39,22,7,4,14,37,7,18,41,23,8,5,12,-2,222
37,7,11,41,22,6,4,13,37,7,14,39,22,6,4,10,35,4,18,41,21,7,3,13,36,6,14,40,16,7,4,13,-2,190
38,8,11,43,22,6,4,14,38,7,15,39,22,6,3,10,37,11,14,40,20,8,4,11,36,7,16,41,22,6,4,13,-8,220
38,8,10,42,23,6,4,13,38,7,15,39,23,6,3,10,35,4,15,43,19,6,6,13,35,5,15,39,19,7,5,12,11,183
38,8,11,41,22,6,3,13,38,6,16,39,22,6,3,10,34,4,20,41,16,7,5,12,39,10,12,43,25,7,7,13,-6,206
38,9,12,41,22,5,3,13,39,7,17,38,23,6,4,9,38,7,17,42,22,7,5,14,38,9,20,45,24,9,6,14,-6,216
38,9,12,40,22,5,4,13,39,6,18,38,23,6,4,9,37,8,16,38,24,5,3,12,38,6,19,41,22,7,5,11,-2,192
38,9,13,41,22,5,3,12,40,6,17,39,24,6,5,9,37,7,17,45,19,6,4,13,38,6,16,43,23,7,6,11,-2,206
37,8,12,42,22,5,3,13,39,7,17,39,23,7,4,9,35,6,16,41,20,8,4,16,34,8,17,39,22,8,3,14,-10,162
38,8,12,44,23,5,3,13,39,6,16,39,23,7,5,10,36,9,14,41,22,5,5,15,41,6,13,42,25,8,5,11,6,214
38,8,11,42,23,6,3,13,39,7,15,42,24,7,5,10,36,8,13,41,23,6,4,15,35,8,19,42,21,8,4,13,-32,184
38,7,11,43,24,6,3,13,39,7,15,42,23,7,5,11,32,5,18,38,16,6,4,13,40,6,13,44,25,6,5,12,-13,197
37,4,18,37,20,8,3,14,34,5,20,39,19,7,4,15,33,6,19,38,20,6,4,12,36,6,21,42,22,6,6,13,1,181
38,5,17,39,21,7,3,14,35,5,21,40,20,8,5,14,34,8,16,42,19,7,4,14,40,6,14,43,22,8,5,13,7,209
38,6,18,39,22,7,4,14,34,5,20,39,18,8,5,15,37,6,14,40,21,7,7,13,39,8,18,44,25,6,5,13,40,194
38,5,17,40,22,7,5,13,33,5,19,41,18,7,5,14,35,7,17,40,18,8,2,14,37,7,19,39,22,7,7,15,10,168
37,5,18,41,22,7,5,14,33,5,20,40,19,8,5,14,36,6,19,44,20,7,3,14,35,7,21,41,21,8,7,14,-7,201
37,6,18,39,21,7,4,13,34,5,19,40,19,7,5,13,37,3,18,44,23,7,4,14,35,6,17,38,17,7,4,13,-4,212
37,6,18,41,21,6,5,13,34,5,20,39,19,7,6,12,38,6,18,39,21,7,5,15,39,10,16,41,24,9,5,14,-7,195
37,5,18,41,20,6,5,13,35,5,17,39,20,7,6,12,33,5,16,43,19,6,6,14,32,4,19,42,18,7,4,12,-11,165
35,6,17,42,20,6,5,13,34,5,17,39,19,7,6,12,37,5,16,43,20,9,5,13,34,7,17,39,19,6,4,15,-12,164
35,6,16,43,20,5,6,13,34,5,16,40,20,7,6,11,32,6,13,43,17,6,5,15,36,7,16,45,21,7,5,13,32,168
36,7,16,43,21,5,6,13,34,5,16,40,19,7,6,11,38,9,15,38,22,7,4,14,36,8,17,39,22,7,5,13,10,208
36,7,16,42,20,5,6,13,34,6,15,40,19,7,6,11,35,5,16,40,19,9,6,14,36,6,16,47,22,9,4,16,2,190
36,6,15,43,19,5,6,13,35,6,15,39,20,7,5,11,34,7,15,38,20,6,4,14,40,7,16,45,25,8,7,12,6,200
36,6,15,43,18,5,6,13,35,7,15,38,21,7,5,11,36,9,12,39,22,8,6,14,36,8,12,41,21,9,5,12,1,169
36,7,14,44,18,5,7,14,36,6,14,39,20,8,5,12,34,5,19,43,18,7,5,12,39,10,14,44,26,7,8,12,-7,209
36,6,13,44,19,6,7,15,35,6,14,38,19,8,5,12,35,5,17,38,23,9,5,15,37,7,15,38,22,7,6,15,-3,177
36,6,12,43,19,6,6,15,34,7,14,38,19,8,4,13,36,10,14,41,19,7,5,11,36,7,16,41,21,6,4,12,-15,189
36,7,13,43,20,6,7,16,34,6,15,38,19,9,4,14,35,5,13,38,22,9,3,13,35,10,17,42,23,7,6,15,15,191
38,7,13,45,21,6,7,15,35,7,14,38,19,8,4,14,39,7,13,40,25,4,3,14,39,6,17,40,25,7,5,10,15,195
37,6,14,44,20,7,6,16,36,8,15,38,21,9,4,14,38,8,15,44,23,8,7,14,37,5,17,45,22,8,4,15,-27,207
37,5,15,46,21,7,7,15,36,7,16,40,21,9,4,14,36,6,19,38,18,8,4,13,39,7,20,45,25,7,6,15,18,216
38,5,15,45,22,7,7,15,36,7,16,40,21,9,4,14,37,8,17,41,21,7,5,13,42,7,13,43,25,9,6,13,-1,195
37,5,15,45,22,7,7,15,36,7,16,41,22,9,4,14,35,7,17,42,20,7,4,14,40,6,11,38,25,7,4,13,-3,183
38,6,15,45,23,7,6,15,37,7,18,41,21,9,5,13,37,8,17,38,22,8,4,12,39,6,14,44,22,7,5,13,10,228
37,5,16,44,23,8,5,14,37,7,17,41,22,8,5,13,36,6,18,40,19,6,5,15,37,6,17,39,26,9,4,13,-19,191
37,6,17,46,23,8,5,14,37,7,17,41,22,8,5,13,35,6,12,41,23,7,4,17,37,5,14,44,22,9,4,13,11,181
38,6,16,45,24,8,5,14,38,6,15,40,23,8,5,13,36,4,16,40,22,8,4,12,36,6,13,38,24,6,5,13,-14,196
40,8,14,40,27,8,5,12,34,6,18,41,16,6,5,16,39,5,13,48,21,6,5,17,39,8,16,42,24,10,6,12,26,226
38,8,16,42,24,8,4,13,35,5,17,44,17,7,5,16,37,4,21,44,23,9,4,14,35,6,17,40,21,8,6,16,4,194
38,7,17,43,24,8,4,13,35,5,18,42,18,7,5,16,38,5,13,41,21,8,8,15,37,6,18,42,22,8,4,15,11,209
39,7,16,43,25,8,4,14,35,6,16,42,18,8,4,16,37,8,17,43,22,8,3,17,41,7,17,42,24,9,7,14,22,206
39,8,16,42,26,8,4,13,35,6,15,41,18,7,4,16,36,6,15,40,22,8,4,13,36,6,18,43,22,7,4,13,15,191
39,8,17,42,26,8,4,13,36,5,15,41,18,7,4,15,35,8,15,40,20,6,4,14,37,8,17,38,25,8,7,11,5,193
40,9,16,43,26,9,4,13,36,5,15,42,19,7,3,16,35,5,17,39,21,8,4,18,38,8,21,43,25,12,4,15,38,220
39,9,18,43,26,9,5,14,37,5,13,40,20,8,3,15,34,7,17,38,19,6,5,14,38,7,21,45,23,8,5,13,20,180
40,9,18,42,26,10,4,15,37,5,13,40,21,9,2,17,38,8,17,42,21,8,3,16,41,8,16,42,24,8,6,14,6,238
39,8,18,41,25,10,4,15,36,5,13,40,20,9,3,16,33,7,15,40,19,7,4,13,37,5,15,37,21,8,4,12,31,177
41,8,17,43,26,10,5,15,36,5,13,39,21,9,3,16,37,7,11,42,21,7,4,13,37,6,20,43,21,8,4,12,23,195
41,9,17,42,27,10,5,15,36,6,12,38,21,9,2,15,39,10,19,42,20,8,4,14,41,10,16,42,24,8,5,14,3,213
42,9,15,41,27,10,6,15,36,6,12,37,21,9,3,15,35,5,17,41,21,7,3,14,40,7,14,38,25,8,7,12,18,194
41,9,15,39,27,10,6,15,35,5,13,37,19,9,3,15,36,4,16,39,21,8,4,13,34,7,16,36,22,7,5,14,21,185
41,9,15,40,26,9,6,14,35,4,14,38,20,8,3,14,38,8,15,44,23,6,4,13,37,7,18,41,22,7,5,11,7,183
41,9,15,40,26,9,6,14,35,5,14,37,20,8,3,14,36,5,16,43,18,5,4,13,38,6,13,39,25,7,5,11,4,208
41,8,15,40,25,8,5,13,36,5,13,38,21,8,3,14,38,4,13,40,23,6,4,13,38,5,18,44,21,6,4,12,9,207
41,8,14,40,25,9,5,14,35,5,14,38,20,8,3,14,33,3,19,40,15,7,5,13,38,8,13,43,24,8,7,14,24,180
41,7,14,41,25,8,5,14,35,5,13,38,20,8,3,14,34,6,11,42,23,8,4,16,37,5,15,45,21,8,5,13,10,182
34,3,19,42,22,7,6,14,35,4,15,39,21,7,6,14,41,5,11,42,23,8,7,16,36,5,19,39,22,9,4,16,-1,185
34,4,20,42,22,7,6,15,34,4,15,37,20,7,6,14,33,6,19,40,20,7,5,15,36,5,21,46,21,10,5,13,23,179
34,4,19,43,23,7,6,14,35,4,15,37,20,7,6,13,36,5,12,40,20,8,5,13,34,8,12,42,22,6,5,14,5,181
34,4,18,43,22,6,6,15,34,4,15,37,19,8,6,13,32,5,16,43,18,6,6,15,33,5,17,44,19,8,4,12,-4,156
34,4,18,43,22,6,5,15,33,4,16,38,19,8,6,13,36,11,15,39,19,8,4,11,36,8,18,43,20,6,4,13,8,178
34,5,17,44,22,6,5,15,34,4,16,38,20,8,5,13,37,4,17,41,18,10,4,14,35,7,18,39,20,7,4,16,-5,183
34,5,16,43,22,6,5,16,33,4,16,37,19,9,6,13,34,7,16,40,20,7,4,13,35,4,13,37,20,7,4,13,1,165
34,5,17,43,22,6,6,15,33,4,16,38,19,8,5,12,36,5,15,40,21,7,4,13,37,6,19,42,22,7,5,13,11,189
34,5,17,42,23,6,5,15,34,4,16,37,19,8,5,12,37,8,18,44,21,8,3,16,41,7,16,42,24,8,7,13,-23,217
34,5,16,42,23,6,6,14,33,4,16,40,18,8,5,13,33,6,12,44,17,5,4,15,36,8,15,45,22,7,5,12,10,164
34,5,15,43,23,7,5,14,33,4,17,41,17,8,5,13,32,6,19,42,17,6,5,12,39,10,15,46,26,7,8,11,-10,172
35,5,15,44,24,7,6,14,33,5,17,41,17,8,5,14,34,7,14,40,18,8,3,13,35,6,19,44,22,7,7,14,26,210
35,5,15,43,23,7,5,14,33,5,17,43,18,8,6,14,33,6,17,41,19,9,7,15,37,5,15,48,22,8,4,15,-8,200
35,5,15,43,23,8,5,13,34,6,17,42,18,7,7,15,37,5,14,40,22,6,4,14,38,5,18,44,21,7,5,12,-16,178
35,5,15,44,23,7,6,12,34,5,16,42,18,7,7,14,34,8,11,40,22,6,6,14,37,7,14,46,23,8,5,12,39,155
35,4,16,44,23,7,6,12,34,5,16,43,18,7,7,14,35,3,17,41,20,8,4,12,34,7,15,36,23,7,4,13,-3,167
35,5,16,45,23,7,7,12,34,4,16,44,18,6,7,14,39,9,17,41,21,8,5,13,42,9,14,42,25,9,5,14,12,178
35,5,15,45,23,7,6,12,34,4,15,44,18,6,7,14,35,6,17,47,18,6,4,13,37,6,16,43,22,7,6,11,3,167
35,5,15,47,23,7,7,12,32,4,16,43,17,6,7,14,37,8,16,40,21,6,4,12,39,7,17,43,23,7,5,12,16,190
35,5,15,47,22,7,7,13,32,4,17,42,16,6,7,14,33,4,20,40,15,6,5,11,38,9,13,45,25,6,8,13,8,178
36,5,16,47,22,6,7,14,33,5,16,40,17,6,6,13,37,8,17,35,21,9,4,12,38,6,13,44,20,6,4,14,-14,192
34,4,14,46,20,6,7,14,33,4,15,40,17,7,7,13,38,6,14,37,21,10,4,12,32,5,19,39,20,7,3,17,-19,153
38,6,15,41,24,9,7,10,36,6,20,44,22,5,2,16,37,3,18,44,23,7,4,16,36,6,16,39,18,8,5,14,-7,179
37,6,15,40,24,9,6,11,36,6,20,44,21,6,2,15,37,11,15,39,19,8,3,11,36,8,17,43,21,5,4,14,-14,190
37,5,15,40,24,8,6,11,35,6,20,44,22,6,3,15,37,5,17,39,22,7,3,13,37,5,19,42,21,7,4,13,3,179
37,5,16,42,23,8,7,11,35,6,19,43,21,6,3,15,34,6,17,41,17,9,6,13,38,9,19,49,25,6,8,14,15,201
37,5,16,44,23,8,7,11,35,5,19,45,21,6,3,15,34,7,13,41,19,7,5,14,37,5,20,49,21,7,8,13,13,183
36,5,16,44,21,8,6,11,36,5,19,45,22,6,4,15,38,5,17,42,20,10,5,13,34,7,18,40,19,7,4,15,-26,196
36,5,17,44,21,8,7,11,34,5,20,45,21,6,4,15,32,5,17,43,19,6,6,15,33,5,19,43,17,7,5,12,5,191
36,5,16,43,21,7,7,11,35,5,19,46,20,6,3,15,34,7,15,41,17,8,2,13,35,7,19,39,21,7,6,14,-12,176
36,6,16,43,21,7,7,13,35,5,19,45,20,7,4,15,33,7,16,39,20,7,4,13,36,5,14,38,19,7,4,13,15,201
36,5,16,44,21,8,7,12,35,4,19,46,19,7,4,15,37,8,15,40,21,7,4,15,37,8,18,40,23,8,5,12,19,189
36,6,17,44,21,8,7,13,36,5,18,45,20,7,4,14,40,10,16,42,26,8,5,14,39,6,17,42,21,8,6,13,-7,227
37,6,17,46,21,8,7,13,37,5,17,45,21,7,4,14,38,9,16,41,22,9,3,16,40,8,16,44,24,8,6,15,-14,216
37,6,17,46,21,8,8,13,37,5,17,46,21,7,4,14,37,5,15,38,22,6,4,14,40,7,18,44,23,7,5,12,9,207
37,6,16,45,21,8,8,13,38,5,17,46,22,7,4,15,36,7,18,47,18,6,4,14,38,7,16,42,23,8,6,11,-16,190
37,6,17,43,21,8,8,14,39,6,17,46,23,7,4,14,36,6,11,42,21,7,5,13,37,6,17,44,21,8,4,12,8,212
39,6,16,45,22,8,8,14,38,7,16,46,22,7,4,15,37,8,16,41,22,6,4,12,40,8,17,46,24,7,5,11,7,211
38,6,16,45,22,8,7,14,39,7,14,45,23,7,4,14,35,4,18,41,22,7,3,14,35,6,16,40,17,7,3,13,-16,192
39,7,16,46,23,8,7,14,40,7,14,46,25,8,4,14,39,7,10,39,25,6,3,13,43,8,13,44,27,6,5,11,9,205
39,7,16,45,22,8,8,14,40,7,13,46,26,8,4,15,37,6,13,45,18,7,4,14,36,7,18,44,23,8,5,12,-5,205
38,6,16,45,22,7,7,14,41,7,13,46,27,8,4,15,35,7,12,42,23,7,4,16,37,5,13,45,22,8,5,13,-12,192
38,6,16,44,21,8,7,14,40,7,14,46,26,8,4,15,36,5,12,42,21,7,5,14,37,5,17,44,21,9,5,13,2,186
37,6,16,44,21,7,8,13,39,6,14,46,25,8,4,15,33,7,17,44,19,7,5,13,38,6,11,42,23,7,4,12,-3,191
33,4,21,44,20,7,9,14,35,3,14,42,17,6,6,14,35,4,19,46,19,5,3,15,33,6,23,42,18,7,8,15,-8,204
33,5,20,43,20,7,8,14,35,4,15,43,17,6,6,15,38,5,15,48,20,6,5,17,38,8,16,42,23,10,5,13,-7,195
33,5,20,45,19,7,8,14,35,4,15,43,16,7,7,14,40,5,11,42,21,8,8,15,35,6,19,42,21,9,4,16,10,180
33,5,21,45,19,8,8,15,34,4,13,43,16,8,7,15,34,7,17,40,17,9,2,14,36,7,20,39,21,8,7,15,18,164
33,5,22,46,19,8,7,15,35,5,13,43,17,8,6,15,38,6,18,40,21,7,5,15,38,8,18,41,23,9,5,14,3,213
34,5,22,46,20,9,7,15,35,5,14,43,18,8,6,16,36,5,18,40,21,7,5,17,37,7,21,42,24,11,4,14,8,220
34,6,21,45,21,9,7,15,35,5,15,43,18,8,7,16,35,6,22,41,20,8,8,15,36,7,15,40,24,7,4,13,6,192
34,6,21,45,21,9,6,15,36,6,15,43,18,8,6,16,37,8,17,42,20,8,3,15,40,7,16,42,23,8,7,13,-3,171
35,6,20,47,21,8,6,14,37,5,15,44,19,8,6,15,37,5,14,37,22,7,4,13,38,7,18,43,22,7,4,13,4,218
36,6,20,47,21,8,6,14,37,6,15,43,20,7,6,15,36,8,15,40,21,7,5,14,38,8,16,42,24,8,5,13,-5,199
36,6,19,48,22,8,5,14,36,7,15,43,20,8,6,15,35,9,13,39,22,7,5,13,37,8,12,43,23,8,4,12,5,211
36,5,19,48,22,8,5,14,36,7,14,43,20,8,6,14,36,7,19,42,22,9,5,13,33,7,17,42,20,8,4,14,-13,167
36,5,20,45,22,8,5,14,35,7,15,42,20,8,4,15,35,10,16,41,21,8,3,18,37,7,19,42,21,9,5,15,13,171
36,5,18,43,23,7,5,13,36,7,16,42,20,7,5,15,35,7,16,43,19,7,4,15,38,7,12,37,23,8,4,13,-8,174
36,5,17,44,22,7,4,13,35,7,16,44,19,8,5,15,35,6,19,41,21,9,4,14,34,8,19,40,22,8,3,15,-6,186
36,5,15,43,22,7,4,12,35,7,16,45,20,7,4,14,38,8,17,42,22,7,5,14,43,8,13,43,25,9,5,13,-11,211
37,5,15,42,22,7,4,13,35,7,17,43,20,7,4,15,36,6,18,42,19,6,4,14,38,7,16,39,25,8,5,12,29,201
38,5,16,41,23,7,4,13,36,7,17,42,20,7,5,16,35,8,13,41,21,5,5,16,39,6,14,41,25,9,4,11,-2,198
36,5,16,40,22,8,4,13,35,8,17,42,19,8,5,17,37,8,17,39,23,9,4,13,38,5,15,45,21,7,5,14,-10,198
36,5,16,39,21,8,4,13,35,7,18,43,19,8,5,16,35,8,15,43,18,6,4,11,36,7,15,39,20,6,4,11,-6,194
35,4,17,39,20,8,4,13,35,6,18,43,19,8,5,16,36,5,16,38,23,10,5,13,38,6,17,41,23,7,6,15,-4,190
35,4,19,41,20,8,4,13,34,6,19,42,19,8,5,15,35,5,12,42,21,7,4,13,36,5,19,45,21,9,5,13,7,181
37,5,22,49,24,7,7,13,31,7,20,40,17,7,4,14,35,6,13,39,18,9,6,14,35,3,25,51,20,7,9,15,2,206
37,5,22,45,23,7,7,13,33,6,19,40,17,7,4,14,38,5,15,46,20,6,5,17,38,8,17,40,23,10,5,13,2,208
37,6,21,45,24,7,7,14,34,6,19,39,18,7,4,14,37,5,18,41,18,10,4,13,35,7,20,37,20,7,4,16,-1,209
37,5,21,44,23,8,6,13,34,5,18,40,17,7,4,14,35,4,14,43,22,5,5,14,36,4,16,43,21,8,5,12,6,168
37,6,21,44,24,8,6,13,34,5,19,40,17,7,5,14,34,6,18,38,19,5,5,13,38,7,20,44,24,7,6,12,32,230
38,6,20,44,24,8,6,13,34,6,18,40,17,7,5,14,42,10,15,43,25,7,5,13,38,6,15,41,20,7,5,12,3,195
37,6,19,41,23,7,6,13,35,5,18,41,16,7,5,14,36,4,18,43,22,8,5,14,35,6,16,38,21,8,6,15,-13,185
37,6,19,42,23,7,5,13,35,5,17,41,17,7,5,13,38,9,16,45,23,7,4,12,36,7,18,41,21,6,5,13,-11,177
36,6,21,40,23,7,5,13,36,6,19,41,18,7,5,13,37,6,18,42,21,10,4,13,34,7,18,40,20,6,4,15,-2,230
37,6,21,39,22,7,6,13,36,5,19,40,18,7,5,13,36,6,15,45,22,7,4,14,38,6,16,37,23,8,6,13,22,190
36,7,21,41,22,7,6,13,35,5,20,41,17,7,5,13,37,7,16,42,22,7,4,16,38,9,22,45,24,11,5,13,6,194
36,7,20,41,22,7,5,13,35,5,19,40,18,7,5,12,37,8,15,39,22,7,5,13,37,7,17,43,23,8,3,12,7,201
37,6,21,41,23,7,5,12,35,5,19,40,18,7,6,12,36,6,17,38,18,8,4,12,37,7,19,44,24,7,6,16,11,207
37,7,20,43,23,7,6,12,34,6,20,41,18,7,6,12,33,6,11,43,22,6,4,15,36,6,15,48,21,8,5,12,4,180
37,6,19,41,23,8,5,13,35,6,19,40,19,7,5,12,35,5,14,41,19,7,7,15,37,5,13,38,21,8,4,13,4,224
36,5,19,41,22,7,6,13,36,7,19,40,20,8,5,12,34,10,19,42,20,8,4,16,35,6,19,40,20,7,6,13,-45,205
36,5,21,42,23,7,6,13,36,7,19,40,21,7,5,12,36,7,16,43,20,6,4,12,37,6,15,41,24,7,5,12,5,203
37,5,20,42,23,7,6,13,36,7,18,40,20,7,5,12,35,8,13,42,21,6,4,15,39,6,13,42,25,8,4,11,9,163
37,5,18,42,23,7,6,13,36,7,17,40,20,7,6,12,33,4,15,36,17,9,3,13,39,7,15,45,24,7,5,16,7,189
37,5,18,42,23,8,6,14,36,7,17,39,19,8,5,13,39,7,14,43,23,8,7,14,37,6,19,46,22,8,5,16,14,186
37,4,17,41,23,7,7,14,36,7,16,39,20,8,5,12,37,4,16,40,23,7,4,13,37,5,16,42,19,6,5,12,-4,182
38,4,16,41,23,8,7,14,36,7,17,39,19,8,6,13,37,7,22,40,20,9,6,16,38,6,17,42,21,8,4,16,15,203
37,5,17,39,23,8,7,14,36,6,16,40,19,8,6,13,38,7,17,42,20,6,4,14,40,10,19,43,26,7,6,11,14,216
38,7,15,44,23,7,3,17,37,7,16,41,23,8,4,12,35,6,14,39,21,7,4,12,36,6,12,40,20,5,4,14,9,195
37,7,17,44,22,6,3,16,36,6,15,41,24,8,4,12,33,4,18,42,21,8,5,14,35,8,15,37,19,6,4,11,11,181
38,7,16,44,23,6,3,16,36,7,16,40,24,8,4,12,39,6,16,46,21,6,5,16,39,8,16,40,24,10,5,13,1,211
38,7,16,43,23,6,3,16,36,7,16,40,23,8,5,13,32,6,16,44,19,5,6,16,34,5,18,44,19,8,4,11,11,195
38,7,16,43,23,6,3,16,36,7,16,40,24,8,5,12,35,5,14,43,23,5,4,13,36,5,15,43,21,7,5,13,-8,196
37,7,17,43,23,6,3,15,36,7,16,39,24,8,4,12,36,9,16,38,21,6,4,14,38,10,17,38,24,8,7,11,7,199
38,7,17,45,24,6,3,15,36,7,15,39,23,8,4,12,34,7,17,41,18,7,6,12,39,10,17,47,26,6,8,12,15,215
38,8,17,45,24,6,3,15,37,7,15,41,25,8,5,12,37,10,20,45,19,8,5,15,38,9,16,41,22,7,4,13,-3,233
38,7,17,44,24,6,3,15,36,7,15,38,24,8,4,11,36,6,13,39,20,7,5,10,37,7,17,42,22,5,4,12,7,185
38,8,16,45,23,6,4,15,36,7,15,39,24,8,4,12,35,5,13,40,21,8,3,14,37,7,16,42,23,8,6,14,18,184
39,9,17,46,24,7,4,15,35,7,17,40,24,9,4,12,36,6,19,41,22,10,4,13,35,7,17,42,22,7,4,15,21,209
39,9,16,45,24,7,4,16,36,7,17,40,24,9,4,12,36,4,15,42,22,8,5,14,33,7,16,34,21,8,5,14,-7,181
38,9,16,45,24,7,4,15,36,7,16,41,23,9,3,12,37,9,14,42,22,6,4,13,39,8,15,43,25,7,5,12,6,200
37,8,16,46,24,7,4,16,36,7,16,42,24,9,3,11,37,8,15,39,22,7,5,13,36,7,16,43,22,8,3,13,-17,167
38,8,16,46,24,7,4,16,36,8,16,42,24,10,3,12,36,7,19,41,22,10,4,13,33,8,16,41,20,8,4,15,7,205
38,8,16,45,24,7,4,16,36,7,16,42,24,9,3,13,38,7,22,44,21,8,5,16,37,7,18,41,20,7,4,15,5,203
37,8,17,45,23,8,4,16,36,7,15,43,24,10,4,13,39,7,16,42,23,7,4,13,38,10,20,44,24,8,6,14,3,197
37,8,17,45,24,7,3,16,35,7,16,43,23,9,3,13,37,5,15,42,23,6,4,13,40,5,16,43,23,7,4,11,20,206
37,8,17,45,24,7,4,15,35,7,16,44,24,9,3,13,36,10,20,43,22,7,5,15,36,7,22,40,20,7,6,13,-9,223
38,8,17,45,25,7,3,14,36,8,16,44,25,9,4,13,38,4,14,41,24,7,3,15,40,7,15,41,24,7,4,13,10,206
37,7,17,44,25,6,3,13,37,7,15,45,24,8,4,12,38,7,20,38,23,9,5,11,37,5,16,45,20,6,4,14,6,208
37,7,19,38,23,10,8,18,34,7,18,40,22,9,4,18,36,7,16,39,21,7,4,15,35,12,18,39,24,7,4,13,7,207
37,8,18,37,23,10,8,16,34,7,18,40,22,8,4,17,36,9,18,40,21,5,5,14,38,10,16,39,25,8,7,11,-7,203
37,8,18,37,24,10,7,16,34,7,19,41,21,8,4,17,33,5,19,44,21,7,5,15,35,7,15,37,21,7,4,11,6,196
38,8,17,37,24,10,7,15,33,7,18,40,21,7,4,17,34,7,13,39,19,8,5,14,37,5,22,49,21,7,8,13,35,197
39,8,17,39,24,11,7,14,33,8,18,41,21,6,4,17,33,6,18,40,20,7,5,16,37,5,20,45,22,10,5,14,22,202
40,8,14,39,25,11,7,14,33,8,17,39,21,6,4,18,37,6,14,38,22,7,6,15,39,7,18,42,23,7,6,12,18,216
40,7,15,39,25,12,6,12,32,8,16,38,21,5,5,18,34,7,18,37,20,5,6,14,39,7,20,44,25,8,5,12,19,185
39,7,16,39,25,11,6,12,32,7,17,40,20,5,5,18,35,8,15,39,21,5,4,15,38,9,17,38,25,9,7,11,16,170
39,7,17,40,25,11,7,12,32,7,17,39,20,5,5,17,34,7,15,39,19,7,5,14,39,7,17,47,23,8,8,13,12,182
40,8,15,41,26,11,7,12,32,6,17,40,20,5,5,17,39,5,18,42,23,7,5,14,38,9,18,44,24,9,5,13,12,212
41,8,14,42,27,12,6,12,32,7,16,39,20,5,5,17,35,6,13,41,21,8,3,14,36,7,17,42,22,8,6,13,29,183
41,7,16,42,27,11,7,11,32,6,17,40,21,5,5,17,36,5,18,40,22,8,5,14,38,8,17,40,22,7,6,15,11,203
41,7,15,43,27,11,7,12,32,6,17,37,21,6,5,17,37,9,21,44,20,8,5,14,40,9,17,42,24,7,5,13,5,209
41,7,15,43,27,11,7,12,33,5,17,37,21,6,5,17,38,8,16,44,22,7,4,13,37,8,18,41,22,7,5,12,26,204
40,8,15,44,26,10,7,12,33,6,17,36,21,6,5,16,37,6,16,42,21,7,4,16,38,9,20,45,24,11,6,13,6,192
40,8,14,43,27,10,7,12,33,6,17,37,21,6,5,15,39,6,13,41,25,5,4,14,38,5,17,39,23,7,5,11,-3,205
40,8,14,44,26,10,7,12,33,6,17,37,21,6,5,16,33,6,11,43,21,6,4,15,36,7,16,46,20,8,5,13,7,181
40,8,14,44,25,10,7,12,35,7,16,37,22,7,5,15,37,7,23,44,20,8,4,16,37,7,17,41,20,7,4,15,-12,206
40,8,13,42,26,9,6,12,34,6,18,37,23,7,4,15,35,8,14,41,22,6,4,14,39,7,14,42,25,8,4,11,13,179
40,8,14,41,26,9,6,12,34,7,18,37,22,7,4,16,37,10,20,42,22,8,4,16,36,7,20,39,21,7,6,14,10,202
39,7,15,40,25,8,5,13,35,7,19,36,23,7,4,16,39,8,18,38,23,9,5,11,37,6,16,44,20,5,4,14,-26,206
34,5,21,45,18,8,7,13,32,7,22,47,20,7,8,15,37,4,21,43,22,9,4,13,35,6,17,39,21,8,6,16,-7,181
34,4,22,43,19,7,7,13,35,6,18,44,21,6,8,15,33,6,19,39,20,6,3,13,36,6,21,42,23,6,6,12,1,195
34,5,22,42,19,8,7,13,35,7,17,44,22,6,9,16,37,8,13,38,22,9,6,16,34,6,16,39,21,10,5,17,-10,192
34,5,21,42,19,8,7,13,36,7,16,43,23,6,9,15,36,6,12,41,20,8,6,13,33,8,12,41,21,6,5,14,-6,202
35,6,20,42,20,8,7,13,37,7,16,43,23,6,8,15,35,8,16,41,19,8,5,15,39,7,14,42,23,9,4,14,-6,230
36,6,20,43,21,7,6,13,38,8,15,42,24,7,9,14,37,11,14,38,19,8,4,11,36,8,17,43,21,5,4,13,-2,198
36,5,19,42,20,7,6,13,38,9,15,41,24,6,8,14,41,9,16,42,25,7,4,14,38,5,15,41,19,8,4,12,-30,234
35,6,20,40,21,7,6,13,39,8,14,42,25,6,8,13,37,7,18,45,21,7,3,14,36,8,19,41,21,7,6,13,-8,200
35,6,19,40,21,6,6,13,40,9,14,41,26,7,8,13,37,5,17,42,19,10,5,13,35,7,18,40,20,7,4,15,-6,194
36,6,20,39,21,6,6,12,41,9,13,41,27,6,8,13,36,4,14,43,23,5,4,14,35,4,17,41,20,7,4,12,-9,205
35,6,19,38,21,6,6,12,41,10,14,42,26,6,7,13,37,8,15,39,22,7,4,15,35,9,17,40,22,8,4,13,-13,197
36,6,18,39,21,6,6,13,40,10,14,42,26,7,7,13,34,7,15,38,19,6,4,13,37,7,16,38,25,8,6,12,-3,193
36,6,18,40,22,5,6,13,40,10,16,42,26,7,7,12,35,7,14,42,18,8,3,13,35,6,19,42,21,7,6,14,-2,210
37,6,18,39,22,5,6,13,40,10,16,42,26,7,7,13,35,5,17,41,23,8,6,14,38,7,15,40,23,7,6,15,-10,214
35,5,19,38,21,5,6,13,39,10,16,43,26,7,8,13,34,4,16,43,19,7,6,13,34,5,16,39,18,6,6,13,-27,179
34,5,20,37,20,6,6,13,39,9,17,43,26,7,7,13,35,5,16,39,19,7,5,13,37,6,18,45,23,6,7,14,-4,190
34,5,20,38,20,6,6,13,37,8,19,43,24,7,7,13,35,10,18,40,21,8,3,17,37,7,20,42,21,8,6,14,-6,194
34,5,20,38,20,6,6,13,38,8,18,43,24,6,7,13,36,9,9,40,23,6,6,13,35,8,17,46,21,8,5,13,-12,196
34,5,20,38,20,6,7,14,38,9,18,41,24,7,6,14,34,5,20,39,21,7,4,15,41,7,15,38,26,8,7,13,1,203
34,5,19,39,21,7,6,13,37,9,18,42,24,7,6,14,36,6,16,42,20,6,5,13,40,6,11,44,24,9,5,12,-7,193
34,5,19,40,21,7,7,13,36,8,18,42,24,7,7,13,34,5,17,41,23,7,3,14,36,9,19,44,24,8,6,14,3,185
34,6,20,40,21,6,7,12,37,8,18,42,25,6,7,13,38,7,13,44,20,7,5,14,36,7,18,44,23,7,5,12,-6,204
33,5,20,40,20,6,7,12,37,8,18,43,26,6,6,12,36,4,13,41,24,7,4,12,35,5,14,41,20,5,6,13,-30,180
35,7,18,50,20,6,8,12,34,5,16,42,18,6,5,11,37,6,17,38,23,8,5,15,37,5,15,41,23,8,5,13,-7,201
35,7,18,50,20,6,8,12,34,5,17,41,18,6,5,11,34,7,18,40,18,8,5,14,39,7,15,40,24,8,4,14,7,191
35,7,17,48,21,6,8,13,35,5,16,41,19,6,5,11,38,6,17,43,22,7,5,16,40,9,15,41,25,9,5,14,-3,181
35,7,18,48,21,6,8,13,34,5,16,41,19,6,5,11,33,7,16,40,17,9,2,13,36,7,19,40,21,7,7,15,15,177
35,7,17,48,21,6,8,13,34,5,16,41,19,6,5,11,35,5,12,39,19,7,5,12,35,7,12,41,22,6,5,14,10,180
35,8,16,45,21,5,7,12,33,4,16,41,19,5,4,11,36,6,17,43,22,8,6,14,37,7,16,39,20,7,6,14,20,188
35,8,17,46,21,6,7,13,34,4,17,40,18,5,4,11,37,5,13,36,22,7,4,14,38,7,19,43,22,7,5,13,6,188
35,8,17,44,22,6,7,13,34,3,17,40,18,6,4,11,37,4,15,43,21,8,5,14,34,6,17,39,21,8,6,14,5,171
34,8,18,44,22,6,7,14,35,3,16,40,19,6,4,12,32,5,12,44,17,6,4,15,35,8,15,45,21,7,5,12,8,170
34,7,17,45,21,5,6,14,34,3,15,39,19,7,4,12,33,5,16,40,19,9,7,14,36,5,15,48,21,8,4,15,15,175
34,7,17,46,20,6,6,14,32,4,14,39,19,6,5,13,36,8,15,38,21,7,5,14,37,7,17,43,22,9,4,12,10,164
33,7,16,46,20,6,6,14,32,4,13,40,18,6,6,13,37,10,13,40,20,7,4,11,36,7,16,41,21,6,4,13,5,157
34,7,16,47,19,7,5,13,32,4,13,40,18,5,6,13,34,4,19,42,17,6,5,12,40,10,12,44,26,7,7,12,8,184
34,8,15,46,19,7,6,13,33,4,13,40,18,5,6,14,37,10,16,41,22,8,3,17,38,7,18,42,22,9,5,14,10,200
35,8,16,47,20,8,5,13,32,4,13,40,17,6,7,14,37,6,15,45,18,6,5,13,38,6,17,43,23,7,5,11,19,177
34,7,16,46,20,8,4,13,32,4,13,38,17,6,7,14,37,7,15,37,22,9,5,12,34,7,18,43,21,6,3,15,13,191
35,7,17,46,20,8,5,13,33,5,13,38,17,6,7,14,37,4,18,40,23,7,4,13,35,6,16,40,18,6,4,13,10,212
36,7,18,46,21,7,5,13,33,5,14,37,18,6,7,14,35,8,11,39,23,6,4,14,35,8,18,44,21,7,5,13,11,217
36,7,17,45,21,7,5,13,34,5,14,38,18,6,7,13,39,8,16,40,24,6,4,12,38,7,17,40,23,6,5,13,-2,198
36,8,17,45,21,7,5,12,34,5,15,39,17,6,7,13,34,7,18,44,19,7,5,14,39,6,11,41,24,7,4,12,-5,173
36,7,17,45,21,7,6,12,34,5,16,40,17,6,7,13,32,5,18,37,16,6,5,13,40,7,13,45,25,6,6,12,24,178
37,8,19,46,23,7,7,13,33,5,18,39,17,7,6,13,34,8,17,43,18,6,4,12,37,7,16,40,21,6,4,12,34,216
38,8,20,45,23,7,7,13,33,5,19,40,17,7,6,14,37,6,13,43,19,7,5,14,37,7,18,45,24,8,5,13,32,196
36,4,15,38,18,8,3,12,35,8,21,41,23,6,5,16,36,7,14,37,21,9,4,15,34,6,16,40,22,9,4,18,-16,208
38,5,15,39,18,8,3,13,34,8,22,38,22,7,5,15,35,7,17,43,20,7,7,15,39,6,17,42,23,8,6,13,11,205
38,5,15,38,18,8,3,13,34,8,21,39,22,7,5,16,34,4,18,43,22,8,5,14,35,8,14,37,20,6,4,12,-8,186
37,5,15,39,18,8,3,13,35,8,20,39,22,7,5,15,32,6,15,45,19,5,6,16,33,5,18,43,19,9,5,11,-5,189
37,5,16,39,18,8,3,13,35,8,20,40,23,7,6,15,34,6,18,38,20,5,5,13,37,6,19,44,23,7,5,12,7,207
36,5,17,40,19,8,4,14,34,8,20,40,22,7,5,15,34,4,14,43,21,5,4,14,35,4,17,44,21,8,5,13,9,173
36,5,18,40,18,8,3,14,36,8,20,40,22,7,5,14,39,6,18,41,22,7,5,15,37,8,19,42,22,9,5,13,-25,219
37,6,20,40,19,8,4,13,37,8,20,40,22,7,5,13,39,9,16,47,23,7,3,13,37,8,19,41,22,7,6,13,4,258
37,6,20,41,19,8,4,13,36,8,20,40,22,7,5,14,35,7,18,39,20,8,5,14,39,7,15,41,24,8,4,14,12,204
38,7,20,39,21,8,4,13,37,8,19,41,23,6,5,14,36,11,13,39,19,8,4,12,37,8,17,42,22,6,4,13,1,211
38,7,20,40,21,8,4,12,37,8,18,41,24,7,5,13,35,6,13,41,22,8,4,14,37,8,16,43,23,8,7,14,22,214
36,7,20,40,21,8,4,12,38,8,18,42,24,6,5,13,36,5,16,42,22,8,5,15,33,7,16,35,21,8,5,14,-32,194
37,7,22,41,21,7,4,13,38,8,19,42,24,6,5,12,36,6,17,42,21,7,4,14,38,9,20,46,24,10,6,14,-5,229
37,8,21,41,22,7,4,14,39,8,20,42,24,6,6,12,37,8,16,40,22,7,5,14,36,7,16,42,22,8,3,12,-29,227
38,8,21,39,22,7,4,13,40,9,20,42,24,6,5,12,37,6,15,38,18,8,3,13,37,7,20,43,24,7,6,15,6,242
39,8,20,39,23,7,4,13,41,9,19,42,25,7,6,12,32,5,11,41,20,6,4,14,35,7,15,48,20,7,5,13,1,189
39,8,18,39,24,7,5,15,41,9,18,40,26,7,5,12,37,5,14,39,23,6,4,13,38,5,17,44,22,7,5,13,-10,202
39,8,16,40,23,8,4,16,40,8,18,40,26,8,5,13,37,7,23,43,21,8,4,16,37,7,17,41,20,7,4,15,-10,200
39,8,18,40,22,8,5,16,40,8,19,40,26,8,6,13,36,6,16,36,24,10,4,13,39,7,15,41,24,7,6,16,11,229
39,7,19,41,22,8,4,16,40,8,19,39,26,8,6,13,36,10,20,42,21,7,4,16,36,6,21,39,20,7,6,13,6,228
38,7,20,41,21,8,4,16,40,8,21,41,26,8,6,13,38,8,18,38,23,9,4,11,37,5,15,44,20,6,4,14,-6,210
35,7,20,41,22,6,6,13,36,5,17,40,21,8,3,12,36,5,19,38,22,6,3,11,36,5,20,41,21,7,4,11,5,199
35,7,19,40,21,6,6,14,35,4,16,40,20,8,4,13,37,4,17,44,18,10,5,14,33,7,21,37,17,8,4,16,10,162
36,7,18,41,22,6,6,13,35,5,15,40,20,8,4,13,34,8,14,41,19,7,4,15,40,5,14,42,22,9,5,12,13,183
36,7,18,42,22,6,6,13,35,5,15,41,19,8,4,13,37,11,14,39,19,8,4,11,36,8,17,44,20,5,4,13,7,185
36,8,18,42,22,6,6,13,35,5,17,40,20,7,4,13,36,6,23,40,21,7,7,15,36,7,16,39,24,7,3,14,-6,228
36,8,18,42,22,6,5,13,36,5,16,40,20,8,4,13,37,6,18,44,20,7,3,14,36,7,21,41,21,7,7,14,-7,211
36,8,17,42,22,6,5,13,36,5,17,40,20,8,4,13,38,5,14,40,21,8,7,15,36,6,18,42,22,8,4,15,-9,185
36,7,17,43,22,6,5,13,35,6,17,39,19,8,3,13,36,12,15,39,19,8,4,12,36,7,18,41,20,6,4,13,-3,197
37,7,17,42,22,6,5,13,36,6,17,40,19,8,3,13,33,5,18,45,19,6,5,15,36,7,16,42,21,8,5,12,2,212
36,8,16,42,21,7,5,13,36,7,17,41,19,7,4,13,36,6,17,42,22,8,6,14,37,7,17,39,21,7,6,14,-2,182
36,8,16,41,21,7,4,12,36,7,15,42,20,7,4,13,36,6,13,39,20,7,4,11,36,7,16,40,23,5,4,12,3,187
35,8,17,41,20,7,4,13,37,7,15,41,21,7,4,12,36,5,14,41,22,8,4,13,36,6,18,42,22,7,5,14,-17,169
34,8,17,41,19,6,4,13,36,7,16,42,20,7,3,12,32,6,19,41,18,7,5,12,39,10,17,46,26,6,8,12,16,178
34,8,19,39,19,7,4,13,37,7,16,40,20,7,3,12,34,7,13,42,17,8,3,13,34,6,19,40,20,8,6,14,3,203
35,7,19,41,19,7,5,13,37,7,15,41,20,7,4,12,35,6,16,39,19,7,5,14,39,7,17,46,24,7,7,13,20,206
34,6,19,41,18,7,5,13,35,7,15,41,19,6,4,13,37,5,13,39,22,6,3,14,39,6,18,45,21,7,5,12,20,178
35,6,20,41,18,7,4,12,35,6,13,41,19,6,4,12,34,4,15,41,18,7,6,13,35,5,15,41,19,6,6,13,11,183
35,7,21,41,18,7,4,11,36,6,14,42,19,6,4,12,36,8,18,39,21,6,4,12,37,6,22,43,21,7,6,12,7,219
34,7,22,41,17,7,4,12,35,6,13,40,19,6,4,12,34,8,9,39,22,6,5,14,37,8,15,47,22,8,5,12,5,183
34,7,21,42,18,7,4,13,35,6,12,39,19,6,4,12,39,7,11,40,26,5,3,13,40,7,16,40,25,7,5,10,20,174
34,7,21,41,18,7,4,14,35,7,12,38,20,7,4,13,37,7,15,39,22,8,5,13,34,7,18,44,22,8,3,14,-20,190
35,7,20,41,19,7,4,13,35,6,13,37,19,7,4,13,36,4,18,40,23,7,3,14,36,6,16,39,17,7,3,12,4,182
35,6,20,42,19,7,4,13,36,6,12,37,20,6,4,13,37,7,16,40,20,7,5,13,41,7,12,43,23,8,5,14,-9,175
35,7,18,42,18,6,4,14,36,6,12,35,20,7,4,12,37,8,17,37,22,9,4,12,38,6,14,44,21,6,4,14,-25,197
35,8,18,41,19,6,3,14,37,7,12,34,21,7,4,12,40,6,15,44,24,9,6,16,39,9,15,41,25,9,6,15,11,227
35,8,17,42,20,6,3,14,38,7,12,35,21,7,4,11,39,7,14,42,23,7,7,13,37,6,19,46,23,7,5,16,2,224
36,8,15,41,20,6,4,15,39,8,12,35,22,6,4,12,37,10,19,42,22,8,4,15,36,7,20,39,21,7,6,14,-10,202
33,7,13,44,20,7,4,16,36,6,16,39,25,9,9,14,38,6,14,40,22,7,7,13,39,7,18,43,25,5,5,13,-13,169
35,8,14,45,22,7,4,16,38,6,16,40,25,8,9,14,34,7,16,41,18,8,4,14,39,6,15,42,22,9,5,14,-1,235
34,8,15,44,21,7,3,15,37,6,17,40,24,8,8,14,37,3,19,44,23,7,4,15,35,6,16,40,18,8,5,14,-10,180
35,7,14,45,21,6,4,15,37,6,18,40,23,7,8,13,33,6,17,42,20,5,5,15,36,8,17,43,21,8,5,12,-7,201
35,8,14,44,21,7,4,14,36,6,18,41,22,7,7,14,33,9,24,45,17,8,5,17,38,7,18,39,22,8,4,13,6,194
35,8,14,44,21,7,4,15,36,6,18,41,22,8,7,14,37,5,15,40,21,9,8,15,36,6,18,44,22,9,4,16,-4,176
35,8,15,42,21,7,4,15,36,7,20,40,22,8,6,14,34,7,18,38,19,5,5,14,38,6,21,44,22,8,5,12,-14,212
35,7,15,43,20,7,4,15,36,7,19,41,21,8,7,14,33,5,16,43,19,6,6,15,32,5,19,41,17,6,5,13,-10,188
35,7,15,42,20,6,4,15,36,7,18,41,21,8,6,14,35,8,14,39,21,9,6,15,35,7,14,40,21,10,4,15,-8,196
35,7,16,42,20,6,4,14,37,7,19,41,21,8,6,14,34,7,16,40,20,7,4,14,39,7,15,46,24,7,7,13,-3,191
35,7,17,42,20,7,4,14,37,7,20,42,21,8,5,14,38,9,17,41,21,9,3,16,39,7,16,44,23,8,6,15,-8,216
35,7,17,41,20,7,4,13,36,7,19,43,21,8,5,14,36,9,11,40,21,7,6,13,37,8,12,43,24,8,4,11,16,182
35,7,17,42,21,7,5,14,35,8,18,42,21,8,5,14,35,5,14,39,22,8,3,13,35,9,17,41,23,7,6,14,5,185
36,7,17,42,22,8,4,14,36,8,16,44,23,8,5,15,36,7,15,43,21,7,6,15,38,5,16,46,22,8,4,14,5,221
36,6,18,40,22,8,4,14,38,8,15,42,25,8,6,14,38,8,17,40,22,6,5,13,40,8,17,43,24,7,4,11,-13,203
37,6,18,40,23,7,4,13,38,9,15,42,24,7,6,14,38,7,22,43,21,8,5,16,38,7,18,42,21,7,4,14,5,225
38,6,17,42,24,7,4,12,38,8,14,43,24,7,7,14,34,5,18,38,15,7,4,13,40,8,13,43,25,7,6,14,27,217
39,6,19,41,24,8,4,11,39,8,13,42,25,6,7,14,37,6,9,41,24,6,4,13,41,7,13,42,26,7,5,11,11,227
39,7,19,41,25,8,4,11,39,8,15,42,24,6,7,15,39,5,17,45,23,8,5,15,37,8,17,43,23,8,6,13,-8,214
40,7,18,39,25,9,4,12,39,8,14,41,24,7,7,16,35,5,19,37,22,7,3,16,41,7,13,36,27,9,6,14,-8,192
40,6,17,39,26,8,4,12,39,7,13,42,25,6,7,16,38,8,16,36,22,9,4,12,38,5,14,44,20,6,4,14,-1,191
40,5,18,38,25,8,4,11,39,7,15,41,24,6,7,16,37,7,17,39,20,5,5,15,37,7,19,39,25,9,4,12,5,205
37,7,10,41,23,9,4,13,35,6,14,49,19,8,4,17,34,8,11,44,23,7,6,16,35,5,20,45,21,7,5,14,1,201
37,7,12,41,23,8,3,14,35,6,15,47,19,8,4,17,36,5,18,42,18,10,4,14,33,7,21,38,19,7,4,16,11,197
37,8,12,40,24,8,4,13,34,7,16,46,19,8,4,17,34,7,17,40,16,9,6,13,38,10,18,47,26,6,7,15,3,185
37,8,13,39,24,9,4,13,35,7,16,47,19,8,4,17,35,8,18,39,18,9,2,14,38,7,19,37,22,8,7,16,-2,224
37,8,13,40,24,9,4,13,35,7,17,46,20,8,4,17,38,6,17,44,22,7,5,17,39,9,15,41,25,10,4,14,4,212
38,8,13,40,24,9,4,13,35,7,17,44,20,8,4,16,34,8,12,42,21,7,6,15,37,6,18,43,22,7,4,13,9,199
38,9,13,40,24,9,4,13,35,7,16,41,20,8,4,16,34,6,17,39,17,9,5,13,39,10,18,48,26,6,7,14,23,203
37,9,15,41,24,8,4,13,36,7,16,42,21,8,3,15,38,8,16,47,23,8,3,13,36,8,17,41,23,7,6,13,-22,208
37,9,15,41,24,9,4,12,36,7,16,45,21,8,4,15,36,6,22,41,20,7,8,15,36,7,15,40,23,8,3,13,-8,192
38,9,15,41,25,9,4,13,36,8,16,42,21,8,4,15,34,4,18,42,20,7,3,14,36,6,15,40,17,8,5,13,17,167
38,9,16,41,25,8,4,12,37,8,15,43,21,8,4,15,34,6,17,47,18,5,4,14,38,8,16,43,23,7,6,11,7,245
39,9,15,42,25,9,4,12,38,8,15,42,22,7,4,14,34,5,16,42,19,7,6,13,33,5,16,41,18,6,5,14,9,209
38,9,15,41,24,9,3,13,39,7,14,43,22,8,4,14,34,5,13,40,22,8,4,13,36,8,16,42,23,8,6,14,-8,170
38,9,15,41,24,8,3,13,38,7,13,41,23,8,4,14,34,5,17,40,23,8,5,15,38,7,15,39,22,7,6,15,8,198
39,9,14,41,25,8,3,13,38,7,13,40,23,8,4,13,34,7,18,41,19,7,4,15,39,7,13,36,23,9,4,13,14,204
38,9,14,41,25,7,3,13,39,7,12,41,22,8,4,13,36,8,16,39,22,8,5,13,39,6,15,44,22,8,5,13,-5,191
38,8,14,40,25,8,3,14,39,7,12,41,23,8,4,13,34,4,18,41,20,6,4,15,40,7,14,37,26,9,7,13,8,200
39,9,14,40,26,8,4,14,38,6,14,40,22,8,4,14,35,5,15,40,23,8,3,14,36,9,18,42,24,7,6,14,12,234
39,9,14,40,26,8,4,15,38,6,13,40,22,8,4,14,37,8,16,40,23,6,3,12,38,6,18,41,22,6,5,12,1,185
38,9,14,40,26,8,4,15,38,7,14,43,22,8,4,13,36,4,16,40,23,7,3,13,35,6,15,40,18,6,4,13,-17,169
38,9,14,40,25,7,4,15,37,6,14,40,23,8,4,12,35,4,16,40,21,8,4,11,36,6,14,37,23,6,4,12,11,195
37,9,14,39,25,7,5,15,38,6,13,41,24,8,4,13,36,6,18,41,19,6,4,15,38,7,17,38,26,8,4,13,-11,211
37,9,14,40,26,7,4,15,38,7,14,40,23,8,3,13,39,8,15,37,23,9,4,12,33,6,19,39,21,6,3,16,-13,193
38,9,14,41,27,6,5,15,38,7,15,41,23,7,3,13,34,5,18,37,18,9,2,14,42,9,15,45,26,7,5,15,14,230
33,4,18,42,18,10,3,14,36,7,18,43,22,7,6,16,39,7,16,40,24,7,5,15,38,5,15,43,22,8,5,13,-26,210
33,4,18,41,18,9,3,15,35,7,17,43,21,8,5,15,34,8,15,42,18,8,4,14,39,5,14,43,22,8,5,13,2,166
33,5,18,42,19,9,3,14,36,7,16,43,22,7,5,15,36,8,14,38,22,7,4,15,36,10,17,40,23,8,4,13,4,206
34,5,18,41,20,9,3,13,36,7,17,44,22,7,5,15,37,6,19,45,21,6,3,14,36,8,20,40,21,7,6,13,-4,198
34,5,17,42,20,9,3,14,36,7,17,44,21,7,5,15,34,9,23,45,16,8,5,16,38,8,17,40,22,7,4,13,-6,198
34,5,18,42,20,9,3,14,36,8,19,46,21,7,5,16,35,8,14,39,20,9,5,15,34,6,15,39,21,10,4,16,-5,195
34,5,18,43,20,8,3,13,35,8,19,48,21,7,5,15,33,5,19,46,18,5,4,14,36,7,16,42,21,7,5,10,-9,183
34,5,19,44,20,8,3,13,35,9,18,45,21,7,5,14,34,7,14,42,17,8,2,12,34,6,19,41,21,7,7,14,-3,171
35,5,18,44,22,7,4,13,36,9,17,45,22,7,4,14,36,5,14,44,23,5,4,15,35,5,17,40,20,8,4,11,8,202
35,6,17,44,22,7,4,13,36,9,15,45,22,7,4,13,37,6,16,42,21,7,4,17,38,9,20,45,25,12,5,14,-9,197
35,6,17,44,23,7,4,13,36,9,16,46,21,7,4,14,33,7,18,41,19,7,4,14,37,5,14,37,21,9,4,13,-2,228
36,7,17,44,23,7,4,13,36,8,17,47,22,7,4,14,37,7,23,43,20,9,6,14,36,8,16,39,23,7,3,15,2,200
36,6,16,45,22,7,4,14,35,8,18,46,21,7,4,14,35,9,11,40,22,7,6,14,37,8,13,45,23,8,4,12,10,176
37,6,17,45,23,7,5,14,36,8,17,44,21,7,4,13,38,6,13,41,24,5,4,14,38,5,18,39,24,7,5,11,29,211
38,6,17,44,24,7,5,14,36,7,17,44,22,7,4,14,34,4,19,41,21,6,4,15,41,8,14,37,26,9,7,12,13,215
38,6,16,44,23,6,5,13,35,7,16,43,22,7,3,14,34,4,19,41,22,7,3,14,36,6,15,40,17,7,3,12,13,159
39,6,16,44,23,6,4,14,35,7,15,41,22,7,3,13,36,5,16,39,20,8,4,12,38,7,18,46,23,6,6,15,-2,190
39,6,16,43,24,7,5,13,36,6,15,42,23,7,4,14,36,6,17,41,21,7,4,15,34,8,17,39,22,8,3,14,8,188
39,7,16,41,23,7,4,13,35,6,16,41,21,7,4,14,35,9,15,43,18,6,4,11,36,7,15,39,21,6,4,11,10,202
39,6,15,42,23,7,4,13,34,6,17,42,21,7,4,14,34,7,18,43,20,7,5,14,39,6,11,39,24,7,4,13,15,163
38,6,15,42,22,7,4,13,33,6,16,41,20,8,4,14,38,8,16,40,22,6,4,12,36,7,18,42,22,6,5,12,-8,184
38,6,16,43,23,7,4,14,34,5,17,41,21,8,4,14,40,7,17,43,24,9,6,15,39,9,17,41,25,8,6,15,6,232
36,4,20,36,28,8,3,14,36,8,15,42,23,8,5,16,31,6,20,38,19,7,2,13,35,6,22,43,23,7,5,14,18,196
37,4,19,34,26,8,3,13,37,8,15,41,24,8,5,16,37,6,16,38,23,9,5,16,37,5,15,39,22,9,6,13,-12,212
37,5,20,34,27,8,3,13,37,7,15,41,23,8,5,16,33,6,22,40,20,7,7,16,35,6,17,38,24,8,3,14,8,208
36,4,19,34,25,8,3,14,37,8,16,41,23,8,5,15,35,6,15,41,21,8,4,12,35,5,13,39,19,5,4,15,-12,178
36,4,19,34,24,9,3,14,35,7,17,41,22,8,4,16,33,7,16,41,18,8,4,14,39,5,15,41,21,9,5,14,18,174
37,4,19,35,24,8,4,14,35,7,17,42,21,9,4,16,34,5,17,44,22,8,4,15,36,6,15,38,21,7,4,12,10,198
37,4,18,35,25,8,3,14,34,6,17,40,20,8,4,15,35,5,12,39,19,8,5,12,35,7,12,41,22,6,5,13,13,171
38,4,18,35,24,9,3,13,35,6,18,40,21,8,4,15,35,6,18,41,20,7,5,17,37,6,21,42,22,11,4,14,2,232
38,5,18,35,24,9,4,13,35,6,17,41,19,7,4,15,33,7,15,41,17,8,2,13,35,8,19,39,22,7,6,14,12,194
38,5,17,36,23,10,4,14,35,6,17,42,20,8,3,16,35,5,16,41,20,9,7,14,36,5,18,46,23,9,4,16,-5,193
37,5,17,36,22,10,4,14,36,6,17,41,20,8,3,15,36,4,16,42,21,8,5,14,34,7,17,37,21,8,6,14,-10,176
37,5,16,38,22,10,4,14,34,5,17,42,19,8,4,16,34,5,16,41,19,7,6,13,35,5,15,40,19,6,6,14,19,169
37,5,15,38,22,10,4,14,33,5,16,43,19,8,4,16,38,5,14,40,23,6,4,13,40,6,17,45,22,7,5,12,8,166
38,5,14,38,22,10,4,14,34,5,16,42,19,8,3,16,38,9,15,40,21,9,2,16,39,7,15,43,22,9,6,15,12,194
38,6,14,39,23,9,5,13,34,5,15,41,19,7,3,15,34,4,19,42,17,7,5,12,39,9,13,44,26,7,8,12,11,189
37,6,13,38,23,10,5,13,34,5,16,42,18,7,3,15,36,5,16,42,18,6,4,13,37,6,14,39,25,6,5,12,-12,168
37,5,14,39,22,10,5,13,34,5,17,42,19,7,3,16,36,4,20,40,22,7,3,14,36,6,16,39,17,7,3,12,-1,199
36,5,14,39,21,9,5,13,33,5,17,43,17,6,3,15,36,10,15,43,18,7,4,11,35,6,16,41,20,7,4,12,-3,175
36,5,14,41,21,9,5,13,33,5,17,44,18,6,3,16,37,7,15,39,21,8,5,13,35,8,17,44,22,7,3,14,2,198
36,5,14,40,21,9,5,13,32,5,17,43,17,7,3,16,35,5,16,39,19,8,4,13,37,7,18,44,22,6,6,15,18,180
37,4,14,42,22,9,5,13,33,5,16,44,16,7,3,16,38,7,11,39,24,5,3,13,42,8,14,42,27,7,5,10,13,181
37,5,15,40,22,9,4,14,34,5,16,43,18,7,3,16,35,6,18,40,21,8,4,15,35,9,17,40,22,8,3,15,2,210
38,5,16,40,22,8,4,13,34,5,16,43,17,7,3,15,37,7,15,42,20,6,4,13,41,7,12,44,23,9,5,13,21,211
38,6,17,41,24,9,5,13,36,5,16,45,17,7,4,16,40,5,17,47,23,8,6,15,37,9,16,43,23,8,6,14,4,232
37,5,16,41,23,9,4,13,35,5,16,46,17,6,4,17,36,4,15,40,22,7,3,13,36,5,15,42,19,6,5,12,2,140
38,8,17,35,19,9,5,14,37,5,22,41,20,9,3,17,33,4,19,43,21,8,5,15,36,8,13,36,20,7,4,11,8,198
37,8,17,36,19,8,5,15,37,6,21,41,20,10,3,16,34,7,13,40,19,9,5,13,36,5,21,49,21,7,8,14,-19,179
37,7,17,37,18,8,4,14,36,5,21,42,20,9,3,16,34,6,18,38,19,5,6,13,38,6,21,45,23,8,6,11,18,166
37,7,16,38,18,8,4,14,35,5,21,42,20,9,3,16,42,9,16,43,26,7,5,14,39,6,15,40,20,8,5,12,8,188
37,7,15,38,19,8,5,14,35,6,19,41,20,9,3,15,35,9,16,39,20,5,5,14,37,9,16,38,24,8,7,11,1,189
37,8,15,40,19,8,5,13,35,5,19,42,20,8,3,15,39,5,18,41,22,7,5,13,37,9,20,43,23,8,5,13,8,194
36,8,16,41,19,7,5,14,35,5,17,42,20,9,3,14,37,5,13,36,22,8,5,14,38,7,18,43,22,7,5,13,3,189
37,8,15,42,21,6,5,14,35,5,17,42,21,8,3,13,34,7,15,39,20,6,4,14,39,7,17,45,25,8,7,12,18,200
36,8,15,41,21,7,5,13,34,5,15,41,21,8,3,13,36,6,12,39,20,6,4,11,36,6,17,41,22,6,4,12,4,174
37,8,15,42,23,6,5,13,35,6,15,41,22,7,3,12,38,5,14,42,25,5,4,14,36,5,18,40,21,7,4,11,6,244
36,7,17,44,22,7,4,13,36,6,14,41,22,7,3,12,36,8,15,39,21,7,5,14,36,7,16,43,22,8,4,12,2,182
36,7,17,43,22,7,4,12,35,6,14,41,22,6,3,13,37,7,22,44,20,8,6,15,35,8,16,40,21,7,4,14,-4,170
36,8,16,44,22,6,5,13,36,6,14,40,22,7,3,12,36,6,16,38,18,8,4,12,36,7,20,44,23,7,6,16,-5,181
35,8,18,44,22,6,5,14,36,6,15,42,23,7,3,12,35,6,16,44,20,8,7,15,36,5,16,47,22,9,4,15,-6,214
35,8,19,45,22,6,4,14,37,5,15,41,23,7,3,12,33,6,10,42,21,6,4,16,36,7,15,47,21,8,5,12,-3,193
36,7,17,44,23,6,4,15,36,6,15,38,22,8,3,12,34,5,15,42,19,7,6,15,36,5,13,39,20,7,5,13,20,180
36,7,17,43,23,6,4,14,36,6,15,40,22,7,3,13,35,7,19,41,22,9,4,14,34,8,18,41,21,8,3,15,1,201
36,7,17,42,22,6,4,14,37,6,15,41,23,7,3,13,38,7,16,42,22,7,4,13,38,9,20,45,24,9,6,14,2,210
36,8,18,43,23,6,4,14,37,7,16,39,23,7,3,12,35,6,16,36,23,10,4,13,38,7,15,40,23,7,6,16,6,204
35,7,19,42,21,6,3,15,36,6,16,41,23,8,3,13,37,4,15,42,24,7,4,16,39,6,15,40,23,7,4,13,-4,200
36,7,18,40,20,9,6,13,34,5,16,41,18,7,5,15,38,5,14,48,21,7,5,17,38,8,16,41,24,10,6,12,-5,189
36,6,18,38,20,9,5,13,34,6,16,38,17,7,5,15,35,8,17,39,18,9,1,14,38,7,18,38,23,7,7,16,6,162
36,6,18,39,21,9,5,13,33,6,16,38,17,7,5,16,33,6,18,38,20,6,3,13,37,7,20,43,23,7,5,13,21,185
36,6,18,39,20,9,5,13,32,5,16,39,16,7,5,16,33,5,17,41,20,5,5,15,36,7,18,43,20,8,5,12,12,168
36,6,19,40,20,9,6,13,33,5,16,38,17,7,5,16,37,6,15,38,22,8,6,14,39,8,18,43,23,6,6,13,10,206
36,6,18,39,19,9,5,14,32,6,17,38,17,7,4,16,36,8,13,39,22,9,5,15,33,6,16,39,20,10,5,17,-10,176
35,6,17,40,19,9,5,15,32,5,17,38,17,8,4,16,36,3,18,42,22,7,3,14,35,5,15,40,17,7,5,13,9,151
35,5,17,42,19,9,5,15,32,5,16,38,16,8,4,16,36,5,15,40,20,9,8,14,36,6,17,45,23,8,4,16,10,170
35,5,17,42,20,10,5,15,31,5,16,38,16,8,4,17,36,5,17,40,21,7,5,18,37,7,21,43,24,12,4,14,10,174
35,4,17,42,20,10,5,15,32,6,15,38,16,8,5,17,36,6,13,39,20,6,5,11,36,7,16,41,22,5,4,12,-10,188
35,4,15,44,19,10,5,14,31,5,15,39,16,8,5,17,39,5,16,44,22,7,5,14,36,7,18,45,21,8,5,12,9,153
35,4,15,45,19,10,5,14,31,5,14,39,17,8,5,17,35,7,15,41,20,7,4,14,38,8,16,41,24,8,4,13,-2,170
35,4,15,44,18,10,5,14,32,6,14,39,18,8,5,17,37,9,17,40,23,8,5,14,39,6,17,44,23,9,6,13,3,199
34,4,14,44,18,9,5,14,33,6,15,39,19,8,5,15,36,6,19,41,22,10,5,12,34,7,16,43,20,7,4,15,-26,172
33,4,13,44,18,9,5,14,32,5,14,40,18,8,6,15,34,5,16,39,18,7,5,13,38,7,17,47,23,6,7,14,16,154
34,4,13,44,18,9,5,14,32,6,13,39,18,8,6,16,34,5,15,43,20,7,7,15,35,5,13,38,19,7,5,13,-1,163
35,3,12,45,19,9,5,13,32,6,14,39,18,7,7,16,38,8,17,39,21,8,5,14,43,8,13,44,25,8,6,15,13,199
36,3,11,43,19,9,5,13,32,6,14,38,18,7,7,16,35,7,16,42,19,7,4,15,40,7,10,38,23,8,4,13,24,178
36,3,11,43,18,8,5,13,32,6,15,38,18,7,8,15,36,6,16,43,19,6,5,12,37,6,13,39,24,7,5,11,-8,174
36,3,11,45,18,8,5,13,32,6,13,38,18,7,6,15,34,6,12,43,22,7,4,16,36,5,14,45,21,8,5,13,9,161
36,3,12,42,18,8,5,14,33,6,14,38,18,8,6,15,36,5,15,42,22,6,4,15,39,5,16,42,21,7,4,12,-6,186
36,3,12,42,19,8,4,14,33,5,14,36,18,7,5,15,38,8,16,40,23,5,4,14,41,9,17,45,26,7,5,11,6,192
37,4,12,43,20,8,4,14,33,5,14,36,18,7,5,15,34,4,20,38,21,7,4,15,42,7,14,38,27,8,7,13,17,193
38,4,13,41,21,7,4,14,33,5,14,36,18,7,5,16,34,4,16,36,17,9,3,14,39,7,15,44,24,7,5,16,7,209
38,4,13,42,21,7,4,14,34,5,13,35,19,7,5,16,36,5,9,41,23,6,4,13,40,7,14,43,26,7,5,11,6,170
35,7,18,47,21,7,7,16,34,6,14,38,19,9,4,12,35,6,17,38,23,9,6,16,37,5,15,42,23,10,6,14,-2,166
36,7,18,47,22,7,7,15,35,6,13,38,20,8,5,12,38,6,14,41,22,8,8,12,42,8,18,46,26,5,6,13,12,216
37,7,18,46,22,7,6,15,36,6,12,38,22,8,4,13,38,9,18,46,24,8,3,18,40,7,18,37,21,10,5,13,11,227
36,7,19,47,21,7,6,15,35,6,13,40,21,8,4,13,32,5,15,46,18,5,6,17,33,5,17,43,19,9,5,11,-2,156
37,8,18,47,22,8,6,15,35,6,13,40,21,8,4,13,39,6,16,44,21,7,5,16,40,9,16,40,25,10,5,13,19,225
37,8,19,47,23,7,6,14,36,6,13,40,22,7,4,14,34,4,14,43,22,5,5,14,36,5,16,43,21,8,5,13,-10,216
37,8,19,47,23,7,5,14,38,6,13,41,23,8,4,13,37,7,19,43,23,8,7,14,39,7,18,42,22,8,6,14,-7,227
37,9,19,46,23,7,6,13,38,7,13,42,24,8,5,12,34,7,16,40,18,8,6,12,38,10,18,48,25,6,8,13,1,201
37,8,18,45,23,6,6,13,39,7,13,42,24,8,5,12,36,12,14,39,19,8,4,11,36,7,18,42,21,5,4,13,6,194
38,8,19,45,24,6,5,12,39,6,14,43,24,7,5,12,35,6,17,39,20,8,5,14,39,8,15,42,25,8,4,14,17,191
37,8,19,46,23,6,5,12,38,7,14,44,24,7,5,12,36,6,12,41,21,6,4,11,36,6,18,42,21,6,4,11,-4,202
36,8,19,46,23,5,6,12,38,7,15,44,25,7,5,11,39,5,15,45,23,7,5,13,35,8,18,44,22,7,6,13,-7,217
37,8,19,47,23,6,6,12,39,7,15,45,25,7,5,11,37,7,23,44,21,9,6,15,36,8,15,40,22,7,4,14,-15,217
38,9,18,45,25,6,6,13,40,7,14,44,26,7,5,11,35,7,15,38,18,8,3,13,36,7,19,44,24,7,6,16,20,206
38,8,18,45,25,5,6,12,40,7,14,45,25,7,5,11,34,6,17,41,20,9,6,14,37,5,15,47,23,8,4,15,16,192
37,8,18,45,25,5,6,13,39,6,14,44,24,8,5,10,37,8,15,38,22,8,5,12,35,8,16,44,22,7,3,14,-9,189
38,8,17,45,25,5,5,13,38,6,13,44,23,8,4,10,34,5,17,36,23,9,4,14,38,7,14,39,23,7,6,16,18,186
38,8,16,44,26,5,5,14,38,5,14,42,23,9,4,10,37,7,23,43,21,8,5,15,38,7,17,43,20,7,4,14,9,201
39,8,16,45,27,5,5,14,38,5,15,41,23,9,4,10,36,7,16,43,20,6,4,12,37,7,13,41,24,7,5,12,5,217
38,8,16,45,26,6,5,15,38,5,15,42,23,9,4,11,36,4,14,40,23,6,4,16,39,6,15,41,22,8,4,13,6,176
38,9,15,44,27,6,4,16,39,6,15,41,23,9,4,11,37,7,14,41,21,9,5,15,35,8,16,37,22,8,3,14,-24,226
39,8,16,44,27,6,3,15,38,6,15,40,22,9,4,12,36,6,17,41,24,7,3,13,36,8,21,44,23,7,5,13,14,212
39,8,17,44,26,7,3,15,38,6,14,40,22,9,4,12,36,7,14,38,22,5,4,15,42,6,14,41,25,7,4,10,4,218
38,8,15,41,21,9,5,12,35,7,20,42,21,6,6,18,34,4,15,41,21,5,4,14,37,5,15,42,22,7,6,13,11,183
38,8,16,44,21,9,5,12,37,7,19,43,22,5,6,16,38,6,17,40,23,8,5,15,38,5,15,43,23,8,6,13,-5,217
38,8,16,43,22,8,5,12,37,7,19,42,23,5,6,16,37,6,14,39,21,7,7,13,39,8,18,43,25,6,5,13,4,198
38,7,15,41,21,9,5,12,36,7,20,42,22,5,6,16,34,7,16,41,20,7,4,13,36,5,13,38,19,6,3,13,-6,182
38,8,15,42,21,9,4,12,35,6,20,41,22,5,5,16,35,5,18,40,20,7,5,17,37,7,20,42,22,11,4,14,21,169
38,8,15,43,22,8,5,11,34,6,20,41,21,5,5,16,36,8,18,44,21,8,3,17,41,7,17,42,25,9,7,13,7,199
38,8,15,41,23,8,5,11,34,6,21,40,20,5,4,15,33,5,18,45,18,5,5,14,36,8,16,42,22,7,5,11,6,188
37,8,16,40,23,8,5,11,35,6,20,41,21,5,3,14,37,4,14,43,23,5,4,15,35,4,17,38,20,8,4,12,3,183
38,7,16,41,25,9,5,10,34,6,20,40,20,4,3,15,35,7,16,40,20,8,4,14,39,8,15,41,25,8,4,14,23,181
36,8,16,40,23,8,5,10,34,5,18,40,20,4,2,14,35,6,17,40,20,7,5,14,38,7,17,45,23,7,6,14,-9,201
36,8,16,38,24,8,5,11,34,5,19,41,20,5,3,15,37,7,22,41,21,8,7,15,36,8,16,38,23,8,3,14,-12,196
36,7,15,37,24,8,4,11,33,4,19,39,19,5,3,15,36,6,11,42,21,7,5,13,37,6,18,45,21,8,4,12,18,162
36,8,15,38,24,8,4,11,32,4,19,40,18,5,2,15,34,4,19,42,17,7,5,12,40,10,14,45,25,7,8,12,21,177
36,8,16,39,25,8,4,11,33,4,18,39,19,5,3,14,34,6,17,39,20,9,7,15,37,5,15,46,23,9,4,15,-11,203
36,7,17,39,25,8,4,11,34,4,19,40,20,5,3,14,35,4,20,40,22,7,3,13,35,6,16,39,17,7,3,12,-2,212
37,7,16,38,24,8,3,12,35,4,18,40,20,5,3,14,39,9,18,41,21,8,4,14,42,9,15,43,25,8,4,14,5,211
37,6,15,38,24,8,3,13,35,4,18,38,20,6,3,14,36,6,18,38,18,8,4,13,38,7,19,45,24,7,5,16,-1,197
38,6,16,39,25,8,3,13,36,5,18,39,20,6,4,14,38,8,17,41,22,6,4,12,39,8,18,44,24,7,4,11,-12,216
37,7,15,40,24,7,4,13,36,5,19,39,19,6,4,14,34,6,18,40,20,8,4,14,35,8,16,41,23,8,3,14,25,171
37,6,15,40,24,7,3,13,36,4,18,38,19,6,4,13,37,7,14,37,21,9,5,12,33,6,18,42,20,7,3,15,-15,185
37,5,16,41,23,8,3,13,35,4,19,39,19,6,4,13,35,5,16,40,23,8,3,14,35,9,18,42,23,8,5,15,-4,194
37,6,16,41,23,8,3,13,36,5,19,38,19,6,4,13,36,6,18,39,19,5,5,15,38,7,16,38,26,8,4,13,13,191
37,6,18,39,23,8,3,13,37,5,19,39,20,6,4,14,39,5,16,47,23,9,6,16,38,9,15,42,24,9,7,15,1,217
36,6,18,40,22,8,3,13,36,5,19,40,19,6,5,13,36,4,16,42,22,8,4,11,36,7,14,39,23,6,5,13,-6,170
36,7,18,38,21,8,3,13,36,5,18,40,18,6,5,14,34,8,18,43,17,6,5,12,37,7,17,40,21,6,4,12,2,198
32,8,16,41,18,8,5,11,36,6,15,48,23,7,6,15,37,7,16,41,20,7,8,14,40,6,17,43,24,8,6,12,6,192
32,8,15,42,20,8,6,11,35,6,14,47,22,6,5,15,36,7,17,40,18,9,1,15,39,7,17,40,25,8,8,16,7,165
33,8,15,42,20,8,6,10,35,6,15,47,22,6,5,14,32,6,20,39,20,6,3,12,36,7,21,43,23,6,6,13,8,204
35,8,14,42,22,8,6,11,36,6,17,47,22,6,5,14,34,6,24,41,20,7,7,15,36,6,16,39,25,7,3,14,-7,225
35,8,15,40,22,7,6,11,36,5,17,46,22,6,5,14,38,6,15,41,22,7,7,12,41,8,18,44,25,5,6,12,3,205
35,8,16,40,22,7,5,11,36,5,17,45,22,6,5,14,34,7,19,41,20,7,5,16,37,5,20,46,20,10,5,12,2,198
35,7,15,39,22,7,4,11,37,6,18,45,23,6,4,13,34,5,18,44,22,7,5,15,35,7,15,37,21,7,4,11,-17,193
36,7,15,39,22,8,5,11,37,6,18,45,23,6,4,14,36,5,17,40,22,7,4,13,37,5,19,42,21,7,4,12,1,189
37,6,15,41,22,7,5,10,36,5,19,44,23,6,4,13,32,5,18,43,19,6,5,15,36,7,17,42,21,8,5,12,7,201
39,6,13,41,23,7,5,11,36,5,19,43,22,6,4,13,37,3,19,43,23,7,4,14,36,5,15,39,17,7,5,13,-7,185
39,6,13,41,23,7,5,12,36,6,20,43,22,7,4,13,35,10,22,44,17,8,5,15,38,8,16,41,22,7,4,13,-13,209
40,6,12,42,24,7,5,12,36,7,19,41,23,7,4,13,34,8,14,39,20,8,5,16,35,6,13,40,21,10,4,15,19,179
39,6,11,41,23,7,4,12,36,7,19,42,23,8,3,14,34,7,18,41,19,7,4,15,38,6,13,35,22,8,4,13,-20,198
39,5,12,40,23,7,4,12,36,7,18,42,23,7,3,14,38,9,16,41,21,9,2,16,38,7,16,42,22,9,5,14,7,207
39,6,11,41,23,7,4,12,37,8,17,42,22,7,3,14,36,6,14,41,19,6,4,13,37,7,15,40,25,6,5,11,-12,210
40,5,9,40,24,7,4,12,37,9,16,43,23,7,3,15,35,8,18,39,22,5,4,12,38,6,20,42,22,7,6,11,7,209
41,5,9,41,24,6,5,12,36,8,17,43,22,7,3,15,36,7,16,38,22,8,4,14,38,5,15,45,22,8,5,13,-5,175
41,6,8,38,24,6,5,12,35,7,17,43,22,7,3,14,34,9,15,42,18,6,4,12,36,6,16,40,20,6,4,12,17,177
41,6,8,37,24,6,5,12,36,8,16,42,23,7,3,15,35,4,16,40,21,8,4,13,35,7,14,36,23,7,4,13,-3,203
41,6,8,36,25,6,4,12,36,8,15,43,22,7,3,15,33,6,12,45,22,6,5,15,37,6,14,47,21,7,6,12,8,176
40,5,9,37,25,6,4,12,35,7,15,43,22,7,3,15,35,4,16,39,19,8,4,13,37,6,18,45,22,6,5,15,9,169
39,5,9,37,24,6,4,12,35,6,15,43,22,6,3,15,37,6,10,40,24,6,3,12,42,7,12,43,28,7,5,11,17,139
39,4,9,39,24,6,5,12,34,5,15,44,22,7,3,14,35,6,14,42,19,7,6,14,37,5,14,39,22,8,4,13,-19,157
38,4,8,41,24,6,5,12,33,5,15,44,21,6,4,13,32,5,18,37,16,6,4,12,40,7,13,44,25,6,5,12,11,163
38,4,8,42,24,6,4,12,33,5,15,42,22,7,4,13,36,6,14,42,21,8,4,15,34,8,17,38,21,8,3,14,-17,197
