42,8,21,39,25,10,3,15,114,34,8,18,36,18,8,3,17,95,35,2,17,44,19,4,4,13,92,36,5,21,43,19,6,4,10,99,11,185
41,8,20,40,24,9,3,14,112,34,8,17,35,18,8,3,17,94,38,6,16,41,20,9,5,11,99,35,4,16,45,18,6,5,14,91,21,205
42,8,19,42,24,9,4,13,112,34,8,16,35,18,8,3,15,93,34,5,14,40,19,8,3,15,87,35,6,18,44,21,9,6,16,95,-9,173
39,7,21,41,22,8,4,14,108,34,7,17,35,18,8,3,15,93,34,6,19,42,19,7,4,16,94,37,6,16,40,22,8,5,13,97,7,177
39,7,21,40,21,8,4,15,106,34,7,17,35,18,8,3,16,92,33,6,19,42,20,9,4,15,93,33,6,17,42,18,8,6,16,91,10,188
38,6,21,40,21,8,4,14,105,33,8,16,35,18,8,4,16,92,38,6,16,43,23,7,6,16,99,36,5,14,36,20,9,4,13,92,4,190
38,6,22,41,21,8,4,14,105,33,8,16,36,18,8,4,16,92,35,3,15,42,19,7,4,16,88,33,6,19,38,19,8,5,14,93,14,204
38,6,21,41,21,8,4,14,105,34,7,16,36,18,8,3,16,92,32,5,15,41,20,6,4,15,85,34,6,18,41,20,7,5,11,94,6,184
38,6,22,40,20,8,4,14,104,34,7,16,36,18,8,3,16,92,34,6,18,42,18,7,4,16,93,36,6,17,38,21,8,5,13,96,16,198
38,6,22,41,20,8,4,14,104,34,7,16,36,18,8,3,16,92,31,10,16,42,20,6,4,15,90,34,5,16,41,19,7,4,13,90,12,168
38,6,21,41,20,8,4,14,103,33,7,16,36,18,8,3,15,91,34,5,16,42,17,8,4,14,90,39,6,17,47,22,8,6,13,102,12,228
38,6,21,41,21,8,4,14,104,34,8,16,37,18,8,3,15,92,34,7,18,40,20,9,3,15,93,34,5,17,41,18,8,6,16,92,14,190
38,6,21,41,20,8,4,14,104,33,8,16,37,18,8,3,16,92,34,9,17,38,20,7,3,15,94,37,5,18,42,23,8,5,14,98,30,186
39,6,20,41,21,8,4,14,104,33,8,15,36,17,8,3,15,91,35,7,12,40,20,8,4,13,91,34,6,15,44,21,7,5,15,90,3,175
38,6,20,41,21,8,4,14,103,33,8,15,36,17,8,3,16,90,33,6,20,43,18,8,4,13,93,34,6,17,43,20,6,5,14,92,2,184
38,5,20,41,20,8,5,14,103,33,7,15,36,17,8,3,16,90,32,10,15,42,20,5,4,14,91,35,6,15,42,19,7,4,12,92,10,172
38,5,20,41,20,8,5,14,102,33,8,15,36,17,8,3,16,90,36,6,14,41,22,7,5,14,93,37,5,17,44,22,8,5,14,98,4,194
38,5,20,41,20,8,5,14,102,33,7,15,36,17,8,3,16,90,35,7,14,40,21,8,5,14,92,35,6,17,42,20,8,4,13,94,21,191
38,5,20,41,21,8,5,14,102,33,7,15,36,18,8,3,16,90,37,5,13,41,20,8,5,11,93,34,5,17,44,19,5,5,13,92,6,192
38,5,20,41,20,9,5,14,102,33,7,15,36,18,8,3,16,90,36,6,21,43,16,6,7,16,99,37,6,16,40,20,7,4,13,97,5,191
37,5,21,41,20,9,5,14,102,33,7,15,36,17,8,3,16,90,36,4,15,39,20,9,4,13,91,35,6,17,40,21,7,5,16,94,-15,179
37,5,20,41,20,9,5,14,101,34,7,15,36,18,8,3,16,90,34,4,16,38,18,6,4,13,88,36,6,16,41,22,7,6,13,96,23,173
37,5,20,41,20,9,5,14,101,33,7,15,36,17,8,3,16,90,34,5,15,36,23,7,5,14,90,34,5,18,42,20,8,5,14,94,-8,222
37,5,20,41,20,9,5,14,101,34,7,15,37,17,8,3,15,91,34,4,14,38,19,6,4,14,87,39,6,16,44,23,8,5,13,102,23,187
37,5,20,41,20,9,5,13,101,34,7,15,37,17,7,3,15,90,33,5,16,41,19,6,4,15,89,34,5,20,40,20,7,5,12,95,24,168
38,5,20,41,20,9,5,13,101,33,7,15,36,17,7,3,15,90,38,6,14,44,22,7,5,14,97,35,4,14,39,20,8,4,12,88,11,155
37,5,19,41,20,9,5,13,101,33,7,15,37,17,7,3,15,89,35,5,16,40,18,7,6,14,92,37,6,18,44,23,7,4,13,100,-2,170
37,5,19,41,20,8,5,14,100,33,7,15,37,17,7,3,15,89,37,7,14,39,21,7,3,14,96,38,5,17,41,21,7,4,14,100,9,185
33,3,15,45,17,6,6,12,86,33,6,19,40,19,5,8,11,91,32,5,20,41,18,10,5,15,91,37,5,18,45,22,8,5,17,98,-7,161
33,3,16,44,17,6,6,13,85,33,6,18,39,19,6,7,12,90,32,2,12,40,17,11,4,15,80,35,6,16,46,20,8,7,17,93,-6,180
33,3,15,43,18,6,6,13,85,33,6,17,39,20,6,6,12,90,33,5,15,40,20,9,5,14,87,32,6,17,41,19,8,3,15,90,-2,164
32,3,16,43,17,7,5,13,85,33,5,17,40,19,6,6,12,90,38,5,13,39,21,6,3,12,95,40,9,14,40,21,6,5,12,104,-2,206
33,3,16,42,18,7,6,13,86,34,5,17,39,20,6,6,12,91,33,11,17,40,21,7,4,15,95,34,5,18,39,18,7,3,14,93,26,160
34,3,15,42,18,7,5,13,87,33,5,16,38,20,6,6,13,89,36,6,13,41,21,7,4,13,92,35,6,15,43,22,7,5,14,92,-22,166
33,3,15,42,18,7,5,13,86,33,6,16,38,20,7,6,13,89,34,5,13,41,19,7,5,15,87,36,5,17,47,24,8,4,14,96,-17,223
34,4,15,41,19,7,5,13,87,34,6,17,38,20,7,6,12,91,32,5,16,41,15,8,4,15,87,40,6,15,47,23,9,6,14,102,-8,192
34,4,15,41,19,7,5,13,87,34,6,17,38,20,7,6,12,92,38,6,16,42,23,7,5,15,99,36,4,14,37,20,8,4,12,92,-23,157
33,3,15,41,19,7,5,13,86,34,6,16,39,20,7,5,12,92,34,5,17,41,20,8,5,14,90,34,5,19,42,20,8,5,14,94,-8,180
33,3,15,41,19,7,5,14,86,34,6,17,39,21,7,6,12,92,36,3,17,40,21,7,5,13,94,37,6,21,42,21,7,5,13,102,6,166
33,3,15,41,19,7,5,13,86,34,6,16,39,20,7,6,13,91,32,5,15,41,19,6,4,15,86,34,6,19,40,19,7,5,12,94,-11,179
33,3,15,41,19,7,5,13,86,34,6,17,39,20,7,6,12,91,35,6,14,41,21,8,5,15,91,33,6,17,41,20,9,4,14,91,5,189
33,3,15,41,20,7,5,13,86,34,6,16,38,21,7,6,12,91,33,6,20,43,17,8,4,13,93,34,6,17,42,20,7,5,14,93,-18,186
33,3,15,41,20,7,5,13,86,34,6,16,38,21,7,6,12,92,33,4,13,38,19,6,5,14,85,39,6,16,45,22,8,6,13,103,-2,144
33,3,15,41,20,7,5,13,85,34,6,16,39,20,7,6,13,91,34,5,18,45,19,5,5,13,92,37,6,16,42,20,7,4,10,97,-6,208
34,3,14,41,20,7,5,13,86,34,6,16,39,21,7,6,13,92,35,5,16,40,17,7,6,14,92,39,7,18,46,24,7,4,13,103,-10,188
34,3,14,40,20,7,5,13,86,34,6,16,39,21,7,6,13,92,36,7,15,39,20,8,6,13,96,36,6,19,47,21,7,4,14,99,-9,193
34,3,14,40,20,7,5,13,86,34,6,16,39,21,7,6,13,92,36,8,16,42,19,7,4,12,96,35,7,19,39,20,5,5,12,97,7,187
34,3,15,40,20,7,5,14,87,34,6,16,39,21,7,6,13,92,37,7,15,39,21,7,4,12,98,39,7,14,42,20,6,5,12,100,-3,175
34,3,15,40,20,6,5,14,87,35,6,16,39,21,7,6,12,92,38,6,20,42,22,8,4,14,104,39,8,16,40,23,7,6,14,103,2,186
34,3,15,40,21,6,5,14,87,35,6,16,39,21,7,6,12,92,36,7,20,43,19,6,4,14,100,39,6,17,44,21,8,6,12,102,9,189
34,3,15,41,21,6,5,14,87,34,6,16,39,21,7,6,12,92,36,5,18,45,19,5,5,13,95,38,6,15,41,21,7,4,10,99,-2,184
34,3,15,40,21,6,5,13,88,34,6,16,39,21,7,6,12,92,36,5,16,42,18,8,4,14,95,39,6,18,47,23,7,6,14,104,9,201
34,3,15,41,21,6,5,14,88,34,6,16,39,21,7,6,12,92,38,3,17,42,22,8,5,13,97,37,6,21,42,22,7,5,13,102,11,181
34,3,15,40,21,7,5,14,88,34,6,16,38,21,7,6,12,92,36,4,15,40,20,9,4,13,92,35,6,17,40,21,7,5,16,94,13,163
34,3,15,40,21,7,5,14,88,34,6,16,38,21,7,5,12,91,37,7,14,39,21,7,3,14,96,38,6,17,40,21,7,4,14,100,6,204
34,7,21,39,22,10,2,14,96,34,6,19,42,17,9,3,17,93,34,5,15,39,20,8,3,14,88,35,4,19,46,22,8,7,17,96,26,178
34,7,20,39,22,10,3,14,97,33,5,18,41,16,9,2,17,91,32,4,18,40,13,8,4,15,88,42,4,15,47,24,9,6,14,105,39,159
35,7,19,41,21,10,3,14,97,31,5,18,42,16,9,2,17,87,35,6,13,39,19,6,5,14,90,36,5,16,46,24,7,3,14,95,6,180
34,7,19,41,22,10,3,14,97,31,5,18,43,16,9,2,17,87,32,6,21,42,17,8,3,15,93,34,5,17,45,18,8,6,14,92,-15,195
35,7,18,42,22,10,3,14,96,32,5,19,44,17,9,3,17,89,35,3,16,42,21,9,5,12,90,34,7,23,42,22,8,5,15,100,15,217
36,7,18,42,22,9,4,13,98,32,5,19,42,17,9,4,16,90,37,5,13,36,21,6,3,12,94,40,7,13,40,21,6,5,12,102,1,201
36,7,17,43,21,9,4,13,98,33,6,18,43,17,8,4,15,91,35,6,22,43,16,6,6,15,98,36,5,16,42,20,7,5,13,96,-9,181
36,7,17,43,21,9,5,13,97,33,6,18,45,17,9,4,15,91,33,6,20,42,18,8,4,14,93,34,6,17,42,19,7,5,14,92,-11,185
36,7,17,43,21,9,5,13,96,33,6,18,45,18,9,4,15,91,34,5,17,41,20,8,5,14,90,34,5,19,41,20,8,5,15,93,3,191
36,7,16,44,21,9,5,14,96,33,6,18,45,17,9,4,15,91,36,7,17,43,20,7,4,12,97,35,5,20,37,20,5,4,11,97,4,188
36,7,17,43,21,9,5,14,96,33,6,18,45,18,9,4,15,91,39,7,21,41,22,9,4,15,107,39,8,14,40,22,8,6,16,102,18,186
36,7,17,44,21,9,5,13,97,33,6,18,45,17,9,4,15,91,34,5,15,35,21,6,6,16,89,34,5,20,42,19,9,6,14,94,16,162
36,7,16,44,21,9,5,13,96,33,6,17,45,17,9,4,15,90,34,4,16,44,18,5,4,13,90,36,6,17,42,20,7,4,9,96,-5,187
36,7,16,44,21,9,5,13,96,33,6,17,45,17,9,4,15,90,33,9,16,37,19,7,4,14,93,37,6,17,42,23,8,5,14,98,-1,185
36,7,16,44,21,9,5,13,96,33,6,17,45,18,9,4,15,90,35,3,17,40,21,8,5,13,92,36,6,21,42,21,7,6,14,101,6,198
36,7,16,44,21,9,5,13,96,33,6,17,45,17,9,4,15,91,34,7,18,40,19,9,3,16,94,35,5,17,42,19,8,6,16,94,10,180
35,7,17,44,21,9,5,13,96,33,6,17,45,18,9,4,15,90,35,5,15,40,17,7,6,14,92,38,7,18,46,24,7,4,13,103,9,205
36,7,17,44,21,9,5,13,96,33,6,17,45,18,9,4,15,91,33,4,13,38,19,6,5,14,85,39,6,16,45,22,8,6,13,101,5,197
36,7,17,44,21,9,5,13,96,33,6,17,45,18,9,4,15,91,37,7,15,40,21,7,4,12,98,39,6,14,42,20,6,5,12,100,7,205
36,7,17,44,21,9,5,13,97,33,6,17,44,18,8,4,15,91,35,5,18,43,19,5,5,13,93,37,6,16,42,21,7,4,10,97,-16,202
36,7,17,44,21,9,4,13,97,34,6,17,44,18,8,4,15,92,36,6,15,39,21,7,4,14,95,38,6,17,39,21,7,4,13,101,9,171
36,7,17,44,21,9,4,13,96,34,6,16,44,18,8,4,15,91,36,7,16,43,19,7,4,12,96,35,7,20,39,20,5,5,12,97,-19,169
35,7,16,44,20,9,4,12,96,34,6,16,44,18,8,4,14,91,36,3,15,39,20,10,4,13,91,35,6,18,40,21,7,5,16,94,10,180
36,7,16,43,20,8,4,12,96,34,6,16,44,18,8,4,14,91,34,6,16,39,19,8,4,14,91,36,6,16,43,22,7,4,14,97,-2,196
36,7,16,43,20,8,4,12,96,34,6,15,44,18,8,4,14,91,36,5,16,43,18,8,4,14,95,39,6,18,47,23,7,6,14,104,10,210
36,7,16,44,20,8,5,12,96,34,6,15,44,18,8,4,14,92,37,6,14,39,21,7,4,14,95,38,5,17,40,21,7,4,14,99,7,227
36,7,16,44,20,8,5,12,97,35,7,15,44,18,8,4,14,92,37,8,14,38,21,7,6,13,96,37,7,18,46,22,6,5,14,101,10,198
38,7,19,41,22,8,6,16,103,34,6,20,41,20,8,4,12,96,33,7,19,39,20,9,3,14,93,34,7,16,45,18,8,6,16,92,12,196
37,7,21,41,21,8,6,17,103,34,6,20,41,19,9,3,13,96,32,3,13,38,17,6,4,15,82,35,6,17,40,20,8,6,12,93,20,178
37,7,19,42,21,8,7,17,102,33,6,20,40,19,9,3,12,94,35,3,14,44,19,7,4,15,88,33,6,18,40,19,8,4,13,92,10,192
37,6,20,41,21,8,7,17,102,33,5,20,39,18,9,4,13,93,34,3,14,39,19,11,4,15,86,34,6,16,42,20,8,5,17,90,7,195
37,6,21,40,20,8,7,17,102,34,5,19,39,18,9,4,13,93,35,3,17,40,21,7,5,13,92,36,6,20,41,21,8,5,13,101,26,196
37,6,21,41,20,8,8,17,103,34,5,19,39,18,9,4,13,92,38,8,15,36,22,8,6,14,99,37,7,20,44,22,5,3,15,102,23,197
37,7,21,41,21,8,8,17,103,33,5,19,39,18,9,4,13,92,38,7,20,42,22,9,4,14,105,39,8,14,41,23,8,6,16,102,6,242
38,7,21,41,21,8,8,17,105,34,5,19,40,19,8,4,14,94,35,3,14,40,19,8,4,15,88,34,5,19,40,18,8,5,14,93,8,194
38,7,21,42,20,8,8,17,104,34,5,19,41,19,8,4,14,94,33,5,15,36,21,6,6,16,88,34,5,19,42,19,9,6,13,94,15,223
38,7,21,42,20,8,8,17,105,34,5,19,40,19,8,4,14,94,34,4,16,44,18,5,4,13,90,36,6,16,42,20,7,4,10,95,15,185
38,7,21,41,20,8,8,16,105,34,5,19,41,19,8,4,14,94,35,7,13,40,21,8,5,14,91,33,6,17,41,20,9,4,14,91,4,186
37,7,22,42,20,8,8,16,104,34,5,19,39,19,8,4,14,94,36,6,13,40,22,7,5,15,92,37,5,17,44,23,8,4,14,98,11,219
37,7,22,42,19,8,8,16,105,34,5,19,40,19,8,4,14,94,34,6,18,42,18,7,3,15,94,37,6,18,40,22,8,5,13,99,-6,186
37,7,21,42,19,8,8,16,104,34,5,19,41,19,8,4,14,94,33,4,13,38,18,6,5,14,85,39,6,16,46,22,8,5,13,102,27,217
38,7,21,42,20,8,8,16,105,34,5,19,40,19,8,4,14,94,36,6,15,40,21,7,4,14,96,38,5,17,38,21,7,4,14,101,-1,207
38,7,21,42,20,8,8,16,105,35,5,18,40,20,8,4,13,95,37,7,15,39,21,7,4,12,97,39,6,14,42,20,6,5,12,99,-9,219
38,7,21,41,20,8,8,16,105,35,6,18,41,19,8,4,14,96,34,5,17,40,19,8,5,14,91,36,6,16,43,21,8,4,14,96,16,206
38,7,21,41,20,8,8,16,105,35,6,18,40,19,8,4,14,96,36,7,16,43,19,7,4,12,96,34,7,19,38,20,5,4,12,96,23,205
38,7,21,41,20,7,8,16,105,35,6,18,40,19,8,4,13,95,36,6,20,44,19,7,4,15,99,38,6,17,44,21,8,6,12,100,9,289
39,7,21,42,20,8,8,16,107,36,6,18,40,19,8,4,14,97,37,5,18,41,21,9,5,14,100,35,7,17,42,21,8,5,16,95,16,190
39,7,20,41,20,8,8,16,107,35,6,18,39,19,8,4,14,97,38,6,14,44,23,7,4,14,98,35,4,13,38,20,7,4,13,88,14,170
39,7,20,42,20,8,8,15,106,35,6,18,39,19,8,4,14,96,36,3,15,39,20,10,4,14,91,35,6,18,40,21,8,5,16,94,-6,182
39,7,20,42,20,8,8,15,106,35,6,18,39,19,8,4,14,96,33,5,17,41,19,6,4,15,89,34,5,20,40,20,7,5,12,95,16,166
38,7,20,42,20,8,8,15,105,35,6,18,40,19,8,4,14,95,36,7,15,43,18,7,4,12,95,34,6,19,39,19,5,5,13,95,-2,198
38,7,20,41,20,7,8,15,105,35,6,18,40,19,8,4,13,95,36,5,16,42,18,8,4,13,95,39,6,18,47,23,7,6,14,104,26,204
38,7,20,42,20,8,8,15,105,35,6,17,40,19,8,4,14,95,36,5,16,42,18,8,4,13,95,39,6,18,47,23,7,6,14,104,8,228
38,7,21,42,20,7,8,15,106,35,6,17,40,19,8,4,13,96,39,6,19,41,22,8,4,14,104,39,8,15,41,23,7,6,15,103,-5,207
39,7,14,48,22,7,5,12,101,35,5,15,41,16,5,6,12,92,32,3,14,38,18,5,4,14,82,35,5,17,40,22,7,7,11,93,17,177
39,7,13,46,21,7,4,13,100,35,5,14,40,16,6,6,13,90,34,3,15,44,19,7,4,16,88,33,6,20,38,19,8,4,12,93,2,178
39,7,13,47,20,8,5,14,98,35,4,14,42,16,6,6,13,89,37,5,13,38,21,6,4,12,93,40,9,14,42,21,6,5,12,104,3,207
39,7,13,45,20,7,5,14,99,36,5,13,41,17,6,5,13,91,33,5,15,40,19,8,3,15,88,34,5,19,44,20,9,6,17,94,-6,204
39,7,13,46,21,7,5,14,99,36,6,13,41,18,6,6,13,92,31,3,15,38,15,7,6,13,82,38,8,15,48,25,6,4,13,101,27,179
39,7,14,47,21,7,5,14,99,36,5,13,42,18,7,6,14,91,33,7,18,42,20,9,4,16,93,33,6,18,41,18,8,6,16,92,13,181
39,6,14,47,20,8,5,14,99,36,5,13,42,17,7,5,14,90,32,7,22,43,17,8,4,15,94,35,5,16,45,19,8,6,14,92,-12,228
39,6,14,45,21,8,5,14,100,36,5,14,41,17,7,5,14,93,34,5,15,40,19,7,5,14,90,37,5,16,46,25,8,4,14,96,18,180
39,6,15,45,20,8,5,14,100,36,5,13,41,18,7,5,14,92,36,6,22,43,16,7,7,15,100,37,6,17,41,21,7,5,13,98,1,191
39,6,15,45,20,8,5,14,99,36,5,14,42,18,7,5,15,92,33,6,22,43,17,7,4,15,96,36,6,16,45,20,8,5,14,94,-13,209
39,7,14,44,20,8,5,14,99,36,5,14,42,18,7,5,15,93,35,3,17,41,21,7,5,13,92,37,6,21,41,21,8,6,13,101,16,186
39,7,14,44,20,8,5,14,99,36,5,14,41,18,7,6,15,93,34,3,14,39,19,11,4,15,87,34,6,16,41,21,8,6,17,92,4,190
38,7,15,43,20,8,5,13,99,36,5,14,41,18,7,5,15,93,37,6,14,40,20,8,5,10,95,34,5,17,45,19,5,5,13,92,6,180
38,7,15,43,20,8,5,13,99,36,5,14,40,17,7,5,15,92,32,6,16,41,19,6,4,15,86,34,6,19,41,19,7,5,12,95,3,173
38,7,15,43,20,7,5,13,98,36,4,14,41,17,7,5,15,92,38,7,20,42,22,9,4,14,105,39,8,15,41,22,8,6,16,103,-12,222
38,7,15,42,19,7,5,13,99,36,5,15,42,18,7,5,14,93,35,7,15,43,19,7,5,12,95,34,6,19,39,20,5,5,12,95,-2,208
37,7,16,42,19,7,5,13,99,36,5,15,41,18,7,5,14,94,33,4,13,38,19,6,5,14,85,39,6,16,45,22,8,6,13,101,20,194
38,7,15,42,20,7,5,13,99,36,5,15,41,18,7,5,14,93,34,5,18,45,19,5,5,13,93,37,6,15,42,20,7,4,10,97,3,211
38,7,15,42,20,7,5,14,99,36,5,15,41,18,7,5,14,94,36,8,15,38,20,8,6,13,97,36,6,18,46,21,6,4,14,99,26,192
38,7,16,42,20,7,5,14,100,36,5,15,41,18,7,5,14,93,35,7,13,40,21,8,5,14,92,35,6,17,42,20,8,4,14,94,-2,200
38,7,16,43,20,7,5,13,100,36,5,15,40,18,7,5,14,94,36,5,16,42,18,8,4,13,94,40,6,17,46,23,7,6,13,104,7,219
38,7,16,43,20,7,5,13,100,36,5,15,41,18,7,5,14,94,36,4,15,38,21,10,4,14,91,35,6,18,41,21,7,5,16,94,9,187
38,7,16,43,20,7,5,14,100,36,4,15,40,18,8,5,14,94,34,6,19,42,18,8,4,13,94,35,6,17,42,20,7,5,14,94,-2,206
38,7,16,43,20,7,5,13,100,36,5,15,41,18,7,6,14,94,37,3,17,42,22,8,5,13,97,37,6,21,42,23,7,6,14,103,-12,194
38,7,16,43,20,7,5,13,100,36,5,15,41,18,7,6,13,94,37,6,15,40,22,7,5,14,96,37,5,18,43,22,7,5,14,99,-7,217
38,7,16,43,20,7,5,13,100,37,5,16,41,18,7,6,13,95,38,6,19,42,22,8,4,14,103,39,8,16,40,23,7,6,15,103,-3,207
38,7,16,43,21,7,5,13,100,37,5,16,41,18,7,5,13,95,37,8,14,38,21,7,6,13,96,37,7,18,46,22,7,5,14,101,3,195
38,7,16,42,21,7,5,13,100,37,5,16,41,18,7,5,13,95,35,4,16,39,20,7,4,15,90,35,6,18,39,20,8,5,13,95,7,161
37,4,20,44,24,10,5,18,99,35,4,14,38,20,10,5,16,90,31,7,15,41,17,7,2,14,85,35,7,15,39,21,8,6,13,92,8,238
38,5,20,42,26,10,5,18,103,37,7,13,37,22,9,5,16,94,39,4,20,45,21,10,6,18,102,35,8,20,45,22,10,5,19,99,13,221
38,6,21,41,25,10,5,18,104,38,6,14,37,22,9,5,16,97,32,5,16,41,20,6,4,15,86,35,6,18,41,20,8,5,11,95,15,177
37,6,21,41,24,10,5,17,103,37,6,13,38,22,9,5,16,95,34,6,17,39,18,6,5,12,92,37,6,21,41,20,5,4,13,102,-4,214
38,6,20,41,24,9,5,16,103,37,7,14,39,21,8,6,15,96,35,4,16,42,19,4,5,12,91,36,6,18,44,19,6,4,9,98,-4,182
37,6,20,41,24,9,5,16,102,37,7,14,39,21,8,6,15,96,37,6,14,40,20,6,4,13,95,39,4,17,41,20,7,4,13,101,-9,189
37,6,20,41,23,8,5,16,101,37,7,14,39,21,8,5,15,96,34,6,15,41,20,8,5,14,90,33,6,17,41,19,8,4,13,90,-10,200
36,6,20,41,23,8,5,16,100,37,7,14,40,22,8,5,14,97,37,7,15,36,22,9,5,14,98,37,7,20,44,22,5,4,16,102,-8,210
36,6,20,41,23,8,5,16,100,38,8,14,40,22,8,6,15,98,36,6,13,40,21,7,5,14,92,36,6,17,45,23,7,4,13,96,17,201
37,6,20,41,23,8,5,17,101,37,8,14,40,22,8,6,15,97,34,6,22,44,18,7,4,16,97,36,6,15,43,20,8,5,14,94,2,204
37,6,20,43,23,8,6,16,101,37,7,14,40,22,8,6,15,97,37,7,15,38,21,7,4,12,96,39,6,14,42,20,6,5,12,99,-15,213
37,6,20,43,23,8,6,16,101,37,8,15,40,22,8,6,14,98,34,5,17,41,20,9,5,14,91,35,5,18,42,20,8,5,15,94,9,199
37,6,20,42,23,8,6,16,101,37,8,14,40,22,8,6,14,98,35,5,16,42,17,8,4,13,92,39,6,17,47,22,7,6,14,103,3,235
37,6,20,43,24,8,6,16,102,38,8,14,41,22,8,6,15,99,34,6,18,43,18,7,4,16,93,37,6,17,40,22,8,5,13,99,-1,199
37,6,20,43,24,8,6,16,102,38,8,15,40,22,8,6,14,99,35,4,15,41,19,7,4,15,89,34,6,19,40,18,8,5,14,94,13,207
37,6,20,43,24,8,6,16,102,37,8,15,40,22,8,6,14,99,35,3,15,39,20,10,4,14,90,35,6,16,40,21,7,5,17,93,-3,185
37,6,20,43,24,8,6,16,102,37,8,15,40,22,8,6,15,99,35,7,12,39,20,9,4,13,91,34,6,14,42,20,7,5,15,90,1,235
37,6,20,43,24,8,6,16,102,38,8,15,40,23,8,6,14,100,35,6,21,43,16,7,7,16,99,37,6,16,41,21,8,4,13,97,-13,193
37,6,20,43,24,8,5,16,102,37,8,15,40,23,8,6,14,100,34,5,16,35,22,6,5,15,89,35,5,19,43,20,9,5,14,96,7,189
37,6,20,43,24,8,5,16,102,37,8,15,39,23,8,6,14,99,35,7,13,40,21,8,5,14,91,34,6,18,41,20,9,4,14,93,-17,207
37,6,20,43,24,8,5,16,101,38,8,15,40,23,8,6,14,100,34,3,16,37,18,6,4,13,88,36,6,17,39,22,7,6,12,97,1,231
37,6,20,43,24,8,5,16,102,38,8,15,38,23,8,6,14,100,36,6,15,40,22,7,5,14,95,37,5,18,44,22,7,5,14,98,6,204
37,6,20,43,24,8,5,15,102,38,8,16,40,23,8,6,14,100,37,7,14,38,21,7,6,12,96,37,6,18,46,21,6,5,14,99,39,207
38,6,20,43,25,8,5,15,103,37,8,15,39,23,8,6,14,100,36,7,20,42,19,6,4,14,100,39,6,17,44,21,8,6,12,102,6,220
38,6,20,43,25,8,5,15,103,37,8,15,39,23,8,6,14,100,37,6,14,39,21,7,4,14,96,38,5,17,40,21,7,4,14,99,15,187
38,6,20,43,25,8,5,15,103,37,8,15,39,23,8,6,14,99,36,7,15,42,18,7,4,11,95,34,6,19,39,19,5,5,13,95,-6,202
38,6,20,43,25,8,5,15,103,37,8,15,39,23,8,6,14,100,33,10,15,41,19,6,4,14,92,36,5,16,41,20,7,4,12,93,27,175
36,6,16,43,22,7,4,13,96,34,4,16,41,19,8,3,14,89,33,5,20,44,17,8,5,16,92,37,5,16,41,20,8,5,14,96,-11,191
36,6,15,42,22,7,5,13,95,35,5,15,42,20,8,3,13,91,33,9,14,39,19,7,3,14,90,36,7,16,39,23,8,6,14,96,-7,213
37,6,15,41,22,6,4,13,96,36,6,15,41,19,8,3,13,94,31,5,15,41,20,5,4,15,82,34,6,19,41,20,8,5,10,94,-3,195
37,6,15,41,22,6,4,13,96,35,6,16,41,19,8,3,13,94,33,3,14,38,18,11,3,15,86,34,6,17,42,20,8,6,18,92,2,170
36,6,15,42,22,6,4,13,95,35,6,16,42,19,8,3,14,93,33,5,15,41,19,8,5,14,86,32,6,18,40,18,8,3,14,89,-23,221
36,7,15,40,22,6,4,13,95,36,6,16,42,20,8,3,13,96,33,3,13,39,18,6,5,14,85,40,6,16,45,22,9,5,13,103,6,184
36,7,15,40,21,6,4,12,95,36,7,15,42,20,8,3,13,95,37,6,14,40,21,7,4,14,96,38,4,18,40,20,7,4,14,100,-7,185
36,7,15,40,22,6,4,12,94,36,7,14,42,20,8,3,13,95,36,7,12,41,20,8,4,13,92,34,6,14,43,21,6,5,14,89,-2,200
36,7,15,39,22,6,4,13,95,37,7,14,41,20,8,3,13,96,34,4,16,44,18,4,4,12,90,36,6,16,42,20,6,3,9,95,12,192
36,7,16,39,22,6,4,13,95,36,7,15,41,20,8,3,13,95,34,4,15,38,17,7,7,14,90,38,7,18,46,24,7,4,13,101,16,192
36,7,16,39,22,6,4,13,96,36,6,14,41,20,8,3,14,95,37,8,16,37,21,8,6,14,98,37,7,20,44,22,6,4,16,103,-2,210
36,7,16,40,22,6,4,13,96,36,7,15,41,20,8,3,13,95,34,6,21,44,19,7,4,15,97,36,6,16,44,21,8,6,13,96,9,199
36,6,16,41,22,6,4,13,97,36,6,15,41,20,8,3,13,95,36,7,16,43,20,7,5,12,96,35,6,19,37,20,5,4,12,96,3,159
36,6,16,41,22,6,5,13,96,36,6,15,42,19,8,4,13,94,35,5,16,41,17,8,4,13,92,39,6,17,46,23,8,6,13,103,8,184
36,6,16,41,22,6,5,13,96,36,6,14,42,19,8,4,13,94,35,7,13,40,21,9,5,14,91,33,6,18,42,19,8,4,14,91,2,190
36,6,16,41,22,6,5,13,96,36,6,14,42,19,8,4,12,94,35,3,15,39,19,10,4,14,90,34,6,16,40,21,7,5,17,92,7,189
36,6,16,43,22,6,5,13,96,36,6,14,41,19,8,3,12,94,35,6,21,43,19,7,4,15,98,37,6,16,44,21,8,6,13,97,-3,251
37,6,16,41,22,6,5,12,97,37,6,14,41,20,8,3,12,95,36,3,17,40,20,8,5,13,93,37,6,21,41,22,7,6,13,101,9,231
37,6,16,41,22,6,5,12,98,37,6,14,41,20,8,3,12,96,34,3,16,37,18,6,4,13,88,36,6,17,39,21,7,6,12,97,8,210
37,6,16,41,23,6,5,12,98,37,6,14,41,20,8,3,12,96,36,6,15,39,21,7,4,14,96,38,6,17,39,21,7,4,13,101,13,185
37,6,16,41,23,6,5,12,98,37,6,14,41,20,7,3,12,96,37,7,15,40,21,7,4,12,98,39,6,14,42,20,6,5,12,99,-7,207
37,6,16,41,22,6,5,12,99,37,6,14,41,20,7,3,12,96,35,4,15,40,20,7,4,14,91,35,6,17,39,20,8,5,13,94,17,167
37,6,16,41,22,6,5,12,98,37,6,14,41,20,8,3,12,95,35,5,18,45,19,5,5,13,95,37,6,15,41,21,7,4,10,98,20,230
38,6,16,41,22,6,5,12,99,38,6,13,41,20,7,3,12,96,35,6,16,39,19,7,4,14,92,37,7,15,42,22,7,4,13,98,18,232
38,6,16,41,23,6,5,12,100,38,6,14,41,20,7,3,12,96,35,6,21,43,16,7,7,16,99,36,6,17,40,20,8,5,13,97,-12,206
38,6,16,41,22,6,5,12,100,38,6,14,41,20,7,3,12,96,36,8,15,41,19,7,4,12,96,34,6,19,39,19,5,5,13,95,3,183
38,6,16,41,22,5,5,12,100,38,6,14,41,20,7,3,12,96,38,6,19,41,22,8,4,14,103,39,8,16,40,23,7,6,15,103,-11,225
38,7,16,41,22,6,5,12,100,38,6,14,41,20,7,3,12,97,39,7,15,40,22,7,4,12,101,39,6,14,41,21,6,5,13,98,-4,216
33,6,15,35,19,7,2,16,87,36,5,18,38,24,10,4,15,96,33,3,13,39,18,11,4,15,82,35,5,16,43,21,8,6,17,92,-17,179
32,5,15,36,19,7,2,17,86,36,5,17,36,24,11,4,15,96,33,5,18,42,20,9,4,15,90,34,4,19,44,20,8,5,16,93,3,185
32,5,17,36,18,7,3,16,87,36,5,17,36,23,10,4,14,95,39,4,20,44,21,10,6,18,102,36,8,20,45,22,10,5,19,101,-3,199
32,6,17,36,18,7,3,16,88,36,5,18,36,23,10,3,14,96,35,6,13,40,20,8,4,13,91,34,6,14,42,22,7,5,14,91,-6,208
33,6,17,37,18,7,3,16,89,36,5,18,37,24,9,3,14,97,34,6,15,40,19,8,3,15,90,35,6,19,45,20,8,6,16,95,8,168
33,5,17,37,18,7,3,16,89,35,5,18,37,23,9,3,14,95,35,3,14,40,19,7,4,15,88,34,6,19,39,19,8,4,14,95,2,176
33,5,17,37,18,7,3,15,89,35,5,18,37,22,9,3,14,95,34,10,15,37,20,7,3,14,93,37,6,17,41,24,8,5,14,99,17,201
34,5,17,39,19,7,3,16,91,35,5,18,36,22,9,4,14,94,33,4,14,39,16,8,7,14,86,38,7,17,48,25,6,5,13,102,-21,175
33,5,17,38,19,7,3,16,90,35,5,18,37,22,9,4,15,95,37,6,13,40,21,6,4,12,94,38,6,13,42,19,7,5,12,97,-4,194
34,5,17,39,19,7,3,16,90,35,5,19,37,22,9,4,14,95,33,5,16,42,16,8,4,14,89,39,6,16,46,23,8,6,14,101,6,222
34,5,17,39,19,7,3,15,91,35,5,18,37,22,9,4,14,96,34,5,16,35,21,6,5,15,90,34,5,20,42,19,9,7,14,94,15,177
34,5,18,39,19,7,3,15,92,35,5,18,37,22,9,4,15,95,37,5,14,40,20,8,5,10,94,34,5,17,45,19,5,5,13,92,-29,165
33,4,18,40,18,7,3,16,90,36,5,17,37,22,9,5,15,95,33,4,13,38,18,5,5,14,85,39,6,16,44,22,8,5,13,101,15,203
34,4,18,40,18,7,3,15,91,36,5,18,38,22,9,5,14,95,34,4,17,44,18,5,4,13,90,36,6,17,42,20,7,4,10,96,3,173
34,4,17,40,18,7,3,15,91,35,5,17,38,22,9,5,14,94,35,7,12,40,20,8,4,13,90,34,6,15,43,20,7,5,14,90,1,171
34,4,17,40,18,6,3,15,91,35,5,17,38,22,9,5,14,94,32,6,16,41,19,6,4,15,87,34,6,19,41,19,7,5,12,94,19,191
34,4,17,41,19,7,3,15,91,35,5,17,38,22,9,5,14,93,38,5,18,41,21,9,5,14,100,35,7,18,43,21,8,5,15,96,-15,161
34,4,17,41,18,7,3,15,91,35,5,17,38,22,9,4,14,93,33,4,13,38,19,6,5,14,85,39,6,16,44,22,8,5,13,101,3,217
34,4,17,41,18,7,3,15,91,35,5,17,38,22,9,4,14,94,33,10,15,41,20,6,4,14,92,35,6,15,41,20,7,4,12,93,7,197
35,4,17,41,19,7,3,15,92,35,5,18,37,22,9,4,14,94,35,5,15,39,17,7,6,14,92,37,6,18,44,23,7,4,12,100,5,193
35,4,17,41,19,7,3,15,92,35,5,18,37,22,9,4,14,94,36,6,16,42,22,8,3,14,96,35,6,18,44,20,7,4,15,96,-16,210
35,4,17,40,19,7,3,15,92,35,5,18,38,22,9,4,14,94,38,6,14,44,22,7,4,14,97,35,4,13,39,20,8,4,12,89,-6,194
35,4,17,40,18,7,3,15,92,35,5,18,38,22,9,4,14,95,34,6,18,42,19,7,3,15,94,37,6,17,41,21,8,5,13,99,39,193
35,4,17,40,19,7,3,15,93,35,5,18,37,22,9,4,14,94,36,7,19,42,19,6,4,14,100,39,6,18,44,21,8,6,12,102,-11,171
35,4,17,40,19,7,3,15,93,35,5,18,38,22,8,4,14,94,33,5,16,40,19,6,4,15,89,34,6,20,40,20,7,5,12,95,3,149
35,4,17,40,19,7,3,15,92,35,5,17,38,22,8,4,14,93,37,5,13,41,21,8,5,11,94,35,5,16,43,20,5,5,13,92,22,194
37,9,13,40,21,4,4,13,97,33,5,17,40,21,6,4,11,90,36,5,14,41,20,5,4,14,92,41,6,21,46,22,8,5,12,109,7,185
37,8,14,41,20,5,4,14,97,34,5,16,39,21,6,5,12,90,37,6,14,37,21,7,3,12,95,42,10,13,38,23,7,5,13,109,-2,168
35,8,15,43,19,5,4,13,95,34,4,15,39,20,6,5,11,89,35,3,17,43,19,5,5,13,91,36,6,19,43,19,6,4,10,98,12,172
35,8,15,44,19,5,3,13,94,33,5,15,39,20,6,4,11,88,35,6,18,37,22,6,5,17,94,36,4,22,40,16,10,9,15,99,-8,174
34,8,15,44,19,6,3,13,93,33,5,15,39,20,6,5,11,88,32,5,20,42,17,8,4,15,91,35,6,16,42,19,7,5,14,93,-21,191
34,8,15,43,19,6,3,13,92,34,5,14,40,21,6,5,12,90,32,3,14,38,16,8,7,14,83,38,7,16,47,25,6,4,14,101,6,212
34,8,16,42,19,6,3,14,94,35,6,13,40,21,6,5,12,91,34,6,18,41,18,8,4,16,93,37,6,16,38,21,8,5,14,96,8,196
34,8,17,43,19,6,4,13,94,35,6,14,41,21,6,4,12,91,37,7,16,42,20,6,5,13,98,36,5,20,38,20,5,5,12,100,-5,209
34,8,16,42,19,6,3,13,95,35,6,15,42,21,7,4,12,92,38,5,19,43,21,9,5,16,101,36,8,18,43,22,9,5,17,99,13,191
34,9,16,42,20,6,3,13,95,35,6,14,41,21,7,4,12,92,36,7,12,41,21,8,4,13,93,33,6,15,42,22,7,5,14,89,-2,176
34,9,16,43,19,6,3,13,95,35,6,14,42,21,7,4,12,92,33,6,22,43,18,8,4,15,96,36,5,16,44,20,8,5,14,94,13,191
34,9,16,43,19,6,3,13,95,35,6,14,42,20,6,4,12,92,38,6,16,39,20,8,4,10,98,34,5,17,45,19,5,5,13,92,16,190
35,9,15,42,20,6,3,13,96,35,6,14,42,21,7,4,12,91,34,6,17,41,19,8,4,15,92,35,6,18,45,21,8,6,15,96,9,179
35,9,16,42,20,6,3,13,95,35,6,14,42,21,7,4,12,91,35,6,21,45,16,7,7,16,99,37,6,16,41,21,8,4,13,97,-3,207
35,9,15,42,20,6,3,13,96,35,6,14,41,20,6,4,12,92,34,6,17,41,19,8,4,14,92,35,6,18,45,21,7,5,16,96,16,212
35,10,15,43,20,6,3,13,97,35,6,14,41,20,7,4,12,92,33,6,19,42,18,8,4,13,92,34,6,17,43,20,6,6,14,92,13,201
35,10,16,42,20,6,3,13,97,35,6,14,41,20,7,4,12,92,38,5,19,42,21,8,5,15,101,35,7,18,41,21,8,5,15,96,6,202
35,10,16,42,20,7,3,14,97,35,6,14,41,20,7,4,13,92,33,8,16,38,19,7,4,14,93,37,5,17,41,23,8,5,14,97,16,156
35,10,16,42,20,7,3,14,97,35,6,14,40,20,7,4,13,91,38,6,15,43,23,7,4,14,98,35,4,14,38,20,8,4,13,90,-26,144
35,9,15,42,20,7,3,14,95,35,6,14,41,20,7,4,13,91,36,6,14,40,22,7,5,15,93,37,5,17,44,22,8,5,14,98,10,196
35,9,15,42,20,7,3,14,96,35,6,14,41,20,7,4,13,91,35,6,18,43,19,8,3,15,95,37,6,18,40,22,8,6,13,99,13,173
35,9,15,42,20,7,4,14,95,35,6,14,40,19,8,3,13,91,35,7,13,39,21,8,5,14,92,35,6,17,42,20,8,4,13,94,-2,198
35,9,15,42,20,7,4,14,96,35,6,14,40,19,8,3,13,91,38,6,20,43,22,8,4,14,104,39,8,15,40,23,7,6,15,103,-3,205
35,9,15,43,20,7,3,14,96,35,6,14,40,19,7,3,13,91,34,6,18,40,19,9,4,15,94,36,5,18,42,19,8,6,15,96,-16,176
35,9,15,42,20,7,3,14,95,35,6,13,40,20,7,3,13,92,33,4,16,38,17,6,4,13,87,36,6,16,41,22,8,6,13,96,30,208
35,10,15,43,20,7,4,14,96,35,6,14,40,19,7,3,13,91,36,7,13,39,21,8,4,13,93,35,6,14,41,21,7,4,14,92,-28,190
35,9,15,43,20,7,3,14,95,35,6,14,40,20,7,3,13,92,37,4,13,41,20,8,5,11,93,34,5,17,43,19,6,5,13,91,13,213
35,9,15,43,20,7,3,14,96,35,6,14,39,20,7,3,13,92,33,4,14,38,19,6,4,14,86,40,6,15,44,23,8,5,13,102,7,197
33,7,21,40,15,9,5,15,95,36,5,17,41,21,7,3,16,95,34,10,19,41,22,7,3,14,99,36,6,16,38,20,6,3,13,95,-9,195
32,7,22,39,15,9,4,14,95,36,7,16,41,21,6,3,16,96,35,6,13,40,19,5,4,13,91,38,5,18,48,25,7,3,13,100,-3,179
32,6,22,41,16,9,4,14,94,36,7,16,40,21,6,4,16,95,33,5,14,39,19,8,3,15,86,36,6,17,44,22,9,6,16,96,-14,186
32,6,22,41,15,10,4,15,93,36,7,15,41,21,7,3,16,96,38,7,20,39,22,9,4,13,105,39,7,14,42,22,7,6,16,101,-5,233
33,7,21,42,16,9,4,16,95,37,7,17,42,21,7,3,16,98,31,3,14,39,17,6,4,14,81,35,6,16,41,21,7,6,13,95,27,199
34,7,21,40,17,10,4,16,97,36,6,17,41,21,7,3,17,97,37,6,16,43,22,7,5,16,97,36,5,14,38,20,9,4,13,92,-3,207
35,6,20,41,17,9,4,16,97,36,6,18,41,21,7,4,16,98,34,10,15,37,20,6,3,14,93,37,6,17,41,24,8,5,14,99,7,191
35,6,20,41,17,9,4,15,97,36,6,18,41,20,7,4,16,97,35,3,18,41,21,8,5,12,93,37,7,22,44,23,8,5,13,105,11,187
35,6,20,41,17,9,4,15,97,36,6,18,41,20,7,3,16,97,34,4,16,44,18,4,5,12,90,36,6,16,42,20,6,4,9,96,7,177
35,6,20,41,17,9,4,15,97,35,6,18,41,20,7,4,16,96,33,5,16,42,16,8,4,15,89,39,5,16,46,23,8,6,13,101,15,185
35,6,20,41,18,9,4,15,97,35,6,18,41,19,7,4,16,95,35,3,14,40,19,7,4,15,88,34,6,19,38,19,8,5,13,94,-4,174
35,6,20,42,17,9,4,16,96,35,6,18,41,19,8,4,16,95,35,6,14,42,21,8,5,14,91,32,6,18,41,19,8,4,14,90,7,201
35,6,19,41,18,9,4,16,97,35,6,17,40,20,8,3,16,95,34,9,16,37,20,7,4,14,93,37,6,17,42,23,8,5,14,98,-8,192
35,6,19,41,18,9,4,16,96,35,7,18,40,20,8,3,16,95,35,7,12,40,20,8,5,12,90,34,6,14,44,21,6,5,14,90,17,181
35,6,19,41,18,9,4,16,97,34,7,17,40,19,8,3,16,94,34,6,18,42,18,8,4,16,92,37,6,17,39,21,8,5,13,97,17,223
35,6,19,41,19,9,4,16,98,35,7,17,40,19,8,3,16,95,37,5,14,41,20,8,5,10,94,34,5,17,44,19,5,5,13,91,-12,200
35,6,19,41,19,9,4,16,97,35,7,17,40,19,8,3,16,95,34,5,17,41,19,8,5,14,91,36,5,17,43,21,8,4,14,95,42,200
36,7,19,41,19,9,4,16,99,34,7,17,41,19,8,3,17,94,33,6,19,42,18,8,4,13,93,34,6,17,43,20,6,5,14,93,15,215
36,7,19,41,19,9,4,15,99,34,7,18,41,19,8,3,17,95,33,5,17,40,19,6,4,15,89,34,6,20,41,19,7,5,12,95,19,193
36,7,19,42,20,9,4,15,99,34,6,18,39,19,8,3,17,94,34,4,16,37,19,6,4,13,89,37,6,17,39,22,7,6,13,98,22,180
36,7,19,42,20,10,4,16,100,34,6,18,39,18,8,3,17,94,36,6,17,41,21,8,4,14,96,36,6,18,44,21,7,5,15,97,9,169
36,7,20,43,19,10,4,16,99,34,6,18,39,18,8,3,17,93,33,10,15,42,20,6,4,14,92,35,6,16,41,19,7,4,12,92,22,194
36,7,19,43,20,9,4,16,99,34,6,17,39,18,8,3,17,93,34,6,18,43,18,8,3,15,94,37,6,17,40,22,8,6,13,99,16,166
36,7,20,43,19,10,4,16,99,34,6,17,39,18,8,3,17,92,38,6,14,44,22,7,4,14,97,35,4,13,39,20,7,4,13,88,1,199
36,7,19,43,19,10,4,15,99,34,6,18,40,18,8,3,17,92,35,5,16,40,18,7,6,14,93,37,6,18,44,23,7,4,13,100,38,168
36,7,19,43,19,10,4,15,99,33,6,18,40,18,8,3,17,91,37,5,18,40,20,9,5,14,98,35,7,17,42,21,8,4,15,96,-8,178
36,7,19,42,19,10,4,15,99,33,6,17,40,17,8,3,17,91,34,5,15,36,23,7,6,14,90,34,5,18,42,20,8,5,13,93,8,228
36,8,19,42,20,9,4,15,99,33,6,18,40,18,8,3,17,92,36,7,15,41,18,8,4,12,96,34,7,19,39,20,5,5,13,95,6,192
33,3,15,51,19,6,8,11,85,27,2,9,43,15,5,5,13,66,35,6,13,39,19,6,4,12,90,36,5,17,49,24,7,4,14,96,21,215
35,4,16,49,21,7,7,10,90,29,2,10,42,15,5,5,14,71,36,5,14,40,20,6,4,14,91,40,6,20,45,22,8,5,12,107,6,184
36,4,15,47,21,7,6,10,91,30,2,11,42,16,4,5,14,74,33,9,15,37,19,7,3,14,92,37,7,16,40,24,8,6,14,98,15,205
36,4,15,46,23,7,6,10,93,31,3,11,40,16,4,5,14,76,32,6,20,42,18,8,3,15,91,34,6,17,42,19,7,4,14,93,-5,185
36,4,15,45,22,7,6,10,93,31,3,11,40,17,5,5,14,78,34,6,15,40,19,8,3,15,89,34,6,19,45,20,9,6,16,94,7,207
37,4,15,46,22,6,6,10,94,32,3,12,41,17,4,5,14,81,33,5,16,42,16,8,4,15,87,39,5,16,47,22,9,6,14,100,6,236
37,4,16,45,23,6,6,10,97,33,4,13,41,17,5,4,14,84,34,6,16,36,22,6,5,16,91,34,5,20,40,18,9,7,14,94,9,169
37,5,16,46,23,6,6,10,96,33,4,13,41,17,5,5,13,83,34,9,15,37,20,6,3,14,93,37,6,17,41,23,8,5,14,99,-12,182
36,5,16,46,23,6,6,11,95,33,4,13,41,17,5,5,13,84,35,7,12,40,21,8,4,12,91,34,6,14,43,21,6,5,15,90,11,169
36,5,16,46,22,6,6,11,95,33,4,13,41,17,5,5,13,84,34,6,17,41,19,7,4,15,91,35,6,19,45,20,8,5,15,95,19,201
37,5,16,47,23,6,6,11,96,33,4,13,41,17,6,5,13,84,35,4,15,41,19,7,4,15,90,34,6,19,40,18,8,5,14,94,4,194
37,5,16,47,23,6,6,11,96,33,4,13,41,18,6,5,13,85,33,6,20,43,18,8,4,13,94,34,6,17,42,20,6,5,14,92,20,164
37,5,16,47,23,6,6,12,96,33,4,13,40,18,6,5,12,84,32,10,15,42,20,6,4,15,90,35,5,15,41,19,8,4,12,90,-5,193
36,5,16,47,23,6,6,11,95,33,4,14,41,18,6,5,12,85,36,3,17,41,20,8,5,13,93,36,6,21,41,21,7,6,13,101,14,208
37,5,16,46,23,6,6,11,96,33,4,14,40,18,6,5,12,86,35,7,17,40,20,9,3,15,95,36,6,17,42,19,8,6,16,97,5,203
37,5,16,47,23,6,6,11,97,33,4,15,40,18,6,5,12,86,38,6,19,41,21,9,5,15,101,35,7,18,41,21,8,4,16,96,4,208
37,5,17,47,23,6,6,12,97,33,4,15,40,18,6,5,12,87,34,5,17,40,19,8,5,14,90,36,6,17,43,21,8,4,14,96,-11,189
37,5,16,47,23,6,6,11,97,34,4,15,39,18,6,5,12,88,37,5,14,39,20,8,5,11,95,34,5,17,44,19,5,5,13,92,9,169
37,5,16,47,23,6,6,11,96,33,4,14,39,18,6,5,12,87,33,5,17,39,19,6,4,15,88,34,6,20,41,20,7,5,12,96,1,203
37,5,16,47,23,6,6,11,97,34,4,15,40,18,6,5,12,88,38,6,20,43,22,8,4,14,105,39,8,16,41,23,7,6,15,104,-17,199
37,6,16,47,23,6,6,11,96,34,4,14,40,18,6,5,12,89,34,4,16,38,18,6,4,13,88,36,6,16,41,22,7,6,13,97,12,154
36,5,16,47,23,6,6,12,96,34,4,14,41,18,6,5,12,88,36,6,15,40,21,7,4,14,95,38,6,17,40,21,7,4,13,100,-6,192
37,5,16,47,23,6,6,12,96,34,4,14,40,18,6,5,12,88,34,5,15,36,23,7,6,15,90,35,5,19,42,20,8,5,14,95,7,179
36,5,16,47,23,6,6,12,96,34,4,14,39,18,6,5,12,88,34,7,18,40,19,9,4,15,94,36,6,17,42,19,8,6,15,96,12,184
36,5,16,47,23,6,7,12,96,34,4,14,39,18,6,5,12,88,37,5,18,40,20,9,5,14,98,35,7,17,42,21,8,4,16,96,10,182
36,6,16,47,23,6,6,12,96,34,4,14,39,18,6,5,12,88,35,5,16,40,18,7,6,14,92,37,6,18,43,23,7,4,13,100,-3,171
36,6,16,47,23,6,6,12,95,34,4,14,39,18,6,5,12,88,36,8,14,40,21,8,5,14,94,35,7,18,42,21,8,4,13,96,10,176
36,6,15,47,23,6,6,12,95,34,4,14,40,18,6,5,12,88,34,6,18,42,18,7,3,15,93,38,6,17,42,22,8,6,13,100,32,182
39,7,14,40,25,8,6,15,100,33,6,21,39,21,7,3,17,95,35,6,13,41,20,8,3,12,91,33,6,15,42,21,7,6,14,89,-5,189
39,7,13,41,25,8,6,14,99,34,5,21,40,21,7,3,16,95,34,3,16,43,19,5,4,12,89,35,7,19,44,19,6,3,10,97,11,189
39,6,14,40,24,8,6,13,99,34,5,19,41,21,7,3,16,94,31,3,13,38,17,6,4,13,81,35,6,15,41,21,7,6,12,94,21,185
38,7,14,40,24,8,6,13,99,34,5,19,41,21,7,3,16,93,38,4,20,43,21,9,5,17,102,36,8,20,44,22,9,5,19,101,8,202
38,7,15,40,24,8,6,13,100,34,5,19,40,21,7,3,16,93,37,6,16,43,22,7,5,16,97,36,5,14,38,20,8,4,13,93,-23,203
38,6,15,40,23,8,6,13,99,35,6,17,41,22,7,3,16,95,35,6,14,40,20,7,5,14,90,37,5,16,44,24,8,4,13,96,-2,212
38,7,15,40,24,7,6,13,99,36,6,16,42,23,7,3,15,96,31,10,16,42,19,6,4,16,89,34,5,16,40,18,8,4,13,90,-5,193
38,7,14,40,24,7,5,12,99,36,7,16,42,23,6,3,15,96,38,5,19,43,21,8,5,15,101,35,8,17,43,22,8,4,16,98,-18,210
38,7,15,39,23,7,5,12,99,36,7,17,43,22,7,3,15,98,35,3,14,40,19,7,4,15,88,34,5,19,39,19,8,4,13,94,-3,181
37,7,15,40,23,7,6,12,98,36,7,16,43,22,7,3,15,97,31,10,16,42,19,6,4,15,89,34,5,15,42,19,7,4,12,90,-3,183
37,7,14,40,23,7,6,12,97,36,7,16,43,22,7,3,15,97,34,4,15,39,17,7,7,14,90,38,7,18,46,23,7,4,13,101,1,237
38,7,15,41,23,8,5,12,99,36,7,17,43,22,6,3,15,98,37,5,14,40,20,9,5,10,95,34,5,17,44,19,5,5,13,91,4,190
37,7,16,41,23,7,5,12,99,36,7,17,44,22,6,4,15,98,38,6,15,44,23,7,4,14,98,35,4,14,38,20,7,4,13,90,-2,210
38,7,16,40,23,8,5,12,99,37,7,16,43,22,6,4,15,98,34,7,18,40,20,9,3,15,94,36,6,17,43,19,8,6,16,95,5,233
38,7,16,40,24,8,5,12,100,37,7,16,43,22,7,4,15,99,34,6,18,43,18,8,3,15,94,37,6,17,40,22,8,6,14,98,10,220
38,7,16,40,24,8,5,12,101,37,7,16,43,22,7,4,15,99,33,5,16,35,22,7,5,15,89,35,5,19,43,20,9,5,14,95,-9,191
38,7,16,41,24,8,5,12,100,37,7,16,43,22,7,4,15,99,33,6,20,42,17,8,4,13,92,34,6,17,43,20,7,5,14,93,-21,229
38,7,15,41,25,7,5,12,100,38,7,17,43,22,7,4,14,100,35,7,12,39,21,8,4,13,92,35,6,14,41,20,7,5,14,92,7,209
39,7,15,41,25,8,5,12,101,38,7,16,43,22,7,4,15,100,36,3,15,39,20,10,4,14,91,35,6,18,40,21,7,5,16,94,-4,194
38,7,16,41,25,8,5,12,100,38,7,17,43,22,7,4,15,100,34,6,18,43,18,8,3,15,93,37,6,17,40,22,8,6,13,99,9,205
39,6,15,40,24,8,5,13,101,38,7,16,43,22,7,4,15,100,34,4,14,38,19,6,4,14,86,39,6,16,44,23,8,5,13,102,5,185
39,6,15,40,24,8,5,12,100,38,7,16,43,22,7,4,15,100,34,6,16,40,19,8,4,14,92,37,6,16,43,22,7,4,13,97,22,210
39,7,15,41,25,8,5,13,101,38,7,16,43,22,7,4,15,100,35,6,21,43,16,6,7,16,99,36,6,17,40,20,8,5,13,97,-20,198
39,6,15,40,25,8,5,13,100,38,7,17,43,22,7,4,15,100,34,7,18,40,19,8,4,15,94,36,6,17,42,19,8,6,15,96,-4,218
39,7,15,40,25,8,5,13,101,38,7,17,43,22,7,4,15,100,34,6,19,41,18,7,4,13,95,35,6,17,42,21,7,5,13,95,-6,204
39,7,15,40,25,8,5,13,101,38,7,17,43,22,7,4,15,100,33,8,16,40,20,7,3,14,92,37,6,16,42,23,8,5,14,97,11,201
39,6,15,40,24,8,5,13,101,38,7,17,43,22,7,4,15,100,33,5,16,40,19,6,4,15,88,34,5,20,40,20,7,5,12,94,6,178
38,6,16,41,24,8,5,13,100,38,7,17,44,22,7,4,15,100,37,5,13,40,21,8,5,11,94,35,5,16,42,20,5,5,13,92,-5,175
39,10,15,41,24,6,4,13,104,34,5,17,38,16,8,5,13,90,35,7,13,39,20,5,4,14,92,41,4,16,41,22,6,4,12,103,6,196
39,9,15,42,24,6,5,14,103,35,4,14,39,17,9,4,13,90,31,4,17,41,14,8,4,15,84,41,5,15,48,23,9,6,14,103,-2,174
38,8,15,43,24,6,4,14,101,35,4,14,40,17,9,4,13,90,36,6,13,41,20,8,3,12,92,34,6,15,43,21,6,6,14,89,22,188
39,8,15,43,24,7,4,14,102,35,4,13,40,17,9,4,13,89,37,6,15,40,20,6,4,13,96,40,4,17,41,21,6,4,13,102,8,190
38,8,15,42,23,7,4,14,101,35,5,13,40,17,9,4,14,89,35,3,14,40,19,7,4,15,89,34,6,19,39,19,8,5,14,95,12,174
38,8,16,42,23,7,4,13,101,35,5,13,40,17,8,4,14,88,34,6,22,44,16,7,7,15,98,36,5,17,41,19,7,5,13,95,11,203
38,8,16,43,22,6,4,13,101,35,5,13,39,17,8,5,14,89,38,6,15,43,23,8,5,15,98,35,4,14,38,20,8,4,13,90,-7,185
38,8,15,43,22,7,4,13,100,35,5,13,41,17,8,5,14,89,33,4,14,38,18,6,5,14,86,39,5,16,46,22,8,5,13,102,30,174
38,8,15,43,22,7,4,13,100,35,5,13,40,17,8,5,14,88,39,7,20,43,22,9,4,14,106,39,8,16,41,22,7,6,15,103,-5,193
37,8,16,42,22,7,4,13,100,35,5,13,41,17,8,5,14,89,34,7,18,41,19,9,3,16,93,35,5,17,43,18,8,6,16,94,13,223
38,8,16,42,22,7,4,14,101,35,5,13,40,17,8,5,13,90,36,7,16,43,19,7,4,12,96,34,6,19,38,20,5,4,12,95,-12,228
38,8,16,42,22,7,4,13,101,35,5,13,41,18,8,4,13,91,35,5,15,40,17,7,7,14,91,38,7,19,46,24,7,4,13,102,15,209
38,8,16,43,22,6,4,13,102,36,6,13,40,18,8,4,13,92,32,10,15,42,20,6,4,15,90,35,5,15,42,19,8,4,12,91,11,233
38,8,16,43,23,6,4,13,103,36,6,13,40,18,8,4,13,92,36,6,20,44,19,7,4,15,99,37,6,17,43,21,8,6,12,99,16,216
39,8,16,43,23,6,4,13,103,36,6,13,40,18,8,4,13,93,35,7,13,40,21,8,5,14,92,34,6,17,41,20,8,4,14,93,17,191
39,8,16,44,23,6,4,13,103,36,6,13,39,18,8,4,12,93,37,5,13,40,20,8,5,11,95,34,5,17,44,19,5,5,13,91,17,169
39,8,16,44,23,7,4,13,103,36,6,13,40,18,8,4,13,92,33,6,20,42,18,8,4,13,93,35,6,17,43,20,7,5,14,94,9,215
39,8,16,44,23,7,4,13,103,36,6,13,39,18,8,5,13,92,35,4,14,39,20,7,4,15,90,35,6,18,39,20,8,5,14,94,25,231
39,8,16,43,23,7,4,13,104,36,6,13,39,17,8,4,13,93,37,3,17,42,22,8,5,13,96,37,6,21,42,23,7,5,14,102,10,218
39,8,17,44,23,7,4,13,104,36,6,13,39,18,8,4,13,93,36,5,18,45,19,5,5,13,95,38,6,15,41,21,7,4,9,98,-14,182
39,8,16,42,23,7,4,13,104,36,6,13,39,18,7,4,13,93,36,4,15,40,20,9,4,13,91,35,6,17,40,21,7,5,16,94,10,204
39,8,17,42,23,7,4,13,104,36,6,13,39,18,8,4,13,93,37,6,15,40,22,7,5,14,96,37,5,18,43,22,7,5,14,99,14,196
39,8,17,43,23,7,4,13,104,36,6,13,40,18,8,4,13,93,36,5,17,45,20,5,5,13,95,37,6,15,41,21,7,4,9,97,24,218
39,8,17,42,23,7,4,13,104,36,6,14,40,18,8,4,13,93,34,6,18,42,18,7,3,15,93,38,6,17,41,22,8,6,13,99,16,212
39,8,17,43,23,7,4,13,105,36,6,14,40,18,8,4,13,93,35,6,16,39,19,7,4,14,92,38,6,15,42,22,7,4,13,99,35,213
36,7,15,45,17,6,3,17,96,36,5,18,39,21,10,5,13,95,38,6,16,43,24,7,4,15,98,37,5,14,36,21,9,4,13,94,-11,211
36,7,17,42,17,7,3,16,97,37,6,17,40,21,9,5,14,97,30,4,18,42,13,8,4,15,84,41,4,15,49,23,9,6,14,104,13,185
36,8,16,42,18,7,4,16,97,36,6,16,40,21,9,5,14,96,32,3,13,37,18,6,4,14,82,35,6,16,40,21,7,6,12,93,8,178
35,8,17,42,18,7,4,16,96,36,5,16,40,20,9,5,14,95,37,6,14,41,20,6,4,13,95,41,4,16,41,21,6,5,12,103,-15,199
35,7,18,42,18,8,4,16,96,36,6,16,39,20,9,5,14,96,38,5,13,37,22,6,3,12,96,40,8,14,40,21,6,5,13,104,8,166
35,7,17,42,18,7,3,15,95,36,6,16,39,20,9,5,14,94,34,4,16,43,19,5,4,12,89,36,6,18,43,19,6,4,10,98,-5,207
35,7,17,43,18,7,3,14,95,36,6,16,40,20,8,5,14,95,33,6,19,42,18,8,3,14,92,34,6,16,42,19,7,5,14,92,-10,208
35,6,18,44,18,7,3,14,96,36,6,16,39,20,8,5,13,96,37,6,14,40,20,6,4,14,95,39,4,17,40,20,7,4,13,101,9,191
35,6,18,44,18,7,3,14,96,36,6,16,40,20,8,5,13,96,33,5,16,41,16,8,4,15,87,39,5,16,47,22,8,6,13,101,2,170
35,6,18,44,18,7,3,15,95,36,6,16,40,20,8,5,13,95,35,6,14,41,21,8,5,14,91,33,6,17,40,20,8,4,14,90,-7,201
35,6,18,44,18,7,3,15,95,36,6,16,40,20,8,5,14,95,33,7,18,41,19,9,4,15,93,34,6,18,42,18,8,6,15,92,-2,198
35,6,18,44,18,7,3,16,95,36,6,16,39,20,9,5,14,96,33,4,14,38,18,6,5,14,85,39,6,16,44,23,8,5,13,102,12,192
35,6,18,44,19,7,3,15,96,36,6,15,40,20,9,5,14,95,37,6,15,40,21,8,4,10,97,35,5,16,45,19,5,5,13,92,1,183
35,6,18,44,18,7,4,15,96,37,6,15,40,20,9,5,14,95,35,3,17,40,20,7,5,13,91,37,6,20,41,21,8,6,13,101,2,198
35,6,19,44,18,7,3,15,96,37,5,15,40,20,9,5,13,95,36,7,16,43,19,7,5,12,95,34,6,19,39,19,5,5,12,95,1,189
35,6,19,44,18,7,3,15,96,37,5,15,41,20,9,5,13,95,34,5,16,40,20,8,5,14,91,35,5,18,43,20,8,5,15,94,12,200
35,6,19,44,19,7,3,15,96,37,5,15,41,20,9,5,13,95,34,4,17,45,18,5,4,13,90,36,6,16,43,20,7,4,10,96,-3,207
35,6,19,44,19,7,3,15,96,37,5,15,41,20,8,5,13,95,35,4,15,41,20,7,4,15,90,35,6,19,40,19,8,5,13,95,-6,184
35,6,19,44,19,7,3,15,96,37,5,15,40,20,8,5,13,95,38,6,20,43,22,8,4,14,105,39,8,16,41,23,7,6,15,104,17,217
35,7,19,44,19,7,3,15,97,37,5,15,40,20,8,5,13,96,34,5,16,35,23,7,6,15,90,35,5,18,42,21,8,5,14,95,-21,179
35,7,19,44,19,6,3,15,96,37,5,15,40,20,8,5,13,96,36,8,14,38,20,7,6,12,96,37,6,18,46,21,6,5,14,100,-3,191
35,7,18,44,19,6,3,15,96,37,5,14,40,21,8,5,13,96,36,6,15,41,22,7,5,14,95,37,5,18,43,22,7,5,14,99,-24,204
35,7,18,43,19,6,3,15,96,38,5,14,41,21,8,5,13,96,36,7,15,42,18,7,4,12,95,34,6,19,39,19,5,5,13,96,-13,177
35,7,18,43,19,6,3,15,95,38,5,14,41,21,8,5,13,96,36,6,21,43,16,7,7,16,99,36,6,17,40,20,8,5,13,96,-5,225
35,6,18,43,19,6,3,15,96,38,5,14,41,21,8,5,13,97,35,4,15,40,19,9,4,13,91,35,6,18,40,21,7,5,16,94,-7,175
35,6,19,43,18,6,3,15,95,38,5,14,41,21,8,5,13,97,37,8,14,38,21,7,6,13,96,37,7,18,46,22,7,5,14,101,-5,181
34,6,19,43,18,6,4,15,95,38,5,14,41,21,8,5,13,97,39,6,19,42,22,8,4,14,104,39,8,15,41,23,7,7,15,103,-29,233
36,3,18,41,20,7,8,14,95,34,3,18,41,17,7,5,15,90,34,10,14,39,19,7,3,14,92,36,7,16,39,23,8,6,14,97,13,201
37,3,19,42,21,8,7,13,98,33,4,17,41,17,6,5,14,89,32,5,15,41,19,9,5,14,86,33,7,16,40,19,8,4,15,90,-3,185
37,3,20,42,20,8,6,13,97,34,4,17,40,18,6,5,14,89,31,6,22,43,17,7,3,16,92,33,5,17,45,17,8,6,14,89,10,206
37,3,20,42,21,8,6,13,98,34,4,17,39,18,6,5,14,90,31,5,16,42,20,6,4,15,84,34,6,18,41,20,8,5,10,94,-5,217
37,3,20,43,20,8,6,14,99,35,5,17,40,18,6,5,14,92,32,4,16,40,15,8,4,15,86,41,5,16,48,23,9,5,14,103,3,189
37,4,20,43,20,8,6,14,99,35,5,16,40,18,7,5,14,92,33,5,18,42,20,8,4,14,90,34,5,18,41,21,8,5,15,94,4,182
36,3,21,43,19,8,6,14,98,35,5,16,39,18,6,5,14,92,35,7,17,40,19,6,6,11,95,37,6,20,41,20,5,5,12,102,-2,212
37,3,21,43,19,8,6,13,99,35,5,16,39,18,7,5,14,93,35,4,16,43,19,4,5,12,91,36,6,18,43,19,6,4,9,97,9,183
37,3,20,43,20,8,6,13,99,35,5,17,40,17,6,5,14,92,36,6,21,43,16,7,7,16,100,37,6,17,41,20,7,5,13,98,-14,188
37,3,20,42,20,8,6,13,98,35,5,17,40,17,6,5,14,93,34,4,15,39,17,7,7,14,89,37,7,18,46,24,7,4,13,100,14,214
37,3,19,42,20,7,6,13,99,35,4,17,40,17,6,5,14,93,37,7,14,40,21,6,4,12,96,38,6,13,42,20,6,5,12,97,-4,208
37,3,19,42,20,7,6,13,99,35,5,18,39,17,7,5,14,94,36,7,14,40,21,7,4,14,95,38,5,17,38,20,7,4,14,99,21,187
38,3,19,43,20,7,6,14,99,35,5,17,39,17,7,5,14,93,38,5,20,43,21,8,5,15,103,35,8,18,41,21,8,4,16,96,1,197
38,3,19,43,20,7,6,13,99,35,5,17,39,17,7,5,14,94,33,3,16,38,18,6,4,13,86,36,6,17,39,21,7,6,12,96,15,195
38,3,19,42,21,7,5,13,99,35,5,17,38,17,7,5,14,93,36,6,21,43,19,7,4,14,100,37,6,16,43,21,8,6,13,98,6,216
38,4,19,44,21,8,5,13,100,35,5,18,39,17,7,5,14,94,36,7,15,39,20,8,6,13,97,36,6,19,45,21,6,4,14,99,7,191
38,3,19,44,21,8,5,13,100,35,5,18,38,17,7,5,14,94,35,6,21,43,16,7,7,16,99,37,6,16,41,21,8,4,13,97,7,187
38,3,19,44,21,8,5,13,100,35,5,18,39,17,7,5,14,94,39,7,20,43,22,8,4,14,105,39,8,16,41,22,7,6,15,103,19,223
38,4,19,44,21,8,6,13,100,35,5,18,39,17,7,5,14,94,36,5,16,43,18,8,4,13,94,40,6,17,46,23,7,6,14,104,-1,207
38,4,19,44,21,8,6,13,101,35,5,18,39,17,7,5,14,94,36,6,15,40,22,7,5,14,94,37,5,18,43,22,7,5,14,98,-2,212
38,4,19,44,21,8,6,14,101,35,5,18,39,17,7,5,14,95,36,7,14,38,21,7,6,12,96,37,6,18,46,21,6,5,14,99,6,202
38,4,20,44,21,8,6,13,101,35,5,18,39,18,7,5,14,95,38,7,14,40,22,7,4,12,99,39,6,13,40,20,6,4,12,99,7,175
38,4,20,44,21,8,6,14,100,35,5,17,39,18,7,5,14,94,36,7,13,40,21,8,5,13,93,35,6,18,42,21,8,4,13,95,2,244
38,4,20,44,21,8,6,14,101,35,6,18,39,18,7,5,14,95,33,10,15,41,19,6,4,14,92,35,5,15,41,20,7,4,12,93,10,224
38,4,20,44,21,8,6,14,102,36,6,17,39,18,7,5,14,96,37,6,15,41,22,7,5,14,96,37,5,18,43,22,8,5,14,99,12,188
38,4,20,45,21,8,6,14,102,35,6,17,39,18,7,5,14,95,35,6,16,39,19,7,4,14,92,38,7,15,42,23,7,4,13,99,2,190
33,5,17,44,19,8,4,14,88,34,7,18,42,21,8,4,13,93,40,4,18,44,23,9,7,18,104,34,8,20,44,22,10,4,20,97,5,217
34,5,18,45,20,9,5,15,92,34,6,20,42,20,9,4,14,95,34,10,15,40,22,6,3,14,95,34,6,17,39,19,6,3,13,93,-8,226
35,6,17,44,21,9,4,15,94,34,6,22,43,21,9,4,14,98,31,5,21,41,17,9,3,15,90,34,6,17,42,19,8,4,14,93,-3,185
35,6,16,44,20,8,4,15,94,34,7,21,43,21,9,4,13,98,34,3,13,37,18,12,4,15,84,34,5,16,42,20,8,6,18,91,-1,181
35,7,15,43,21,8,4,16,93,35,6,21,42,21,9,4,14,97,33,5,19,42,20,9,4,14,90,34,5,20,43,19,7,6,15,93,8,194
36,7,14,42,22,8,4,15,94,34,6,20,42,21,9,4,13,97,33,6,22,43,15,6,6,14,96,35,4,17,44,18,6,4,13,93,-11,229
36,7,14,41,23,9,4,16,95,35,6,21,43,21,9,4,14,99,32,4,16,40,15,8,4,15,86,40,5,16,47,22,9,6,14,103,3,183
36,7,14,41,23,8,5,15,95,35,6,21,44,21,8,4,14,98,35,3,17,40,21,8,6,11,92,36,7,22,43,23,7,5,14,102,18,220
37,7,14,41,23,9,5,14,97,35,6,21,44,22,8,4,14,98,35,6,21,45,16,7,7,15,99,36,6,17,41,20,7,5,13,97,-3,235
37,8,15,40,23,9,5,14,98,36,6,21,43,22,8,4,14,100,37,7,13,40,21,7,4,14,96,38,5,17,39,20,7,4,14,99,9,203
38,8,14,40,23,8,5,14,99,35,6,21,43,22,8,4,15,99,36,6,13,40,21,7,5,14,92,36,6,17,44,23,7,4,13,96,6,198
38,8,15,40,23,8,5,14,99,35,6,21,43,22,8,4,15,99,34,4,17,41,20,9,5,14,91,34,5,19,42,20,8,5,15,93,-2,184
37,8,14,40,23,8,5,14,98,35,6,20,43,22,8,4,15,99,35,7,16,44,20,7,5,12,95,34,5,19,37,20,5,4,12,95,7,201
37,8,15,40,23,8,5,14,99,35,7,20,43,22,8,4,15,99,35,3,15,39,19,10,4,14,89,34,6,17,40,21,8,6,17,92,-18,202
37,8,15,39,23,8,5,14,98,36,7,20,43,22,8,4,15,99,35,7,13,40,21,8,5,14,91,34,6,17,41,20,8,4,14,92,24,198
37,8,15,40,23,8,4,14,99,35,7,20,43,22,8,4,15,99,33,5,16,35,22,6,6,15,88,34,5,19,43,20,9,5,13,95,-2,208
38,8,15,40,23,8,4,14,99,35,7,20,42,23,8,4,15,99,34,6,17,41,20,8,4,14,93,36,6,18,45,21,8,5,16,97,-22,218
37,8,15,40,23,8,4,14,99,36,7,20,43,23,8,4,15,100,36,6,20,43,19,7,4,15,100,38,6,17,44,21,8,6,13,99,-4,190
37,8,15,39,23,8,4,14,99,36,7,20,43,23,8,4,15,100,35,5,16,42,18,8,4,13,93,39,6,17,47,23,7,6,14,103,3,219
37,8,15,39,23,8,4,14,99,36,7,20,44,23,8,4,15,100,35,5,18,44,19,5,5,13,94,37,6,16,41,20,7,4,10,97,-3,205
38,8,15,38,23,8,4,13,99,36,7,20,44,23,8,4,14,100,35,4,15,40,20,7,4,15,90,35,6,18,39,20,8,5,14,95,-15,189
37,8,15,38,23,8,4,13,99,36,7,20,44,23,8,4,14,100,33,8,16,38,19,7,3,14,91,36,6,17,41,23,8,5,14,97,-2,202
37,8,15,38,23,8,4,13,99,36,7,20,43,23,8,4,14,100,38,6,20,42,22,8,4,14,104,39,8,16,40,23,7,6,14,102,15,209
38,8,15,38,23,8,5,13,99,36,7,20,43,23,8,4,14,100,35,7,13,39,21,8,5,14,92,35,6,17,42,20,8,4,13,95,-9,215
38,8,15,38,23,8,4,13,99,36,7,20,43,23,8,4,14,100,38,7,14,40,21,7,4,12,99,39,6,14,41,20,6,5,12,99,-21,219
38,8,15,39,23,8,4,13,99,36,7,20,43,23,8,4,14,101,36,5,17,45,20,5,5,13,95,37,6,15,41,21,7,4,9,98,-12,186
38,8,15,39,23,8,4,13,99,36,7,20,44,24,8,4,14,101,35,4,16,39,20,7,4,15,90,35,6,18,39,20,8,5,13,95,-2,164
38,7,14,38,23,8,4,13,98,36,7,20,43,24,8,4,14,100,39,7,15,40,22,7,4,12,101,39,6,14,41,20,6,5,13,99,-6,208
37,6,18,38,22,8,4,12,100,33,5,20,42,20,5,2,15,93,33,10,15,37,19,7,3,14,92,37,7,16,39,24,8,5,14,98,10,192
37,6,18,39,23,8,4,12,100,33,6,19,41,20,6,2,14,93,32,5,15,41,19,10,5,14,85,32,7,17,39,18,8,3,16,90,2,180
37,6,17,40,23,8,5,12,99,33,6,18,41,21,6,2,14,92,30,6,22,44,16,7,4,17,90,34,3,16,46,18,9,6,14,88,-3,199
37,7,17,40,22,8,5,13,98,34,6,19,40,21,6,2,14,93,31,4,14,42,20,4,4,15,81,34,6,18,41,19,8,5,9,93,12,194
36,7,18,40,22,8,5,14,99,33,6,19,40,21,7,3,14,93,34,3,13,38,19,12,3,15,85,34,5,16,43,20,8,6,19,91,7,189
36,7,18,40,22,9,5,14,99,33,6,20,41,20,7,3,14,93,34,5,23,43,16,6,6,15,98,36,5,17,42,19,7,5,14,94,12,212
37,7,17,39,23,9,5,14,100,33,6,19,40,20,7,3,14,93,39,7,21,42,23,10,4,15,107,39,7,15,43,21,8,6,17,101,-21,203
37,7,16,38,23,9,5,13,99,34,7,19,40,20,7,3,14,95,35,4,15,39,17,8,7,14,89,37,6,18,46,24,7,4,13,100,18,186
37,8,17,39,23,8,5,13,99,33,6,19,40,20,7,3,14,94,37,6,14,39,21,6,4,12,95,39,6,13,41,20,6,5,12,97,-3,203
37,8,17,40,23,8,5,13,99,34,7,19,40,20,7,3,14,94,39,7,20,42,22,9,4,14,106,40,8,15,41,22,8,6,16,103,8,198
37,8,17,40,22,8,5,13,99,34,7,19,40,20,7,3,14,94,34,6,22,44,18,7,5,16,97,36,6,16,44,20,8,6,14,95,-12,206
37,7,17,40,22,8,5,13,99,34,7,19,40,21,6,3,14,95,36,7,15,39,20,8,6,13,96,36,6,19,45,21,6,4,14,100,-4,190
37,7,17,41,22,8,5,13,99,34,7,19,40,21,6,3,14,95,33,5,15,35,22,6,6,15,88,35,5,19,43,20,9,6,13,95,-9,179
36,7,17,40,22,8,5,13,98,34,7,19,40,21,6,3,14,95,35,7,12,39,20,9,4,13,92,35,6,15,42,21,7,5,15,92,14,178
36,7,17,40,22,8,5,13,98,34,7,19,38,21,6,3,14,94,36,6,14,41,22,7,5,15,93,37,6,18,44,22,8,5,14,99,-4,178
37,7,16,40,22,8,5,13,97,34,7,19,38,21,6,3,13,94,37,6,15,39,21,7,4,14,96,38,6,17,40,21,7,4,14,101,4,186
36,7,16,40,22,8,4,12,97,34,7,19,38,21,6,3,14,94,34,3,16,37,18,6,3,13,88,37,6,17,39,22,7,6,12,98,4,170
36,7,16,40,22,8,4,12,97,33,7,19,39,21,6,3,14,94,36,3,15,38,20,10,4,14,91,35,6,17,41,21,7,5,17,94,16,186
36,7,16,40,22,8,4,12,97,33,7,18,38,21,6,3,14,93,35,4,15,40,20,7,4,15,91,35,6,18,40,19,8,5,14,95,12,182
36,7,16,40,22,9,4,12,97,33,6,18,38,21,6,3,14,93,36,6,15,40,22,7,5,14,94,37,5,18,43,22,8,5,14,98,17,189
37,7,16,40,22,8,4,12,97,33,6,18,38,21,6,3,14,93,34,6,16,40,19,8,5,14,91,36,6,16,43,22,8,4,14,97,1,195
37,7,16,40,22,8,4,12,97,33,6,18,38,21,6,3,14,93,37,3,17,42,22,8,5,13,96,37,6,21,42,23,7,5,14,102,9,201
37,7,16,40,22,8,4,12,97,33,6,18,38,21,6,3,14,93,35,5,18,45,19,5,5,13,94,37,6,16,41,20,7,4,10,97,-5,221
37,7,16,40,22,8,4,12,98,34,6,18,38,21,6,3,14,94,36,5,16,43,18,8,4,13,95,39,6,18,47,23,7,6,14,104,15,203
37,7,16,40,23,8,5,12,98,34,6,18,38,21,6,3,14,94,37,8,14,38,21,7,6,13,96,37,7,18,46,22,7,5,14,101,8,216
37,7,16,40,23,8,5,12,99,34,7,18,38,21,6,3,14,94,36,6,21,44,16,7,7,16,100,36,6,17,40,20,8,5,13,97,15,169
37,7,15,40,23,8,5,12,98,34,7,18,39,21,6,3,14,93,35,4,15,39,19,7,4,15,90,35,6,17,39,20,8,5,13,95,9,205
35,4,11,46,21,5,6,15,87,36,6,15,43,22,5,6,13,95,30,2,15,37,17,5,3,14,79,35,6,18,41,22,7,7,11,95,-17,179
35,4,14,42,21,4,6,14,89,36,6,16,43,22,6,6,13,96,33,6,19,44,18,8,4,16,93,36,5,16,40,21,8,5,14,95,-8,196
35,4,14,42,21,5,6,14,90,36,6,16,43,22,6,6,13,96,33,7,19,40,20,10,3,15,93,34,7,18,43,18,9,6,17,93,-33,189
34,4,15,41,20,5,6,14,89,37,6,17,44,22,6,6,13,98,31,3,14,39,14,8,6,14,81,38,7,16,48,24,6,5,14,101,-3,201
35,4,15,41,21,5,6,14,90,37,6,17,42,23,6,6,13,98,38,6,15,42,23,7,5,15,98,36,4,14,37,20,8,4,13,91,-31,159
34,4,15,41,20,5,6,14,87,37,6,17,43,23,6,6,13,98,36,7,16,42,19,7,4,12,96,36,6,19,38,21,5,4,12,98,-25,197
33,3,16,40,20,5,6,13,87,37,6,17,44,23,6,6,12,99,38,6,15,39,20,8,4,10,98,35,4,16,46,19,5,5,13,92,-9,187
33,4,17,40,20,5,6,13,87,37,6,17,44,23,6,6,12,99,33,6,19,42,17,8,4,14,93,34,6,17,41,19,7,5,14,93,-14,190
33,4,17,40,20,5,6,13,87,37,6,18,45,23,6,6,11,99,34,9,16,38,20,7,3,15,93,37,6,17,42,23,8,5,14,98,-3,205
33,4,18,40,20,5,6,12,88,37,6,19,43,22,6,6,12,99,32,10,15,42,20,6,4,15,90,34,5,14,41,18,8,4,12,90,16,184
33,4,18,40,20,5,6,12,89,36,6,18,44,22,6,5,12,98,36,3,17,41,21,8,5,13,93,36,7,21,41,21,7,6,13,101,-6,192
33,4,18,40,21,5,6,12,89,36,6,18,44,22,6,5,12,98,33,9,16,38,19,7,3,15,93,37,6,18,41,23,8,5,14,99,-9,157
33,3,18,40,20,5,6,12,88,36,6,18,44,22,6,5,12,98,32,5,17,41,19,6,4,15,88,34,6,20,41,19,7,5,12,95,4,210
33,3,19,40,21,5,6,12,89,36,6,18,44,22,6,5,13,98,37,5,14,39,20,8,5,11,94,34,5,17,44,19,5,5,13,92,-25,185
33,3,19,39,21,5,6,12,89,37,6,18,44,22,6,5,13,98,35,6,17,41,21,8,4,14,95,36,6,18,45,21,7,5,16,97,-20,204
33,3,19,39,21,5,6,12,89,37,6,17,44,22,6,5,12,99,34,5,15,35,23,7,6,15,89,35,5,18,43,21,9,5,14,95,-7,197
33,3,19,39,21,5,6,12,89,37,6,18,44,22,6,6,12,99,36,7,20,43,19,7,4,15,100,38,6,17,45,21,8,6,12,101,-5,171
32,3,19,38,21,5,6,12,89,37,6,18,44,22,6,5,12,98,38,6,20,43,22,8,4,13,105,39,8,16,40,23,7,6,15,104,-11,187
33,3,19,38,21,5,6,12,89,37,5,18,44,22,6,5,13,98,36,7,12,39,21,8,4,13,92,35,6,14,41,21,7,5,14,92,-20,212
33,3,19,38,21,6,6,12,89,37,6,18,44,23,6,5,13,99,35,5,15,39,17,7,6,14,92,38,6,18,44,23,7,4,13,101,-28,198
33,3,19,38,21,6,6,12,89,37,6,18,44,23,6,6,13,100,33,4,16,37,17,6,4,13,88,36,6,16,41,22,8,6,13,97,-24,194
33,3,19,37,21,5,6,12,89,37,6,18,44,23,6,5,13,100,34,5,15,36,23,7,5,14,90,34,5,19,43,20,8,5,14,93,-12,176
33,3,18,37,21,5,5,12,88,37,6,18,44,23,6,6,13,100,35,4,15,39,20,7,4,15,90,35,6,17,39,20,8,5,14,95,-8,142
32,3,18,38,20,5,6,12,88,37,5,18,44,23,6,6,13,99,38,6,14,44,22,7,5,14,97,35,4,14,39,20,8,4,13,89,-32,168
32,3,18,38,20,5,6,12,87,37,6,18,45,23,6,6,12,99,35,4,15,40,19,9,4,13,91,34,6,18,40,21,7,5,16,94,-5,165
32,3,18,37,20,5,6,12,87,37,5,18,45,23,6,6,13,98,36,5,16,42,18,8,4,14,95,40,6,18,47,23,8,6,14,105,-26,202
32,3,18,38,20,5,6,12,87,37,5,18,45,23,6,6,12,99,35,7,17,40,19,9,4,15,95,36,6,17,42,19,8,6,15,97,-20,188
35,6,21,44,15,7,4,13,97,38,6,16,43,24,7,3,15,99,31,6,22,40,17,9,3,15,91,35,6,16,40,19,7,4,15,93,4,180
34,6,22,45,15,8,4,13,96,38,5,16,45,22,7,4,15,97,38,7,22,41,23,10,4,14,106,40,7,14,43,22,7,6,17,102,-29,215
34,6,21,45,16,7,4,13,96,39,4,17,45,23,7,4,15,100,33,5,18,41,20,8,4,14,90,34,5,19,42,20,8,5,14,94,3,187
34,6,21,44,16,7,4,14,96,39,4,16,45,23,8,4,14,99,37,6,15,37,22,8,5,13,97,36,7,20,43,22,5,4,15,100,8,220
34,7,21,45,16,8,4,14,98,39,5,15,43,23,8,5,15,100,36,6,21,44,16,7,7,15,100,37,6,17,41,20,7,5,13,98,5,207
35,7,21,45,16,8,4,14,98,39,6,16,43,22,8,6,15,100,35,6,13,40,20,7,5,14,91,37,5,16,44,24,7,4,13,97,-14,182
34,7,21,44,16,8,3,14,97,39,6,15,42,23,8,6,15,100,35,3,17,40,20,8,5,13,92,36,7,21,42,21,8,6,13,101,7,199
34,6,21,45,17,7,4,14,97,39,6,15,42,23,8,6,15,100,35,7,16,44,19,7,5,13,95,35,6,19,37,20,5,4,11,95,-8,208
35,7,21,45,17,7,4,14,98,39,6,14,42,23,8,6,15,100,35,4,15,41,19,7,4,15,89,34,5,19,41,18,8,5,14,94,1,197
35,7,20,43,17,7,4,14,98,39,6,14,42,23,8,6,15,100,35,7,13,40,21,8,5,14,91,33,6,18,41,20,8,4,14,92,13,207
35,7,20,43,17,7,4,14,98,39,6,14,42,23,8,6,15,100,35,7,12,39,20,8,4,13,90,34,6,14,43,21,7,5,15,90,-7,205
35,7,19,42,17,8,4,14,98,39,6,14,42,23,8,6,15,100,36,7,15,39,20,7,6,13,96,36,6,19,46,21,7,4,14,100,-26,204
35,7,19,42,17,7,4,14,98,40,6,14,41,23,8,6,15,101,33,3,16,38,18,6,4,13,86,36,6,17,39,21,7,6,12,97,-12,236
36,7,19,42,17,7,4,14,99,40,6,14,41,23,8,6,14,102,33,5,16,35,22,6,5,15,89,35,5,19,42,20,9,5,14,95,25,215
36,7,19,42,18,8,4,14,100,40,6,14,41,23,8,6,14,102,36,6,21,43,19,7,4,14,100,37,6,17,44,21,8,6,13,99,16,214
37,7,19,42,18,8,4,14,100,40,6,14,41,23,8,6,15,102,35,3,15,38,20,10,4,14,90,34,6,16,41,21,7,5,17,93,9,229
37,7,19,43,18,8,4,14,101,40,6,14,41,23,8,5,15,102,37,3,17,40,21,8,5,13,95,37,6,21,41,22,7,6,14,102,-1,205
37,7,19,43,19,8,4,14,101,40,6,14,41,23,8,6,15,102,38,7,14,40,21,7,4,12,98,39,6,14,42,20,6,5,12,99,-5,229
38,7,18,43,19,8,4,14,102,40,6,14,41,23,8,6,15,103,33,8,16,38,19,7,3,14,92,37,6,17,41,23,8,5,14,97,-12,210
38,7,18,43,19,8,4,14,101,41,6,14,41,23,8,6,15,103,36,7,20,44,19,7,4,14,100,38,6,17,44,21,8,6,12,101,8,224
38,7,18,43,19,8,4,14,102,40,6,14,41,23,8,5,15,103,36,6,15,40,22,7,5,14,94,37,5,18,43,22,7,5,14,98,-9,209
38,6,18,43,19,8,4,14,102,40,6,15,41,23,8,6,15,103,36,8,15,43,18,7,4,11,96,34,6,19,39,19,5,5,12,96,-8,178
38,6,18,43,19,8,4,14,101,40,6,15,41,23,8,5,15,103,37,6,15,39,21,7,4,14,96,38,5,17,40,21,7,4,13,100,-17,191
37,6,18,43,19,8,4,14,101,40,6,15,41,23,8,5,15,103,34,6,16,40,19,8,4,14,92,37,7,16,43,22,7,4,13,98,1,207
38,6,18,43,19,8,4,14,101,40,7,14,41,23,8,5,15,103,38,7,14,40,22,7,4,12,100,38,6,14,42,20,6,5,13,98,-25,229
38,6,18,42,19,8,4,14,101,40,7,15,41,23,8,5,14,104,35,6,21,44,16,7,7,16,99,36,6,17,40,20,7,5,13,97,-11,195
38,6,17,42,19,8,4,14,101,40,7,15,42,23,8,6,15,104,36,5,18,45,20,5,5,13,95,38,6,15,41,21,7,4,10,98,17,209
36,4,19,50,17,9,9,13,96,30,5,16,45,15,5,6,16,82,32,10,18,41,21,6,3,15,94,35,5,18,39,20,8,3,13,94,-19,185
35,4,19,48,16,8,8,14,94,31,6,16,44,16,7,7,16,86,34,9,14,37,20,6,3,14,93,37,6,16,41,24,8,5,14,98,7,205
35,4,20,47,17,9,8,15,95,32,7,16,42,17,7,6,16,87,31,10,16,41,19,6,4,15,90,34,5,16,40,19,8,3,13,91,-4,166
34,4,20,47,16,9,8,14,93,31,7,16,42,17,7,6,17,87,35,3,18,40,21,8,5,13,93,37,7,21,43,22,8,5,14,104,5,203
35,4,19,46,17,8,8,14,95,32,7,16,42,18,6,6,17,88,38,7,21,42,23,9,4,15,106,39,8,14,41,22,8,6,16,101,-4,222
36,4,19,44,17,8,7,14,96,33,7,17,42,17,6,6,16,91,38,5,19,43,21,8,5,15,102,35,8,17,42,22,8,4,16,97,-15,195
35,4,19,43,17,8,7,14,95,33,6,18,42,17,6,6,16,92,33,9,16,36,20,7,3,14,93,38,6,17,41,24,8,5,14,99,5,181
35,4,19,43,17,8,7,14,95,33,6,18,42,17,6,6,17,92,34,4,13,38,18,5,5,14,86,39,6,16,44,22,8,5,12,101,35,181
35,4,20,43,17,8,7,14,96,33,6,17,40,17,6,6,17,90,34,4,15,41,19,8,4,15,88,34,6,19,40,18,8,5,14,94,9,225
36,4,20,43,17,8,7,14,98,33,6,17,40,18,6,6,17,91,37,8,16,37,21,8,6,13,99,37,7,20,45,22,6,4,15,103,24,180
36,4,20,44,17,8,7,14,98,33,6,17,41,17,6,6,16,90,35,7,12,40,20,8,4,13,90,34,6,14,44,21,7,5,15,90,-5,197
36,4,21,43,17,8,6,14,98,33,6,17,41,18,6,6,16,91,35,5,16,41,20,8,5,14,92,36,6,17,43,21,8,4,14,96,17,167
36,4,20,44,17,8,6,14,97,33,6,18,41,17,6,6,16,90,37,5,14,40,20,9,5,11,95,34,5,17,44,19,5,5,14,91,17,205
36,4,20,44,18,8,6,13,98,33,6,17,40,17,6,6,16,90,35,7,18,40,20,9,4,15,95,36,6,17,42,19,8,6,15,97,-14,190
36,4,20,44,18,8,6,13,97,33,6,18,40,17,6,6,15,91,36,7,16,43,19,7,4,12,97,34,7,19,38,20,5,4,12,96,13,191
36,5,20,43,18,7,6,13,98,33,6,17,40,17,6,6,15,91,36,6,14,40,21,7,5,15,93,37,5,17,44,22,8,5,14,98,-2,224
36,5,20,43,18,7,6,13,98,33,6,18,40,17,6,6,15,92,37,5,18,41,21,9,5,15,99,35,7,17,41,21,8,5,16,95,15,195
36,5,20,43,18,7,6,13,99,33,6,18,40,17,6,6,15,92,35,5,15,40,17,7,6,14,92,38,6,18,45,23,7,4,13,101,4,182
36,5,20,43,18,7,6,13,98,33,6,18,40,17,6,6,15,92,34,6,18,40,19,9,4,15,94,36,5,17,42,19,8,6,15,96,8,216
36,5,20,43,18,7,6,13,99,33,6,18,40,17,6,6,15,92,35,6,21,43,16,7,7,16,99,36,6,17,40,20,8,4,13,97,5,201
36,5,20,43,18,7,6,13,99,33,6,18,40,17,6,6,15,92,34,5,15,36,23,7,5,14,90,35,5,19,43,21,8,5,14,94,-14,158
36,5,20,43,17,7,6,13,98,33,6,18,40,17,6,6,15,92,33,5,16,41,19,6,4,15,89,34,5,20,40,20,7,5,12,95,5,201
36,5,20,43,17,7,6,13,98,33,6,18,40,18,6,6,15,92,34,6,18,42,19,7,3,15,94,37,6,17,42,21,8,5,13,99,19,185
36,5,20,43,18,7,6,13,98,33,6,18,40,17,6,6,15,92,36,7,20,42,20,6,4,14,100,39,6,17,43,21,8,6,12,102,23,199
36,5,20,44,18,7,6,13,99,33,6,18,40,17,6,6,15,92,37,6,17,42,22,8,4,13,97,36,6,18,44,20,7,4,15,97,9,227
36,5,21,44,18,7,6,13,99,33,6,18,40,17,6,6,15,92,37,5,13,40,20,8,5,11,93,35,5,16,43,20,5,5,13,92,-3,215
36,5,21,44,18,7,6,13,99,33,6,18,40,17,6,6,15,93,33,4,16,38,18,6,4,13,88,36,6,17,41,22,8,5,13,97,6,200
36,5,21,45,18,7,6,13,100,34,6,18,40,17,6,6,15,93,37,6,14,44,22,7,4,14,96,34,4,14,39,19,7,4,12,88,-5,179
36,8,15,41,19,8,6,14,95,39,7,15,43,24,7,8,15,101,33,7,20,41,20,9,4,15,95,33,6,18,42,17,8,6,16,91,10,172
35,8,14,41,21,8,5,15,95,38,6,15,43,23,7,7,16,97,34,9,14,37,20,6,3,14,93,37,7,16,40,24,8,5,14,99,-3,195
36,8,14,41,20,8,5,15,95,37,7,15,41,24,7,7,16,98,35,6,17,36,22,6,6,17,93,35,4,21,41,16,10,8,14,96,-3,183
35,8,14,41,21,8,4,15,94,37,6,15,40,24,7,6,16,97,34,6,14,41,20,8,5,13,90,32,6,18,40,18,8,4,14,90,3,179
35,8,14,41,22,8,4,14,94,37,6,15,40,24,7,7,16,96,37,8,16,43,20,7,5,13,99,37,6,19,38,21,5,4,12,100,7,191
35,7,14,41,22,8,5,14,94,36,6,16,40,23,7,6,16,95,33,6,16,41,19,8,4,15,90,35,6,18,45,20,8,6,15,95,-1,225
36,7,15,41,23,7,5,14,96,36,6,17,40,23,7,6,16,97,38,6,14,40,20,9,4,11,98,35,5,16,45,19,5,5,14,93,-15,183
36,7,15,42,22,7,4,14,95,36,6,17,40,23,7,6,15,97,33,6,19,42,18,8,3,14,93,34,6,17,41,19,7,5,14,93,11,185
36,7,15,42,23,7,4,14,95,36,6,17,41,22,6,6,14,96,38,5,20,43,20,8,5,15,102,35,8,18,41,22,8,4,16,97,-24,198
35,7,15,42,22,7,4,14,94,36,6,17,41,22,6,6,14,97,34,5,16,41,16,8,4,14,90,39,6,17,46,23,8,6,14,102,1,185
35,7,16,42,22,7,5,13,94,36,6,17,41,22,6,6,14,97,33,3,15,38,18,6,3,13,85,36,6,16,39,21,7,6,12,95,1,201
35,7,16,43,22,7,5,14,95,36,6,17,41,22,6,6,14,97,35,4,15,40,19,7,4,15,90,35,6,19,40,18,8,5,14,95,-5,173
34,7,17,43,21,7,5,13,94,36,6,17,42,22,6,6,14,97,33,5,16,36,21,6,6,16,89,34,5,20,43,19,9,6,13,95,-3,169
34,7,17,43,21,7,5,13,93,36,6,17,42,22,6,6,14,96,38,6,15,44,22,7,4,15,98,35,4,14,38,20,8,4,13,90,-21,203
34,7,16,42,21,7,5,13,93,36,6,16,42,23,6,6,13,97,35,3,17,40,20,8,5,13,92,36,7,21,42,21,7,6,14,101,-9,209
34,7,16,42,21,7,5,13,93,37,6,17,43,23,6,6,13,97,36,6,16,41,20,7,4,14,95,38,5,17,38,21,7,4,14,100,11,225
34,7,17,42,21,7,5,13,95,37,6,17,42,23,6,6,13,98,32,5,16,40,19,6,4,15,87,34,6,19,41,19,7,5,12,94,-8,184
34,7,17,42,21,7,4,13,94,37,6,16,43,23,6,6,13,98,35,7,12,39,20,8,4,13,91,35,6,14,42,21,7,5,14,92,-16,190
34,7,17,42,21,7,4,13,94,37,6,16,42,23,6,6,13,98,36,6,14,40,21,7,5,15,94,37,6,17,43,22,8,5,14,99,-25,191
34,7,18,41,21,7,4,13,93,37,6,16,41,23,6,6,13,98,33,4,16,37,18,6,4,13,88,37,6,16,41,22,8,5,13,97,-12,162
34,7,17,42,21,7,4,13,93,37,6,16,42,23,6,6,13,98,36,6,16,41,21,8,4,14,95,35,6,19,45,21,7,5,16,96,-37,205
34,7,17,42,21,6,4,13,92,38,6,16,42,23,6,6,13,99,38,7,14,40,21,7,4,12,99,39,6,14,42,20,6,5,12,100,-35,215
34,7,17,41,21,6,4,13,92,38,7,16,42,24,6,6,13,100,34,4,14,38,19,6,4,14,87,39,6,16,44,23,8,5,13,102,13,193
34,7,17,41,21,6,4,13,93,38,6,16,42,23,6,6,13,99,34,6,19,41,18,7,4,13,94,35,6,17,42,20,7,5,13,95,-6,202
34,7,17,41,21,6,4,13,93,38,6,16,42,23,6,6,13,99,33,10,15,41,19,6,4,14,91,35,6,15,41,20,7,4,12,93,-16,184
34,7,17,41,21,6,4,13,92,38,7,16,42,23,6,6,13,99,37,5,13,40,20,8,5,11,93,35,5,16,43,20,5,5,13,92,-16,190
34,7,17,40,21,6,4,13,92,38,7,16,42,24,7,6,13,100,34,7,18,40,19,9,4,15,95,36,6,17,42,19,8,6,15,96,8,188
34,7,17,42,21,6,4,13,92,38,7,15,42,24,7,6,13,99,35,5,15,40,18,7,6,14,91,37,6,18,44,23,7,4,13,99,-11,181
37,6,22,45,24,9,5,14,104,36,5,14,40,20,7,4,15,93,32,5,13,42,21,5,4,15,82,34,6,17,40,19,8,5,9,92,9,177
36,6,22,43,24,8,5,13,103,36,5,14,40,20,7,4,15,92,32,5,19,41,19,9,4,15,90,35,4,19,44,21,8,5,17,95,3,181
36,6,22,44,23,8,6,13,101,36,5,14,40,20,7,4,14,92,34,6,19,44,19,7,4,16,94,36,5,16,40,21,8,6,14,95,27,215
37,6,22,43,24,8,5,13,103,35,5,15,39,20,7,4,15,92,33,3,15,39,19,11,4,15,85,34,6,17,43,20,8,5,18,91,-19,173
37,6,20,42,24,8,5,13,101,36,5,14,40,20,7,4,14,92,38,6,16,40,20,9,5,11,98,36,5,16,45,19,6,5,14,94,-11,185
36,6,20,42,23,7,5,13,99,37,5,14,39,21,8,4,14,93,34,5,14,40,19,7,5,14,89,37,5,16,46,24,8,4,14,97,-9,189
36,6,20,41,23,7,5,12,99,37,5,13,39,21,7,4,14,93,34,6,19,42,18,8,4,14,94,34,6,16,42,19,7,5,14,92,10,184
36,6,19,41,23,7,5,13,98,37,5,13,39,21,7,4,14,93,38,5,19,43,21,9,5,16,100,35,8,18,43,22,8,4,16,98,-20,194
36,7,18,42,23,7,5,13,98,37,5,14,40,20,7,4,13,94,32,10,15,42,20,6,4,15,90,35,5,14,41,18,8,4,12,90,5,161
35,7,18,42,23,7,5,13,97,36,5,14,40,20,7,4,13,93,36,8,16,38,20,8,6,14,97,37,7,20,45,22,6,4,15,103,-3,167
35,6,18,42,22,7,5,13,96,36,5,14,41,20,7,5,13,92,34,6,16,42,19,7,4,14,92,35,6,18,45,21,7,5,15,96,5,193
35,6,18,43,22,7,5,13,96,36,5,14,41,20,7,4,13,92,35,6,21,43,16,7,7,16,100,37,6,16,41,21,8,4,13,97,7,187
35,6,17,42,22,7,5,13,96,35,5,15,41,20,7,5,14,92,35,5,16,39,17,7,6,14,92,38,6,18,45,24,7,4,13,102,14,190
35,7,17,42,22,7,5,13,96,36,5,14,41,19,7,5,14,92,34,5,16,34,23,6,5,15,89,35,6,19,43,21,9,5,14,96,-3,155
35,7,17,42,22,7,4,13,95,35,5,14,41,20,7,5,14,91,35,6,18,42,19,8,3,15,95,37,6,18,40,22,8,6,14,99,1,205
35,7,17,42,22,7,4,13,95,35,5,15,41,20,7,5,14,92,33,8,16,38,19,7,3,14,92,36,5,17,41,23,8,5,14,97,9,177
35,7,17,41,22,7,4,13,95,35,5,15,41,20,7,4,14,91,37,3,17,41,21,8,5,13,95,37,6,21,41,23,7,6,14,102,6,272
36,7,18,43,22,7,4,12,97,36,5,15,42,20,7,5,14,93,38,6,14,44,23,7,4,14,98,35,4,13,38,20,8,4,13,89,-21,175
36,7,17,42,22,7,4,12,96,36,5,15,42,20,7,5,13,93,34,6,18,40,20,9,4,15,94,36,6,17,42,19,8,6,15,96,10,190
36,6,17,42,22,7,5,13,96,35,5,16,41,20,7,5,14,93,33,4,14,38,19,6,4,14,86,39,6,16,44,22,8,5,13,101,27,213
36,6,17,42,22,7,4,12,97,35,5,16,41,20,7,4,14,93,33,4,16,37,18,7,4,13,88,36,6,16,41,22,7,6,13,96,5,197
36,6,17,42,23,7,4,12,97,36,5,15,41,20,7,5,14,93,33,5,16,41,19,6,4,15,89,34,6,20,40,20,7,5,12,95,-16,188
36,6,18,41,22,7,4,12,97,36,5,15,41,20,7,5,14,93,33,4,16,38,18,6,4,13,88,36,6,16,41,22,8,5,13,97,32,200
36,6,18,42,23,7,4,12,98,36,5,15,41,19,7,4,14,93,34,5,16,36,23,7,5,14,91,34,6,18,42,20,8,5,14,94,5,189
36,6,18,42,23,7,4,12,98,36,5,15,41,19,7,4,14,93,34,7,17,40,19,8,4,15,95,36,6,17,43,19,7,6,15,96,-1,225
36,7,18,42,23,7,4,12,98,36,5,15,41,19,7,4,14,94,36,7,15,41,18,8,4,12,95,34,6,19,39,20,5,5,13,95,7,211
36,7,17,42,23,7,4,12,98,36,5,15,41,19,7,4,14,94,36,7,14,40,21,8,5,13,94,35,7,18,42,21,8,4,13,96,17,195
34,3,13,40,16,9,9,15,86,35,6,14,47,21,8,4,17,90,38,6,15,42,20,9,4,12,98,34,5,16,43,18,7,4,13,91,-13,193
35,3,13,42,16,8,8,15,86,35,6,15,45,21,9,4,15,92,36,6,12,41,20,6,4,14,92,41,4,15,40,22,6,5,12,103,-8,220
35,3,14,42,16,8,8,15,89,36,6,17,44,21,8,5,15,95,33,6,22,41,15,5,6,13,97,37,3,16,42,19,5,4,12,94,3,207
35,3,16,43,16,8,8,15,91,36,5,17,44,20,8,5,15,96,38,7,21,39,22,10,4,13,104,39,6,14,42,21,7,6,17,100,-4,212
36,4,16,43,18,8,8,15,92,36,6,18,44,21,8,5,16,97,34,6,17,37,22,6,6,17,93,36,5,23,41,16,10,9,14,100,-6,194
36,4,16,42,17,8,8,15,93,36,6,18,43,21,8,4,16,98,36,4,13,40,20,6,4,14,91,40,6,18,44,22,8,4,12,104,17,167
36,4,16,42,18,8,8,15,92,36,5,18,42,20,8,5,16,96,38,6,16,43,22,7,5,16,98,35,5,15,36,20,8,4,13,92,-10,186
36,4,15,43,18,9,8,15,92,35,5,18,42,20,8,5,16,96,36,7,17,42,18,6,5,11,96,37,5,21,40,20,5,4,12,102,-26,188
35,4,15,42,18,9,8,15,91,36,6,17,42,21,8,5,17,97,32,5,15,40,19,6,4,15,85,34,6,18,41,20,7,5,11,94,3,219
36,4,16,42,18,9,8,15,93,36,6,18,43,21,8,5,17,97,33,7,18,40,20,9,4,15,92,34,6,18,42,18,8,6,16,92,-14,200
36,4,16,42,17,8,8,15,93,36,6,19,43,21,8,5,16,98,38,5,18,42,21,9,5,16,100,36,9,18,44,22,9,5,16,99,-17,195
36,4,16,42,18,8,7,15,92,36,6,19,42,21,8,5,16,98,34,5,16,42,17,7,4,14,91,39,6,17,46,23,8,6,13,102,-8,222
36,4,16,42,18,8,7,15,93,37,6,19,43,21,8,5,16,99,32,10,15,41,20,6,4,15,90,34,5,14,41,18,8,4,13,90,-7,197
36,4,16,41,18,8,7,15,93,36,6,19,43,21,8,5,16,99,34,6,18,43,18,7,4,16,93,37,6,18,38,21,8,5,13,99,3,199
36,4,16,42,18,8,7,15,94,36,6,19,43,20,8,5,15,99,35,7,15,38,20,8,6,13,94,37,6,19,46,21,6,4,14,100,-20,220
36,4,16,43,18,8,7,15,94,37,7,19,43,21,8,5,15,100,34,4,16,45,18,5,4,13,90,36,6,16,42,20,7,4,10,95,5,207
36,4,16,43,19,8,7,15,94,37,7,19,44,21,8,5,15,100,34,5,16,40,20,8,5,14,91,35,6,17,43,21,8,5,14,95,-11,209
37,4,16,43,18,8,6,14,95,37,7,19,44,21,8,5,15,101,33,6,20,42,18,8,4,13,93,34,6,17,43,20,7,5,14,94,-2,168
36,4,16,42,18,8,6,14,94,36,7,19,43,20,8,5,15,100,35,7,12,39,20,8,4,13,92,35,6,14,42,21,7,5,14,92,-3,187
36,4,16,41,18,8,6,14,94,36,7,19,43,20,8,5,15,100,34,4,16,37,18,6,4,13,89,37,6,17,41,22,7,6,13,98,-2,156
36,4,15,42,18,8,6,14,93,36,6,19,43,20,8,5,15,99,37,5,13,41,20,8,5,11,94,34,5,17,44,19,5,5,13,91,21,173
36,4,15,42,19,8,6,14,93,36,6,19,43,20,8,5,15,98,36,6,16,42,22,8,4,14,96,35,6,18,44,20,7,4,15,96,-14,210
36,5,15,42,19,8,6,14,94,36,6,19,43,20,8,4,15,99,34,6,19,42,18,8,4,13,94,35,6,17,42,20,7,5,13,95,-13,205
36,5,15,42,19,8,6,14,94,36,6,19,42,20,8,5,15,99,33,10,15,41,19,6,4,14,92,35,6,15,41,20,7,4,12,93,8,178
36,4,15,42,19,8,6,14,94,36,6,18,42,20,8,5,15,98,34,6,18,42,19,7,3,15,94,37,6,17,42,21,8,5,13,99,-9,187
36,4,15,42,19,8,6,14,93,36,6,19,42,20,8,4,15,98,37,6,16,42,22,8,4,13,97,35,6,18,44,20,7,4,15,96,9,233
37,5,15,42,19,8,6,14,94,36,6,19,42,20,8,4,14,99,34,4,14,38,19,6,4,14,86,39,6,16,44,23,8,5,13,102,28,174
37,4,14,42,19,8,6,14,94,36,6,19,42,20,8,4,15,98,37,5,17,41,20,8,5,15,97,35,7,17,41,21,8,4,15,95,34,174
39,6,19,41,22,7,5,11,104,35,5,17,41,17,5,4,16,94,32,4,16,41,14,8,4,15,85,41,5,16,47,23,9,6,14,104,12,190
39,6,18,42,22,7,5,12,104,35,5,17,40,18,6,4,15,93,34,3,13,38,18,12,4,15,85,34,6,15,42,20,8,6,18,90,13,181
38,6,19,43,22,7,5,13,103,35,5,17,40,18,6,3,15,92,34,6,14,40,19,7,5,14,89,36,5,17,46,24,8,4,14,94,38,180
39,6,19,44,22,8,5,13,104,34,5,16,40,18,6,3,15,90,34,4,13,38,18,6,5,14,86,39,6,16,44,22,8,5,13,102,44,180
39,6,19,45,22,9,5,13,104,33,5,16,39,18,6,4,16,88,39,7,21,42,23,9,4,15,107,39,7,14,42,22,8,6,16,100,20,214
40,7,18,43,23,9,5,13,105,33,5,16,40,18,6,4,16,89,34,6,22,44,16,7,7,15,98,36,6,17,41,20,7,5,13,96,-4,218
40,7,18,44,23,9,5,13,105,34,5,16,41,18,6,4,16,90,37,6,14,40,20,7,4,14,95,39,4,17,41,20,6,4,13,100,-7,199
39,7,18,42,23,9,5,14,105,35,5,16,41,18,7,4,16,91,33,4,14,39,17,8,7,14,87,37,6,17,47,24,7,4,14,100,-15,233
39,7,18,41,23,9,5,13,105,35,5,16,41,18,7,4,16,93,36,7,17,44,20,7,4,12,97,35,5,20,37,20,5,4,11,97,-3,145
39,7,18,41,22,9,5,13,103,35,5,16,41,18,7,5,16,92,36,7,12,40,20,8,4,13,92,34,6,14,43,21,6,5,15,89,20,174
38,7,17,42,22,8,5,13,102,35,5,15,41,18,7,4,16,91,37,7,14,39,21,7,4,12,96,38,6,13,42,20,6,5,12,97,40,234
39,7,18,41,23,8,5,13,104,35,5,16,40,18,7,4,15,92,38,5,20,43,21,8,5,15,102,35,8,18,41,21,8,4,16,96,-14,200
39,7,17,41,23,8,5,13,104,35,5,16,40,18,7,4,15,92,34,6,21,43,18,7,4,15,97,37,5,16,44,21,8,6,13,96,-12,232
39,7,18,41,22,8,5,13,104,35,6,17,40,18,7,4,15,94,35,4,15,41,20,7,4,15,90,34,5,19,41,18,8,5,14,95,12,160
39,7,18,41,22,8,5,13,103,35,5,16,40,18,7,4,15,93,35,6,17,41,21,8,4,14,94,36,6,18,45,21,7,5,15,97,-29,203
38,7,18,41,22,8,5,13,102,35,6,16,40,19,7,4,15,94,36,3,15,38,20,10,4,14,91,35,6,17,41,21,8,5,17,94,4,190
38,7,18,41,22,8,5,13,102,35,5,16,40,19,7,4,15,94,36,8,15,38,20,7,6,13,96,37,6,19,46,21,6,4,14,99,3,177
37,7,18,41,22,8,5,13,102,35,6,16,40,19,7,4,15,94,35,6,21,43,16,7,7,16,99,37,6,16,41,21,8,4,13,97,-14,204
37,7,18,40,21,8,5,13,101,36,6,16,40,19,7,4,15,94,35,4,15,40,21,7,4,15,91,35,6,18,39,19,8,5,14,94,6,192
37,7,18,40,22,8,5,13,101,36,6,16,40,18,7,4,15,94,36,7,20,44,19,7,4,14,100,38,6,17,44,21,8,6,12,101,13,225
38,7,18,40,22,8,5,13,102,36,6,16,40,18,7,4,14,94,37,3,17,42,21,8,5,13,96,37,6,21,42,23,7,5,14,102,-5,199
38,8,18,40,22,8,5,13,102,36,5,16,40,18,7,4,14,95,33,8,16,39,20,7,4,14,92,37,5,16,41,23,8,5,14,97,13,189
38,8,17,40,22,8,5,13,102,36,5,16,40,18,7,4,14,94,37,6,15,39,21,7,4,14,96,38,5,17,40,21,7,4,14,100,-5,183
37,8,17,40,21,8,5,13,101,36,6,16,40,18,7,4,14,94,36,8,14,38,21,7,6,13,96,37,6,18,46,22,6,5,14,100,8,228
37,8,18,41,21,8,5,13,102,36,6,16,40,19,7,4,14,95,35,7,14,39,21,8,5,14,93,35,6,17,42,21,8,4,13,95,-3,191
37,8,18,41,21,8,5,13,101,36,6,16,40,19,7,4,14,95,37,3,17,41,22,8,5,13,96,37,6,21,41,22,7,5,13,102,-21,203
32,6,17,37,22,5,5,13,88,33,4,13,40,16,8,3,11,84,38,7,15,43,24,6,4,16,100,36,6,15,35,20,9,4,13,95,-9,167
32,6,16,36,22,5,4,12,87,33,4,14,41,17,7,3,11,85,33,6,23,41,16,4,6,13,97,37,3,16,42,19,5,4,11,95,-9,185
32,6,15,38,21,5,4,13,87,33,5,14,40,16,8,3,11,87,32,4,14,42,21,4,4,15,83,34,6,17,40,19,8,5,9,92,23,169
32,6,16,38,21,5,4,12,88,32,4,14,40,15,7,3,12,85,35,6,13,39,19,6,5,13,91,37,5,18,48,24,7,3,13,98,-8,150
32,6,15,38,21,5,4,13,86,32,4,14,40,16,7,4,13,84,34,11,18,41,22,6,3,14,99,35,6,18,38,19,7,2,13,95,31,143
32,5,15,38,21,6,5,13,86,30,4,15,40,15,7,4,14,81,32,6,19,42,18,8,4,15,92,34,6,17,42,19,7,5,14,92,7,181
33,5,15,39,21,6,5,13,87,30,4,16,40,15,7,4,14,82,34,6,18,42,19,7,4,16,93,37,6,16,38,21,8,5,14,97,-1,175
33,5,15,39,21,6,5,13,87,30,4,16,40,15,8,4,14,82,32,5,15,41,20,6,4,15,86,34,6,18,42,19,8,5,11,93,36,164
33,6,14,39,21,6,5,13,88,30,4,15,40,15,7,4,14,81,33,7,18,41,20,9,4,16,92,34,6,18,42,18,8,6,16,92,2,180
33,6,15,39,21,6,5,13,88,30,4,16,39,15,8,4,14,81,34,3,14,39,19,11,4,15,87,34,6,16,41,20,8,6,17,91,18,178
33,6,15,39,22,6,5,14,89,30,4,15,40,15,7,4,14,81,33,4,13,39,18,6,5,14,85,39,6,16,45,22,8,5,13,102,10,178
34,6,14,39,22,6,5,13,89,30,4,15,39,15,7,4,13,81,34,4,16,44,19,4,4,12,91,36,6,17,42,20,6,4,9,97,-1,175
34,6,14,39,22,6,5,13,89,31,4,15,39,15,7,4,13,82,38,6,15,44,23,7,5,15,98,35,4,14,38,19,8,4,13,89,4,186
34,6,14,39,22,6,5,13,89,31,4,15,40,15,7,4,13,82,33,3,14,38,18,6,3,14,84,36,7,16,40,21,7,6,12,96,-10,186
34,5,14,39,22,6,5,13,89,31,4,16,40,15,7,4,13,83,34,6,17,41,19,8,4,14,91,35,6,18,45,21,8,5,15,96,6,198
34,5,14,40,22,6,5,13,90,31,4,16,41,16,7,4,13,84,34,9,16,38,20,7,4,14,93,36,6,18,42,23,8,5,14,98,13,201
35,5,14,39,23,6,5,13,90,32,4,16,41,16,7,4,13,84,33,7,18,40,19,9,3,15,93,35,5,17,42,18,8,6,16,93,4,226
35,5,14,40,23,6,5,13,91,32,4,16,41,16,7,4,14,85,36,6,14,40,21,7,4,14,94,38,5,17,40,21,7,4,14,99,5,189
35,5,15,39,23,6,5,13,92,32,4,16,42,16,7,3,14,86,34,5,16,40,21,8,5,14,91,35,6,18,43,21,7,5,15,95,18,190
35,5,15,39,23,7,5,13,92,32,4,16,42,16,7,4,14,86,36,5,15,39,17,7,6,14,93,38,6,18,44,23,7,4,13,101,12,164
35,5,15,39,23,7,5,13,92,32,4,16,42,16,7,4,14,85,38,3,17,42,21,8,5,13,97,37,6,21,43,23,7,5,14,103,12,176
35,5,15,39,23,7,5,13,92,32,4,16,42,16,7,4,14,85,37,5,18,40,20,9,5,14,99,35,7,17,41,21,8,4,16,96,19,163
35,5,15,40,23,7,5,13,92,32,4,16,43,16,7,4,14,85,38,7,14,40,22,7,4,12,100,39,6,14,41,20,6,5,12,99,-1,173
35,5,15,40,23,7,5,13,92,32,4,16,43,16,7,4,14,85,37,5,13,41,20,8,5,11,93,34,5,17,44,19,6,5,13,92,24,182
35,5,15,39,23,7,5,13,92,32,4,16,43,16,7,4,14,84,36,7,13,39,21,8,4,13,93,35,6,14,41,21,7,5,14,92,2,174
36,5,15,40,23,7,5,13,92,32,4,16,42,16,7,4,14,84,33,10,15,41,19,6,4,14,92,35,6,15,41,20,7,4,12,92,4,200
36,5,15,39,23,7,5,13,92,32,4,16,42,16,7,4,14,85,37,5,18,40,20,8,5,14,98,35,7,17,41,21,8,4,15,95,12,144
35,5,15,39,23,7,5,13,92,32,4,15,42,16,7,4,15,84,37,6,17,42,22,8,4,13,98,36,6,19,44,21,7,4,15,97,13,161
40,3,18,44,18,8,5,13,102,32,9,19,40,16,7,5,16,94,34,3,13,44,19,7,3,16,86,33,6,17,38,20,8,4,13,90,9,207
39,3,20,44,18,8,5,12,103,32,8,20,41,16,6,5,15,94,38,6,15,43,23,6,4,15,98,36,6,15,35,20,9,4,12,93,16,188
40,3,18,44,18,8,5,13,102,32,7,20,40,16,7,5,16,93,31,4,16,41,14,8,4,15,84,40,5,16,47,23,9,5,14,101,33,223
41,3,18,45,19,9,5,13,106,33,7,20,40,16,7,5,16,93,37,6,12,37,21,6,3,11,94,40,7,13,42,20,6,6,12,102,-10,156
40,3,18,43,18,9,5,13,102,33,7,18,40,17,7,5,16,92,39,7,21,42,23,10,4,14,108,39,7,14,42,22,7,6,17,101,3,197
39,4,19,44,18,9,5,14,102,33,7,18,40,17,7,5,17,93,37,6,12,39,21,6,3,12,93,39,7,13,42,19,7,5,12,99,-5,173
38,4,19,43,18,9,5,13,100,33,7,18,41,17,7,5,17,92,33,6,23,43,18,8,4,15,98,36,5,16,44,20,8,6,14,94,5,165
38,4,18,45,18,9,5,14,99,33,7,18,41,17,7,5,17,91,33,6,19,42,18,8,4,14,93,34,6,16,42,19,7,5,14,92,6,190
38,3,19,44,18,9,5,13,99,32,7,18,42,16,7,5,16,91,35,3,18,40,21,7,5,13,93,37,7,21,42,22,8,5,13,104,-10,186
37,3,19,44,18,9,5,14,98,33,6,18,41,17,7,5,16,92,37,7,14,41,21,7,4,14,96,38,5,17,39,21,7,4,14,100,10,176
37,3,19,43,18,9,5,14,97,33,6,18,40,17,7,5,16,91,38,7,21,42,22,9,4,14,105,39,8,14,40,23,8,6,16,102,1,205
37,3,18,43,18,9,5,14,98,33,6,17,40,17,7,5,16,92,37,8,15,37,21,8,6,14,98,37,8,20,44,23,6,3,16,103,1,207
37,3,19,43,18,9,5,14,98,33,7,17,39,17,8,5,16,92,38,5,14,40,20,8,4,10,96,35,5,16,45,19,5,5,13,92,13,165
37,4,19,44,18,9,6,14,98,33,7,17,39,17,7,5,16,91,35,6,14,41,21,9,5,14,91,33,6,17,41,20,9,4,14,90,11,181
37,3,19,44,18,9,6,14,97,33,6,16,39,17,7,5,16,91,33,3,15,38,18,6,4,13,86,36,6,17,41,21,7,6,12,96,17,183
37,4,19,42,18,9,6,14,98,33,6,17,39,17,7,5,16,91,34,4,17,44,18,5,5,13,91,36,6,16,42,20,7,4,10,96,-5,227
38,3,18,43,19,9,5,14,98,33,6,17,40,17,7,5,16,92,32,5,16,41,20,6,4,14,87,34,6,19,41,19,7,5,11,94,-4,224
38,3,19,43,19,9,6,14,99,34,6,18,40,17,7,5,16,93,35,5,15,39,17,7,6,14,92,38,7,17,44,24,7,4,13,102,5,189
37,3,19,43,19,9,5,14,99,34,6,18,40,17,7,5,16,93,36,7,20,44,20,7,4,15,101,39,6,17,43,21,8,6,12,102,7,179
37,3,19,43,19,9,6,14,98,34,6,17,40,17,7,5,16,92,36,8,15,38,21,7,6,12,96,37,6,19,46,22,6,4,14,100,4,192
37,3,19,43,19,9,6,14,98,34,6,17,40,17,7,5,16,92,35,7,14,39,21,8,5,14,92,35,6,17,42,20,8,4,13,95,5,183
37,4,19,43,19,9,6,14,98,34,6,17,39,17,7,5,16,92,36,7,15,43,18,7,4,12,96,34,6,19,39,19,5,5,12,96,9,179
37,4,19,43,19,9,5,14,98,34,6,17,40,17,7,5,16,92,37,6,15,40,22,7,5,14,96,37,5,18,43,22,7,5,14,98,11,197
37,4,19,43,19,9,5,14,98,34,6,16,39,17,7,5,15,92,37,3,17,42,22,8,5,13,96,37,6,21,42,23,7,5,13,102,5,201
37,4,19,43,19,9,5,14,98,34,6,16,39,17,7,5,15,92,35,4,15,39,20,7,4,14,90,35,6,18,40,20,8,5,13,94,12,194
37,4,19,43,19,9,6,14,98,34,6,17,39,17,7,5,16,92,35,6,16,39,19,7,4,14,93,38,7,15,42,23,7,4,13,99,4,182
37,4,19,42,19,9,6,13,98,34,6,17,39,17,7,5,16,92,34,6,18,42,18,7,3,15,93,38,6,17,41,22,8,6,13,100,8,210
37,4,19,42,19,9,6,13,99,34,6,17,39,17,7,5,16,92,33,10,15,41,19,6,4,13,92,36,5,15,41,20,7,4,12,94,12,164
36,4,17,46,23,5,5,16,96,33,5,12,36,20,10,3,12,85,34,6,19,44,18,8,5,16,93,36,6,16,41,20,7,6,14,95,5,189
36,4,17,45,24,6,5,16,96,33,5,13,37,20,10,3,12,86,33,5,16,40,19,10,5,14,89,33,8,18,38,18,8,3,17,93,3,143
36,4,17,45,23,6,5,16,93,33,5,12,38,20,9,3,12,84,32,6,21,41,17,9,4,15,91,34,6,16,42,19,7,4,15,92,-2,194
35,4,18,44,23,6,5,15,94,33,6,12,39,20,9,3,13,86,34,4,14,39,18,6,5,14,87,39,6,17,45,22,8,5,13,102,33,179
36,5,17,45,23,6,5,15,95,33,5,12,38,20,8,3,12,85,36,7,12,41,21,7,4,13,93,34,6,14,42,21,6,5,14,89,8,164
36,5,16,45,23,6,5,15,94,33,5,12,39,19,9,3,12,84,36,6,13,41,21,7,5,15,92,36,6,17,44,22,8,4,14,97,12,210
36,5,16,45,23,6,5,15,95,33,6,12,39,20,9,3,12,85,34,5,17,41,20,9,5,14,91,34,5,18,42,20,8,5,15,93,11,195
36,5,16,46,23,6,5,15,96,33,6,12,39,20,9,3,13,86,34,6,22,44,19,7,4,15,98,36,6,16,43,20,8,6,13,95,19,189
37,5,16,46,23,6,5,15,96,33,6,12,39,20,9,3,13,86,34,5,17,42,17,8,4,14,92,39,6,17,46,23,8,6,14,103,8,222
37,5,17,45,23,6,5,15,97,34,6,11,39,20,9,3,12,87,38,5,20,42,21,8,5,15,102,35,7,18,41,21,8,4,15,96,10,176
37,5,17,46,23,6,5,15,97,34,6,11,39,20,9,3,12,86,33,5,15,36,21,6,5,16,87,35,5,19,43,20,9,6,13,95,3,191
37,5,17,45,23,6,5,15,97,34,6,11,38,21,9,3,12,87,36,7,21,43,19,7,4,14,100,38,6,17,44,21,8,6,13,99,5,189
37,5,17,45,23,6,5,15,97,34,6,11,39,21,9,3,12,87,36,3,17,40,21,8,5,13,94,37,6,21,41,22,7,6,13,102,-4,202
36,5,17,45,23,6,5,15,97,35,6,11,40,21,9,3,12,88,34,5,16,40,19,8,5,14,91,36,6,16,43,21,8,4,14,97,7,199
37,5,17,46,24,6,5,15,97,35,6,12,38,21,9,3,12,88,35,3,15,38,20,10,4,14,91,35,6,17,41,21,7,5,16,94,-6,198
36,5,18,46,23,6,5,15,97,35,6,11,38,21,9,3,12,89,35,6,21,43,16,7,7,16,99,37,6,16,39,20,8,4,13,97,-9,195
36,5,18,45,23,6,5,15,97,35,6,12,39,21,9,4,12,89,35,4,15,39,20,7,4,15,91,35,6,18,39,20,8,5,13,95,3,173
36,5,18,45,23,6,5,15,96,35,6,11,40,21,9,4,12,89,36,7,15,38,20,7,6,13,95,36,6,19,46,21,7,4,14,99,8,232
36,5,18,45,23,6,5,15,97,36,6,11,39,21,9,4,11,90,33,8,16,40,20,7,4,14,92,37,5,17,41,23,8,5,14,97,4,178
36,5,17,45,24,6,5,15,97,36,6,11,39,22,9,4,11,90,36,6,15,39,21,7,4,14,95,38,6,17,40,21,7,4,13,100,-5,219
36,5,18,45,24,6,5,15,97,36,6,12,38,22,9,4,11,90,38,6,19,41,22,8,4,14,104,39,8,16,40,23,7,6,14,103,6,200
36,5,18,45,24,6,5,15,98,36,6,11,39,22,9,3,11,91,35,7,13,40,21,8,5,14,93,35,6,17,42,21,8,4,13,95,4,220
37,5,18,45,24,6,5,15,98,36,6,12,38,21,9,3,11,91,38,7,15,40,21,7,4,12,99,38,6,14,42,20,6,5,12,99,-21,203
37,5,18,45,24,6,5,15,98,37,6,11,38,22,9,4,11,92,35,6,21,44,16,7,7,16,99,36,6,17,40,20,7,5,13,97,8,220
34,6,14,41,19,7,6,14,90,28,8,23,43,16,7,3,13,89,31,7,20,40,18,9,3,15,90,35,6,15,41,20,8,5,15,93,-5,185
34,5,15,40,19,7,5,14,90,29,7,25,41,16,7,3,14,90,33,5,18,41,20,9,4,14,89,35,4,19,44,20,8,5,16,94,-10,178
33,5,16,40,19,7,6,14,89,29,7,24,44,16,7,3,14,91,36,7,13,41,21,8,4,13,92,34,6,15,42,22,7,5,14,90,-23,177
32,5,16,40,19,7,5,14,87,31,7,23,43,17,7,3,14,92,33,4,14,39,17,8,7,14,85,38,7,17,46,24,7,4,14,101,17,195
33,5,16,42,20,7,6,14,89,31,7,22,42,16,7,4,14,91,33,6,16,40,19,8,3,15,89,35,5,19,45,19,8,6,16,94,-6,204
34,5,16,41,21,7,5,14,90,31,7,22,42,17,7,5,14,93,35,6,16,36,22,6,5,16,93,35,5,20,40,18,9,7,14,96,12,160
34,5,16,41,21,7,5,14,90,31,7,22,41,17,7,5,14,91,34,4,16,44,18,4,5,12,90,36,6,16,42,20,6,4,9,96,-2,186
34,5,16,41,21,7,5,14,90,31,7,21,41,17,7,4,14,91,34,7,18,41,19,9,4,15,93,34,6,18,42,18,8,6,16,93,-3,177
34,5,15,41,21,8,5,14,90,31,7,21,40,17,7,4,14,91,37,6,13,40,21,7,4,12,94,38,6,13,42,19,6,5,12,96,-7,219
35,5,15,40,22,7,5,14,91,32,7,21,41,18,7,4,14,93,33,4,13,38,18,6,5,14,85,39,6,15,44,23,8,5,13,102,-7,189
35,5,15,41,21,8,5,14,91,32,7,21,41,18,6,4,14,93,33,3,15,39,18,6,3,13,85,36,7,17,40,21,7,6,12,96,10,196
35,4,15,41,22,7,5,14,91,32,6,21,41,18,6,4,14,93,35,3,14,39,19,10,4,14,88,34,6,17,41,21,8,6,17,92,-3,201
35,5,15,41,22,7,5,14,92,33,6,21,40,18,7,4,14,93,36,7,16,38,20,8,6,13,95,37,7,19,46,21,6,4,14,101,8,158
35,4,16,41,22,7,5,14,91,32,6,20,39,18,7,4,14,92,32,10,15,42,20,6,4,15,90,35,5,14,41,18,8,4,12,90,-4,180
35,5,16,41,22,7,5,14,91,32,6,20,40,18,6,4,13,92,36,6,15,41,20,7,4,15,94,38,5,17,39,21,7,4,14,99,18,214
35,5,16,41,22,7,5,14,92,32,6,21,40,18,6,4,14,93,34,6,17,41,19,8,4,14,92,36,6,18,45,21,8,5,16,97,-6,204
35,5,16,41,22,7,5,14,93,32,6,21,39,19,6,4,13,93,38,6,14,44,23,7,4,14,98,35,4,14,38,20,8,4,13,89,-12,176
35,4,15,41,22,7,5,13,92,33,6,21,39,19,6,4,13,93,34,6,18,40,19,9,4,15,95,36,6,17,42,19,8,6,15,96,17,175
36,4,16,41,22,7,5,13,92,32,6,20,39,19,6,4,14,93,32,10,15,42,20,6,4,15,91,35,5,15,41,19,7,4,12,92,-16,218
35,5,16,41,22,7,5,13,93,33,6,20,39,19,6,4,14,94,39,6,20,43,22,8,4,14,105,39,8,15,40,23,7,6,15,104,9,201
35,5,16,41,22,7,5,13,93,33,6,20,39,19,6,4,13,94,37,5,18,41,20,9,5,15,99,35,7,17,42,21,8,4,16,96,-12,214
36,5,16,40,22,7,5,13,93,33,6,20,39,19,6,4,13,94,35,5,15,40,17,7,6,14,92,37,6,18,44,23,7,4,13,101,7,191
36,5,16,40,22,7,5,13,94,33,6,20,39,19,6,4,13,94,34,4,14,38,19,6,4,14,86,39,6,16,44,22,8,5,13,102,5,179
36,5,16,40,23,7,4,13,94,33,6,20,39,19,6,4,13,94,34,6,18,42,18,7,3,15,93,38,6,16,40,22,8,6,13,99,-4,164
35,5,16,41,22,7,4,13,93,33,6,20,39,19,6,4,13,94,37,5,14,41,20,8,5,11,93,34,5,17,43,19,6,5,13,92,-18,168
35,5,16,41,22,7,4,13,92,33,6,20,39,20,6,4,13,94,34,5,15,36,23,7,5,14,91,34,5,19,43,20,8,5,14,94,5,163
35,5,16,41,22,6,4,13,92,33,6,20,39,20,6,4,13,93,36,7,13,39,21,8,4,13,93,35,6,14,42,21,7,4,14,92,-22,196
35,5,16,41,22,6,4,13,92,33,6,20,39,20,6,4,12,94,33,8,16,39,20,7,3,14,92,37,5,17,42,23,8,5,14,97,31,165
41,6,14,46,23,9,6,12,104,31,2,13,41,17,7,3,16,79,33,5,14,38,19,8,3,15,87,36,5,19,46,22,8,6,17,96,12,176
40,7,13,45,23,10,6,11,102,32,2,12,42,16,7,4,16,79,37,7,22,37,22,11,4,13,104,39,7,14,41,21,7,6,18,100,-4,212
41,6,13,45,23,9,5,11,102,33,3,12,42,17,7,4,15,83,36,7,14,42,20,8,4,12,93,33,6,15,41,20,6,6,15,89,14,166
40,6,14,46,23,9,5,11,101,33,3,12,41,18,7,3,15,82,31,4,14,38,15,8,7,13,82,38,8,16,48,24,5,5,15,100,20,186
40,6,13,46,24,9,5,10,101,33,3,12,41,17,6,3,14,82,34,9,15,37,20,7,3,13,92,37,7,16,41,25,8,5,14,99,-7,187
40,6,13,44,23,9,5,11,100,33,4,12,41,18,6,3,15,84,35,4,14,39,19,6,5,14,89,39,6,17,45,22,8,5,13,103,17,161
39,6,13,45,23,9,4,11,99,33,4,12,40,17,6,3,14,83,32,3,14,37,17,6,4,14,82,35,6,16,41,20,7,6,13,94,21,169
39,6,13,44,23,9,4,10,98,32,3,12,41,17,5,3,14,82,32,10,17,41,20,6,4,15,92,35,5,17,40,18,8,3,13,93,5,143
38,6,13,45,23,8,4,10,96,32,4,12,41,17,5,3,14,81,37,6,17,43,22,7,5,16,98,36,5,15,37,20,8,4,13,92,16,180
38,6,13,44,23,9,4,10,97,32,4,12,41,17,5,3,14,81,38,4,20,42,21,9,5,17,101,36,8,19,44,23,9,5,18,101,-20,178
38,6,13,44,23,8,4,10,95,32,4,12,42,17,5,3,14,82,34,4,17,42,18,4,5,12,91,36,6,18,44,20,6,4,9,97,5,185
38,6,12,43,23,8,4,9,95,32,4,12,42,18,5,3,14,82,37,6,12,39,21,6,4,12,93,38,6,14,41,19,7,5,12,98,-10,190
38,6,12,44,23,8,4,9,95,33,4,13,42,18,5,4,13,83,36,7,17,42,20,7,5,13,98,37,6,19,38,21,5,5,12,100,-1,155
37,6,12,43,23,8,4,9,94,33,4,12,43,18,5,3,13,83,35,6,14,41,21,9,5,14,92,33,6,18,41,20,8,4,15,91,-7,157
37,5,12,44,23,8,4,9,93,32,4,13,43,18,5,3,13,83,36,6,21,43,16,7,7,16,100,37,6,17,41,21,8,5,13,97,-4,180
37,5,12,44,23,8,4,9,93,32,4,13,44,17,5,3,13,83,36,7,16,38,20,8,6,13,96,37,6,20,45,21,6,4,15,101,22,188
37,5,12,44,22,8,4,9,93,32,4,13,44,17,5,3,13,83,38,6,15,43,23,8,4,14,98,35,4,14,38,20,8,4,13,90,-5,187
37,5,12,44,23,8,4,9,93,33,4,13,44,18,5,4,13,84,33,6,16,36,21,6,5,16,89,34,5,20,42,19,9,6,13,95,32,174
37,5,12,44,23,8,4,9,93,32,4,13,43,17,5,4,13,83,36,3,17,41,21,8,5,13,93,36,6,21,40,21,7,6,14,101,13,195
37,5,13,44,23,8,4,9,94,32,4,13,43,17,5,4,13,84,38,6,19,41,20,9,5,14,101,35,7,18,41,21,8,5,16,97,-6,162
37,5,12,45,23,8,4,9,93,33,4,13,43,18,5,4,13,84,35,7,18,40,20,9,4,15,95,36,6,17,42,19,8,6,15,96,-3,161
37,5,12,45,22,8,4,9,93,32,4,13,43,17,5,4,13,84,34,5,15,35,23,7,6,15,89,35,5,18,43,20,9,5,14,95,13,185
37,5,12,45,23,8,4,9,93,32,4,13,42,18,5,4,13,84,35,6,18,43,18,8,3,15,95,37,6,17,40,22,8,6,13,99,18,188
37,5,12,45,23,8,4,9,93,32,4,14,42,18,5,4,13,84,36,7,12,39,21,8,4,13,92,35,6,14,41,21,7,5,14,92,5,185
37,5,12,45,23,8,4,9,93,32,4,14,42,18,5,4,13,84,33,5,17,40,19,6,4,15,89,34,5,20,40,20,8,5,12,96,-21,177
37,5,12,43,23,7,4,9,93,33,4,14,42,18,5,4,13,84,33,10,15,40,20,6,4,14,92,35,6,15,42,20,7,4,12,93,-6,170
37,5,12,43,23,7,4,9,92,32,4,14,42,18,5,4,13,84,33,8,16,40,20,7,3,14,92,37,6,16,42,23,8,5,14,97,-6,184
37,5,12,43,22,7,5,9,92,32,4,14,43,18,5,4,12,85,34,6,20,42,18,7,4,13,95,35,6,17,42,21,7,5,13,95,-5,199
31,8,21,40,19,7,5,16,92,39,9,16,39,25,9,5,13,104,34,6,23,41,15,6,6,14,97,36,4,18,44,18,6,4,13,95,-10,158
30,7,20,40,18,7,5,16,89,38,8,16,41,23,9,6,14,100,36,4,14,40,20,5,4,14,91,40,6,19,44,22,9,4,12,105,10,184
31,7,19,42,18,7,5,15,90,37,8,15,40,22,9,6,14,98,32,5,15,42,20,6,4,15,86,34,6,19,42,20,8,5,11,95,-21,167
31,7,18,41,18,6,4,15,88,37,7,15,39,21,9,6,13,98,31,3,14,39,17,6,3,14,81,36,7,16,40,21,8,6,12,96,3,195
31,7,18,41,18,6,4,15,89,37,7,15,38,21,8,5,13,98,33,6,23,42,17,8,4,15,97,35,5,16,44,19,8,6,14,93,-3,213
32,7,18,41,19,6,4,15,91,37,7,16,40,21,8,5,13,99,38,6,16,43,22,7,5,16,98,36,4,14,37,20,8,4,12,93,-21,195
32,7,18,40,19,6,4,14,90,37,7,16,40,22,8,5,13,99,32,3,14,38,17,6,3,14,82,36,7,16,40,21,7,6,12,96,-7,191
32,7,18,40,19,6,4,14,90,37,6,17,40,22,8,5,13,99,37,6,13,40,21,6,4,12,93,38,6,13,42,19,7,5,12,97,-14,192
32,7,17,40,19,6,4,14,90,38,6,16,40,23,8,5,13,100,34,3,14,39,18,11,4,15,86,34,6,17,42,20,8,6,17,91,-5,205
32,7,17,40,20,6,4,14,91,38,6,16,39,23,8,5,13,100,34,6,17,41,19,8,4,15,91,35,6,18,45,21,8,6,16,96,-7,177
32,7,17,40,19,6,4,14,90,38,6,16,41,22,8,4,13,99,31,10,16,42,19,6,4,15,89,35,5,15,41,19,8,4,12,90,-17,199
33,7,17,40,19,6,4,14,90,38,7,16,41,23,8,4,13,100,36,7,16,44,19,7,5,12,95,34,6,19,39,19,5,4,12,95,1,201
33,7,17,39,19,7,4,14,91,38,7,16,41,22,8,4,13,100,35,6,16,41,20,7,4,15,94,38,5,17,39,21,7,4,14,100,-6,218
33,7,17,39,19,6,4,14,92,38,7,16,40,23,8,4,13,100,34,6,17,41,20,8,4,14,93,36,6,18,45,21,8,5,16,97,-6,204
33,7,17,39,19,6,4,14,92,38,7,15,39,23,8,4,13,101,32,6,16,41,19,6,4,14,87,34,6,20,40,19,7,4,11,94,14,182
33,7,17,40,19,7,4,14,92,38,7,15,39,23,8,4,13,100,35,4,15,40,20,7,4,15,90,35,5,19,40,19,8,5,14,95,-8,196
34,7,17,40,19,7,4,14,92,38,7,15,39,23,8,4,13,100,34,6,18,42,19,8,3,15,94,37,6,17,40,22,8,6,14,99,-5,205
34,7,17,39,19,6,4,14,93,38,7,15,41,23,7,4,13,100,35,5,15,39,17,7,6,14,92,38,6,18,44,24,7,4,13,102,-19,197
33,7,17,40,19,7,4,14,93,38,7,16,41,23,8,4,12,100,33,4,13,38,19,6,5,14,85,39,6,16,45,22,8,6,13,101,13,191
34,7,17,40,19,7,4,14,93,38,7,16,41,23,8,4,13,100,37,3,17,41,21,8,5,13,96,37,6,21,42,23,7,6,14,104,-21,189
33,7,17,40,19,7,4,14,93,38,6,16,41,23,8,4,13,100,33,6,20,42,18,8,4,13,94,34,6,17,43,20,7,5,14,94,16,184
34,7,17,40,19,7,4,14,93,38,6,15,41,23,8,4,13,99,35,5,15,40,17,7,6,14,92,37,6,18,44,23,7,4,13,100,12,208
34,7,17,40,20,7,4,14,93,38,6,15,41,23,7,4,13,99,34,6,18,42,18,7,3,15,93,37,6,16,41,21,8,6,13,98,5,239
34,7,17,40,20,7,4,14,94,38,7,15,41,23,7,4,13,100,37,4,13,40,19,8,5,11,92,34,5,17,43,20,6,5,13,92,-19,195
34,7,17,40,20,7,4,14,94,38,6,16,41,23,7,4,13,100,34,5,15,36,23,7,5,14,90,34,5,19,43,20,8,5,14,94,-12,176
34,7,17,40,20,7,4,14,94,38,6,16,41,23,7,4,13,100,37,5,18,41,20,9,5,14,98,35,7,17,42,21,8,4,15,95,-3,199
34,7,17,40,20,7,4,14,94,38,6,16,41,23,7,4,13,100,34,7,18,40,19,8,4,15,94,36,6,17,42,19,8,6,15,96,-9,199
34,7,17,40,19,7,4,14,94,38,7,16,41,23,7,4,13,100,37,5,13,41,21,8,5,11,94,35,5,16,43,20,6,5,13,92,-18,192
